State,County,LACCESS_SENIORS15
AL,Autauga,2180.809285
AL,Baldwin,5580.66279
AL,Barbour,824.1752624
AL,Bibb,137.6882309
AL,Blount,505.9142824
AL,Bullock,566.5393544
AL,Butler,254.7681402
AL,Calhoun,4455.312468
AL,Chambers,1266.433475
AL,Cherokee,13.77900349
AL,Chilton,246.4547517
AL,Choctaw,452.8804652
AL,Clarke,842.5925592
AL,Clay,109.3991982
AL,Cleburne,112.0748496
AL,Coffee,1103.329245
AL,Colbert,1868.019982
AL,Conecuh,749.7020029
AL,Coosa,564.9494347
AL,Covington,728.613374
AL,Crenshaw,758.593092
AL,Cullman,1015.570676
AL,Dale,1364.677324
AL,Dallas,1246.919871
AL,DeKalb,258.2532407
AL,Elmore,1533.079912
AL,Escambia,843.729216
AL,Etowah,4543.736213
AL,Fayette,71.38033756
AL,Franklin,496.7614257
AL,Geneva,93.38329902
AL,Greene,475.5195007
AL,Hale,294.9883486
AL,Henry,175.0371023
AL,Houston,2481.792342
AL,Jackson,652.2841802
AL,Jefferson,25970.64624
AL,Lamar,37.98387996
AL,Lauderdale,2026.38679
AL,Lawrence,249.2459613
AL,Lee,2684.66457
AL,Limestone,1421.280344
AL,Lowndes,354.5811705
AL,Macon,1056.148068
AL,Madison,9827.749177
AL,Marengo,837.0627511
AL,Marion,367.8656876
AL,Marshall,1321.664777
AL,Mobile,13686.04782
AL,Monroe,938.620741
AL,Montgomery,6843.530965
AL,Morgan,2186.843207
AL,Perry,217.6382582
AL,Pickens,98.17733732
AL,Pike,497.6718258
AL,Randolph,525.1357038
AL,Russell,929.2611072
AL,St. Clair,597.6681726
AL,Shelby,5195.247904
AL,Sumter,404.3782018
AL,Talladega,1555.479288
AL,Tallapoosa,690.1461704
AL,Tuscaloosa,3919.3507
AL,Walker,1162.076273
AL,Washington,229.4978916
AL,Wilcox,746.6462012
AL,Winston,263.0160919
AK,Aleutians East,97.99999907
AK,Aleutians West,76.21187723
AK,Anchorage,5427.888248
AK,Bethel,764.0721545
AK,Bristol Bay,83.00000021
AK,Denali,137.0000001
AK,Dillingham,187.0000006
AK,Fairbanks North Star,1863.709458
AK,Haines,58.28279315
AK,Hoonah-Angoon,286.999999
AK,Juneau,713.6300101
AK,Kenai Peninsula,1281.299694
AK,Ketchikan Gateway,105.9073589
AK,Kodiak Island,97.30710718
AK,Lake and Peninsula,125.2018202
AK,Matanuska-Susitna,1917.929194
AK,Nome,322.8693289
AK,North Slope,229.0737555
AK,Northwest Arctic,245.9509862
AK,Petersburg,14.7214776
AK,Prince of Wales-Hyder,195.1334414
AK,Sitka,162.8967856
AK,Skagway,0.70064373
AK,Southeast Fairbanks,374.7371892
AK,Valdez-Cordova,379.5504999
AK,Wade Hampton,271.9999993
AK,Wrangell,70.54157463
AK,Yakutat,64.00000075
AK,Yukon-Koyukuk,568.9999992
AZ,Apache,5992.641511
AZ,Cochise,10314.61039
AZ,Coconino,4642.268737
AZ,Gila,3846.810431
AZ,Graham,1357.564542
AZ,Greenlee,686.1574574
AZ,La Paz,4301.447382
AZ,Maricopa,86014.56148
AZ,Mohave,21605.4891
AZ,Navajo,4524.221562
AZ,Pima,42727.21948
AZ,Pinal,17843.59391
AZ,Santa Cruz,1808.001457
AZ,Yavapai,16969.9576
AZ,Yuma,7548.44558
AR,Arkansas,1104.003955
AR,Ashley,748.3975656
AR,Baxter,1375.530348
AR,Benton,4800.336241
AR,Boone,1711.160119
AR,Bradley,245.5570815
AR,Calhoun,652.7918148
AR,Carroll,319.6781274
AR,Chicot,1423.96965
AR,Clark,1154.316068
AR,Clay,400.4072373
AR,Cleburne,414.5304072
AR,Cleveland,319.3594559
AR,Columbia,560.4487986
AR,Conway,614.8939358
AR,Craighead,1519.161374
AR,Crawford,1219.317325
AR,Crittenden,658.1773029
AR,Cross,382.9045351
AR,Dallas,594.514172
AR,Desha,691.7279188
AR,Drew,607.406803
AR,Faulkner,1483.054535
AR,Franklin,134.0257892
AR,Fulton,491.2392066
AR,Garland,6556.116739
AR,Grant,303.2156274
AR,Greene,1342.469246
AR,Hempstead,1100.224702
AR,Hot Spring,925.1236046
AR,Howard,1021.059444
AR,Independence,839.3985409
AR,Izard,33.75615758
AR,Jackson,498.6676506
AR,Jefferson,2310.966956
AR,Johnson,266.7889677
AR,Lafayette,284.531094
AR,Lawrence,888.9700152
AR,Lee,559.0660224
AR,Lincoln,235.4173278
AR,Little River,307.6770204
AR,Logan,303.9160885
AR,Lonoke,1375.226777
AR,Madison,654.3829474
AR,Marion,547.3825808
AR,Miller,2049.519348
AR,Mississippi,659.6617472
AR,Monroe,205.2903905
AR,Montgomery,456.5382394
AR,Nevada,547.2966641
AR,Newton,719.7908621
AR,Ouachita,1156.132917
AR,Perry,280.2366199
AR,Phillips,1797.003341
AR,Pike,520.3609458
AR,Poinsett,1226.221665
AR,Polk,1354.514938
AR,Pope,945.4997412
AR,Prairie,649.7448402
AR,Pulaski,11195.56874
AR,Randolph,1056.025387
AR,St. Francis,946.7917808
AR,Saline,3729.593131
AR,Scott,392.5690452
AR,Searcy,542.054193
AR,Sebastian,1712.304459
AR,Sevier,534.4517169
AR,Sharp,1186.959355
AR,Stone,582.7028458
AR,Union,1795.441774
AR,Van Buren,348.8732391
AR,Washington,2373.277922
AR,White,1324.64408
AR,Woodruff,79.11526071
AR,Yell,611.2439601
CA,Alameda,12620.95096
CA,Alpine,89.07594565
CA,Amador,689.345242
CA,Butte,9265.650123
CA,Calaveras,742.1831902
CA,Colusa,355.9079088
CA,Contra Costa,30905.66168
CA,Del Norte,1295.285649
CA,El Dorado,6849.891436
CA,Fresno,7910.702282
CA,Glenn,375.2024705
CA,Humboldt,3113.089054
CA,Imperial,2908.389008
CA,Inyo,1521.58348
CA,Kern,11329.67332
CA,Kings,1264.664505
CA,Lake,2285.217508
CA,Lassen,1279.302831
CA,Los Angeles,81045.2097
CA,Madera,2532.550826
CA,Marin,6082.168036
CA,Mariposa,434.1001533
CA,Mendocino,2125.49133
CA,Merced,3574.163388
CA,Modoc,582.7528725
CA,Mono,944.5148757
CA,Monterey,6619.120394
CA,Napa,3432.82091
CA,Nevada,5447.608131
CA,Orange,27462.66383
CA,Placer,9584.227707
CA,Plumas,316.6832916
CA,Riverside,57464.45977
CA,Sacramento,22468.87732
CA,San Benito,1168.692408
CA,San Bernardino,42276.4225
CA,San Diego,54397.45818
CA,San Francisco,138.2628069
CA,San Joaquin,7876.862152
CA,San Luis Obispo,7480.926083
CA,San Mateo,10981.35162
CA,Santa Barbara,9066.680017
CA,Santa Clara,18408.38603
CA,Santa Cruz,4065.898373
CA,Shasta,7461.357492
CA,Sierra,594.8069042
CA,Siskiyou,1863.318555
CA,Solano,6829.765204
CA,Sonoma,12120.38194
CA,Stanislaus,5815.998428
CA,Sutter,3791.888653
CA,Tehama,2189.49783
CA,Trinity,535.1545069
CA,Tulare,5441.24887
CA,Tuolumne,3075.552722
CA,Ventura,17163.86203
CA,Yolo,1622.667428
CA,Yuba,1181.457761
CO,Adams,5270.136758
CO,Alamosa,122.92319
CO,Arapahoe,6301.200547
CO,Archuleta,607.3303686
CO,Baca,197.0624937
CO,Bent,181.1765722
CO,Boulder,4629.065607
CO,Broomfield,1634.689814
CO,Chaffee,455.4320458
CO,Cheyenne,106.3763431
CO,Clear Creek,157.7775153
CO,Conejos,86.9200902
CO,Costilla,806.9999998
CO,Crowley,100.3907825
CO,Custer,261.6081196
CO,Delta,448.0274351
CO,Denver,4969.869238
CO,Dolores,387.9999981
CO,Douglas,3694.519316
CO,Eagle,480.9152353
CO,Elbert,696.3709433
CO,El Paso,15098.57493
CO,Fremont,3054.194454
CO,Garfield,531.7028683
CO,Gilpin,0
CO,Grand,39.45427073
CO,Gunnison,306.3781744
CO,Hinsdale,19.23201418
CO,Huerfano,588.2387615
CO,Jackson,82.54760804
CO,Jefferson,13283.54611
CO,Kiowa,300.0000015
CO,Kit Carson,172.6180529
CO,Lake,130.4721074
CO,La Plata,938.4614705
CO,Larimer,8020.990121
CO,Las Animas,1126.563672
CO,Lincoln,276.2994952
CO,Logan,674.3571201
CO,Mesa,6371.496683
CO,Mineral,24.77135778
CO,Moffat,365.1213491
CO,Montezuma,498.7600184
CO,Montrose,1350.332846
CO,Morgan,327.0204381
CO,Otero,1079.60384
CO,Ouray,51.97205265
CO,Park,1147.607087
CO,Phillips,34.96474865
CO,Pitkin,185.183388
CO,Prowers,482.6555795
CO,Pueblo,8659.995124
CO,Rio Blanco,93.81884409
CO,Rio Grande,337.0143121
CO,Routt,395.0744983
CO,Saguache,211.5232391
CO,San Juan,85.91686493
CO,San Miguel,64.00423472
CO,Sedgwick,100.8220758
CO,Summit,385.7816461
CO,Teller,348.1857519
CO,Washington,436.7908941
CO,Weld,3945.694032
CO,Yuma,323.9744872
CT,Fairfield,41087.9242
CT,Hartford,41562.80128
CT,Litchfield,5009.386282
CT,Middlesex,8083.233885
CT,New Haven,39526.47717
CT,New London,14978.26062
CT,Tolland,6396.336383
CT,Windham,2562.915099
DE,Kent,3815.353663
DE,New Castle,15207.1744
DE,Sussex,6827.91697
DC,District of Columbia,1881.052365
FL,Alachua,4026.628164
FL,Baker,917.1458775
FL,Bay,7574.043024
FL,Bradford,276.9567702
FL,Brevard,42232.57745
FL,Broward,22845.29808
FL,Calhoun,328.3504106
FL,Charlotte,22594.77954
FL,Citrus,14388.64727
FL,Clay,5287.540875
FL,Collier,28989.96879
FL,Columbia,1660.8065
FL,DeSoto,495.8481745
FL,Dixie,424.2556384
FL,Duval,21725.07526
FL,Escambia,15126.94422
FL,Flagler,7990.115377
FL,Franklin,53.58049841
FL,Gadsden,527.8611505
FL,Gilchrist,22.00037833
FL,Glades,1399.042675
FL,Gulf,594.6815893
FL,Hamilton,589.466038
FL,Hardee,1317.115379
FL,Hendry,781.8822929
FL,Hernando,17226.32928
FL,Highlands,10393.41204
FL,Hillsborough,33909.38559
FL,Holmes,508.0426925
FL,Indian River,17008.74959
FL,Jackson,406.9321405
FL,Jefferson,393.5720458
FL,Lafayette,111.5485367
FL,Lake,20980.42366
FL,Lee,37629.94724
FL,Leon,8701.510508
FL,Levy,685.211259
FL,Liberty,269.466914
FL,Madison,712.2455942
FL,Manatee,19896.24349
FL,Marion,24431.16275
FL,Martin,14453.94891
FL,Miami-Dade,16397.69837
FL,Monroe,4007.722065
FL,Nassau,3257.401847
FL,Okaloosa,8321.037496
FL,Okeechobee,2768.616135
FL,Orange,21512.70513
FL,Osceola,6229.480544
FL,Palm Beach,46936.53784
FL,Pasco,22090.42151
FL,Pinellas,26064.04983
FL,Polk,37116.50505
FL,Putnam,3078.828994
FL,St. Johns,8249.978822
FL,St. Lucie,20954.08298
FL,Santa Rosa,7601.60736
FL,Sarasota,35277.029
FL,Seminole,12732.91223
FL,Sumter,6281.869056
FL,Suwannee,1913.244847
FL,Taylor,1490.228168
FL,Union,410.1158335
FL,Volusia,36051.92391
FL,Wakulla,88.03622908
FL,Walton,1183.248097
FL,Washington,1317.896642
GA,Appling,553.8696426
GA,Atkinson,242.4911937
GA,Bacon,191.5307697
GA,Baker,417.0540044
GA,Baldwin,1086.280713
GA,Banks,61.80041915
GA,Barrow,663.8834849
GA,Bartow,3267.261046
GA,Ben Hill,575.543144
GA,Berrien,509.4311974
GA,Bibb,5292.328144
GA,Bleckley,143.3720167
GA,Brantley,129.5062877
GA,Brooks,191.0940764
GA,Bryan,527.8444641
GA,Bulloch,527.7884938
GA,Burke,244.8068906
GA,Butts,91.21364454
GA,Calhoun,134.2937925
GA,Camden,1764.227843
GA,Candler,41.5977663
GA,Carroll,1914.399255
GA,Catoosa,3092.135335
GA,Charlton,311.0541047
GA,Chatham,8514.248181
GA,Chattahoochee,405.7059258
GA,Chattooga,178.7934654
GA,Cherokee,5161.753781
GA,Clarke,2798.64965
GA,Clay,451.3865461
GA,Clayton,7340.119647
GA,Clinch,106.6197711
GA,Cobb,23771.18395
GA,Coffee,772.2886386
GA,Colquitt,1277.362059
GA,Columbia,1978.556305
GA,Cook,285.2569583
GA,Coweta,3349.758979
GA,Crawford,14.72981204
GA,Crisp,275.2542061
GA,Dade,156.5541155
GA,Dawson,9.352680192
GA,Decatur,533.1459685
GA,DeKalb,14840.68633
GA,Dodge,87.90666242
GA,Dooly,48.5934953
GA,Dougherty,4299.147121
GA,Douglas,3842.290203
GA,Early,183.5631522
GA,Echols,25.0963193
GA,Effingham,773.7627197
GA,Elbert,767.2534813
GA,Emanuel,928.5363352
GA,Evans,103.248237
GA,Fannin,59.57002012
GA,Fayette,4406.556695
GA,Floyd,2909.62035
GA,Forsyth,3914.029952
GA,Franklin,34.26070064
GA,Fulton,20892.96034
GA,Gilmer,324.6890339
GA,Glascock,370.8154167
GA,Glynn,3514.140493
GA,Gordon,929.023727
GA,Grady,428.678436
GA,Greene,99.54398194
GA,Gwinnett,17678.33255
GA,Habersham,897.386281
GA,Hall,5288.503468
GA,Hancock,185.3018086
GA,Haralson,181.879096
GA,Harris,24.0842725
GA,Hart,608.9758558
GA,Heard,115.4646381
GA,Henry,6311.969126
GA,Houston,5255.583329
GA,Irwin,98.08517283
GA,Jackson,337.2910182
GA,Jasper,392.5599966
GA,Jeff Davis,247.4843136
GA,Jefferson,77.88539891
GA,Jenkins,65.54237041
GA,Johnson,139.9986253
GA,Jones,283.8817687
GA,Lamar,212.6480994
GA,Lanier,24.22953841
GA,Laurens,738.8087966
GA,Lee,337.0664678
GA,Liberty,1064.577509
GA,Lincoln,105.4772549
GA,Long,121.0331846
GA,Lowndes,2121.477202
GA,Lumpkin,43.76657296
GA,McDuffie,225.4324255
GA,McIntosh,227.2870811
GA,Macon,178.9440918
GA,Madison,121.5064671
GA,Marion,0.407853724
GA,Meriwether,135.898209
GA,Miller,39.02633234
GA,Mitchell,212.187169
GA,Monroe,249.4942565
GA,Montgomery,212.9441653
GA,Morgan,556.5469773
GA,Murray,577.7222366
GA,Muscogee,5635.56762
GA,Newton,2107.017199
GA,Oconee,1054.348578
GA,Oglethorpe,110.5278736
GA,Paulding,2431.854901
GA,Peach,596.8960207
GA,Pickens,220.0811266
GA,Pierce,311.7083147
GA,Pike,0.289337982
GA,Polk,709.189963
GA,Pulaski,236.6727509
GA,Putnam,122.117525
GA,Quitman,189.7115548
GA,Rabun,21.9073826
GA,Randolph,344.6864743
GA,Richmond,7483.011931
GA,Rockdale,3452.389463
GA,Schley,5.459051089
GA,Screven,441.9578204
GA,Seminole,90.60920379
GA,Spalding,1351.197975
GA,Stephens,564.7035005
GA,Stewart,129.9567669
GA,Sumter,1054.332018
GA,Talbot,265.2966245
GA,Taliaferro,244.1306984
GA,Tattnall,162.8325682
GA,Taylor,36.98259961
GA,Telfair,66.76715871
GA,Terrell,72.28449112
GA,Thomas,1826.568516
GA,Tift,536.1748477
GA,Toombs,612.1139383
GA,Towns,0.088448468
GA,Treutlen,34.96264981
GA,Troup,1197.940241
GA,Turner,73.38379176
GA,Twiggs,3.258350372
GA,Union,72.200271
GA,Upson,1133.032255
GA,Walker,2723.549072
GA,Walton,1389.094453
GA,Ware,2538.085067
GA,Warren,21.61583595
GA,Washington,720.7835788
GA,Wayne,1140.108953
GA,Webster,4.276092639
GA,Wheeler,58.44925615
GA,White,
GA,Whitfield,2239.113782
GA,Wilcox,17.25673657
GA,Wilkes,370.741412
GA,Wilkinson,386.1696489
GA,Worth,240.4167069
HI,Hawaii,10761.44655
HI,Honolulu,27030.83067
HI,Kalawao,0
HI,Kauai,3732.499377
HI,Maui,5131.208811
ID,Ada,7192.379019
ID,Adams,107.6617271
ID,Bannock,2841.622573
ID,Bear Lake,323.9115053
ID,Benewah,483.6783244
ID,Bingham,1077.095442
ID,Blaine,505.288187
ID,Boise,746.0119233
ID,Bonner,1492.096266
ID,Bonneville,1961.225031
ID,Boundary,252.3044467
ID,Butte,77.4006166
ID,Camas,177.9999988
ID,Canyon,4031.116705
ID,Caribou,329.3571017
ID,Cassia,942.9513669
ID,Clark,129.0000003
ID,Clearwater,348.1192211
ID,Custer,395.8199462
ID,Elmore,541.332716
ID,Franklin,137.4309394
ID,Fremont,355.977257
ID,Gem,1107.207389
ID,Gooding,23.85575655
ID,Idaho,1167.822891
ID,Jefferson,264.0302962
ID,Jerome,568.9042004
ID,Kootenai,5226.718214
ID,Latah,636.8607686
ID,Lemhi,651.3380942
ID,Lewis,362.8804725
ID,Lincoln,558.7338576
ID,Madison,282.5661681
ID,Minidoka,437.0844745
ID,Nez Perce,1331.766178
ID,Oneida,77.54455537
ID,Owyhee,364.3334731
ID,Payette,772.8110559
ID,Power,140.1691127
ID,Shoshone,241.9892661
ID,Teton,61.09519932
ID,Twin Falls,508.6805156
ID,Valley,298.0531669
ID,Washington,538.6037218
IL,Adams,1839.844389
IL,Alexander,263.2702367
IL,Bond,245.5374476
IL,Boone,1144.221377
IL,Brown,86.18021356
IL,Bureau,2470.689307
IL,Calhoun,125.4484941
IL,Carroll,587.1302008
IL,Cass,259.5227843
IL,Champaign,3222.675908
IL,Christian,563.2177123
IL,Clark,279.493937
IL,Clay,324.8408368
IL,Clinton,600.8183983
IL,Coles,1500.07745
IL,Cook,51870.32432
IL,Crawford,248.6563828
IL,Cumberland,
IL,DeKalb,2197.058668
IL,De Witt,85.70659745
IL,Douglas,384.3222359
IL,DuPage,23535.01993
IL,Edgar,1384.054011
IL,Edwards,200.7737812
IL,Effingham,962.3157145
IL,Fayette,1273.719658
IL,Ford,462.9053174
IL,Franklin,816.8978787
IL,Fulton,1073.658984
IL,Gallatin,868.1049816
IL,Greene,280.6851866
IL,Grundy,991.2809409
IL,Hamilton,198.2363998
IL,Hancock,1400.61006
IL,Hardin,152.1505244
IL,Henderson,12.89923173
IL,Henry,1559.89357
IL,Iroquois,1177.109368
IL,Jackson,1806.511569
IL,Jasper,265.8689217
IL,Jefferson,1344.26833
IL,Jersey,698.9025171
IL,Jo Daviess,903.9441541
IL,Johnson,257.9094242
IL,Kane,9022.811687
IL,Kankakee,1874.752521
IL,Kendall,1707.735533
IL,Knox,1493.6957
IL,Lake,25715.48771
IL,LaSalle,3636.483486
IL,Lawrence,405.4378573
IL,Lee,560.1628848
IL,Livingston,598.3169344
IL,Logan,1483.927938
IL,McDonough,602.5812531
IL,McHenry,10461.33248
IL,McLean,3687.453215
IL,Macon,5419.447276
IL,Macoupin,1255.186341
IL,Madison,13595.01175
IL,Marion,1828.052655
IL,Marshall,430.4211616
IL,Mason,726.6833024
IL,Massac,377.5052241
IL,Menard,86.25252272
IL,Mercer,708.4657014
IL,Monroe,1272.436018
IL,Montgomery,1526.045224
IL,Morgan,2041.0081
IL,Moultrie,95.778751
IL,Ogle,1107.583322
IL,Peoria,7189.219456
IL,Perry,765.463847
IL,Piatt,76.94606614
IL,Pike,559.7902174
IL,Pope,259.6358597
IL,Pulaski,267.6560467
IL,Putnam,183.5909696
IL,Randolph,698.27646
IL,Richland,206.0085777
IL,Rock Island,3572.216925
IL,St. Clair,10549.88088
IL,Saline,1755.741203
IL,Sangamon,6664.623035
IL,Schuyler,204.5597719
IL,Scott,38.64049164
IL,Shelby,1145.093033
IL,Stark,310.1715404
IL,Stephenson,1206.830262
IL,Tazewell,9346.343543
IL,Union,474.6458179
IL,Vermilion,2075.670501
IL,Wabash,197.521527
IL,Warren,188.2049561
IL,Washington,285.6293237
IL,Wayne,604.5460546
IL,White,968.2556276
IL,Whiteside,2581.977149
IL,Will,18633.87275
IL,Williamson,1400.463534
IL,Winnebago,9754.134875
IL,Woodford,667.9059592
IN,Adams,717.3755194
IN,Allen,13327.3951
IN,Bartholomew,2679.716304
IN,Benton,26.08573602
IN,Blackford,39.29017704
IN,Boone,569.059154
IN,Brown,62.19488467
IN,Carroll,171.6880532
IN,Cass,267.5581047
IN,Clark,3165.057249
IN,Clay,154.1652552
IN,Clinton,112.6468061
IN,Crawford,296.1716821
IN,Daviess,328.1226717
IN,Dearborn,1782.947404
IN,Decatur,654.0814268
IN,DeKalb,1274.751373
IN,Delaware,4597.961971
IN,Dubois,286.3462884
IN,Elkhart,4472.790291
IN,Fayette,983.1323396
IN,Floyd,2665.56632
IN,Fountain,635.844941
IN,Franklin,229.9585175
IN,Fulton,515.6702533
IN,Gibson,234.9801134
IN,Grant,1734.480638
IN,Greene,498.5322675
IN,Hamilton,7792.996439
IN,Hancock,2408.45686
IN,Harrison,289.5063167
IN,Hendricks,4459.340218
IN,Henry,448.5683415
IN,Howard,3588.683179
IN,Huntington,1338.43447
IN,Jackson,907.6254395
IN,Jasper,347.3577814
IN,Jay,653.4136577
IN,Jefferson,912.6651129
IN,Jennings,981.0849126
IN,Johnson,5103.010247
IN,Knox,2005.173152
IN,Kosciusko,1818.269557
IN,LaGrange,16.42349615
IN,Lake,18913.20692
IN,LaPorte,3797.664612
IN,Lawrence,848.1867653
IN,Madison,5554.051307
IN,Marion,21654.39368
IN,Marshall,1091.31281
IN,Martin,33.03771517
IN,Miami,1134.968488
IN,Monroe,1907.027522
IN,Montgomery,921.241671
IN,Morgan,1288.090925
IN,Newton,408.20924
IN,Noble,222.5601028
IN,Ohio,
IN,Orange,386.8950028
IN,Owen,19.96973425
IN,Parke,435.2462958
IN,Perry,648.8839843
IN,Pike,183.7253632
IN,Porter,6206.859077
IN,Posey,925.3193336
IN,Pulaski,57.66437873
IN,Putnam,208.3064237
IN,Randolph,653.6033192
IN,Ripley,100.4142102
IN,Rush,105.7197147
IN,St. Joseph,11897.08319
IN,Scott,142.5141472
IN,Shelby,1000.622246
IN,Spencer,0
IN,Starke,152.4435295
IN,Steuben,848.237647
IN,Sullivan,177.5688636
IN,Switzerland,70.06007476
IN,Tippecanoe,2722.229626
IN,Tipton,520.6505141
IN,Union,
IN,Vanderburgh,5176.366682
IN,Vermillion,440.1506349
IN,Vigo,5035.285015
IN,Wabash,348.7973375
IN,Warren,67.70966398
IN,Warrick,2283.542268
IN,Washington,372.9747688
IN,Wayne,1716.226095
IN,Wells,526.7812909
IN,White,750.0016684
IN,Whitley,186.3056408
IA,Adair,104.0146239
IA,Adams,59.68859984
IA,Allamakee,255.120874
IA,Appanoose,371.4629381
IA,Audubon,121.8568558
IA,Benton,591.7183461
IA,Black Hawk,4187.767008
IA,Boone,570.1675145
IA,Bremer,355.4604637
IA,Buchanan,775.4074361
IA,Buena Vista,356.4794264
IA,Butler,1456.727482
IA,Calhoun,74.60271145
IA,Carroll,273.508601
IA,Cass,809.5024974
IA,Cedar,667.2307329
IA,Cerro Gordo,1251.444051
IA,Cherokee,183.8263229
IA,Chickasaw,368.2861172
IA,Clarke,126.7239908
IA,Clay,381.4089454
IA,Clayton,142.6674838
IA,Clinton,1845.071303
IA,Crawford,772.6581826
IA,Dallas,353.5358965
IA,Davis,176.1310357
IA,Decatur,184.1671609
IA,Delaware,359.4287057
IA,Des Moines,2030.375991
IA,Dickinson,845.1580264
IA,Dubuque,3485.386141
IA,Emmet,621.4571423
IA,Fayette,251.3419903
IA,Floyd,545.329374
IA,Franklin,411.5025764
IA,Fremont,1088.846642
IA,Greene,353.8271141
IA,Grundy,291.8776198
IA,Guthrie,233.4283807
IA,Hamilton,627.0816946
IA,Hancock,352.7421764
IA,Hardin,579.3995072
IA,Harrison,539.8317476
IA,Henry,1019.259609
IA,Howard,704.8128601
IA,Humboldt,299.2582499
IA,Ida,10.73876622
IA,Iowa,506.7478695
IA,Jackson,784.6186239
IA,Jasper,1053.260933
IA,Jefferson,304.12256
IA,Johnson,2143.548966
IA,Jones,736.1799566
IA,Keokuk,481.7889311
IA,Kossuth,2006.859022
IA,Lee,1096.272146
IA,Linn,5870.261135
IA,Louisa,13.20454977
IA,Lucas,419.4523914
IA,Lyon,333.8723254
IA,Madison,329.629731
IA,Mahaska,941.048461
IA,Marion,667.2635706
IA,Marshall,1291.883273
IA,Mills,252.0365383
IA,Mitchell,434.6077238
IA,Monona,291.415663
IA,Monroe,440.2283175
IA,Montgomery,449.0721792
IA,Muscatine,1254.135804
IA,O'Brien,801.5404972
IA,Osceola,213.8465752
IA,Page,546.5473491
IA,Palo Alto,457.784021
IA,Plymouth,98.38007671
IA,Pocahontas,246.1877631
IA,Polk,6466.300476
IA,Pottawattamie,4353.434842
IA,Poweshiek,676.5004912
IA,Ringgold,167.8465705
IA,Sac,787.8604711
IA,Scott,2451.034294
IA,Shelby,673.0009906
IA,Sioux,168.4056983
IA,Story,1538.748129
IA,Tama,575.2785764
IA,Taylor,42.5578479
IA,Union,525.7675219
IA,Van Buren,739.5364998
IA,Wapello,2071.199565
IA,Warren,924.817624
IA,Washington,298.6344019
IA,Wayne,569.1942984
IA,Webster,1413.549798
IA,Winnebago,486.9837683
IA,Winneshiek,480.8469606
IA,Woodbury,3654.847257
IA,Worth,99.61106125
IA,Wright,218.5364967
KS,Allen,951.4015349
KS,Anderson,331.2959937
KS,Atchison,466.6242441
KS,Barber,126.4512087
KS,Barton,1006.931432
KS,Bourbon,644.8937325
KS,Brown,163.1765881
KS,Butler,2372.306027
KS,Chase,553.5533037
KS,Chautauqua,308.2526731
KS,Cherokee,454.880813
KS,Cheyenne,46.31055162
KS,Clark,486.9999973
KS,Clay,381.8964332
KS,Cloud,709.2387099
KS,Coffey,589.3410152
KS,Comanche,78.48506627
KS,Cowley,1818.475919
KS,Crawford,1463.398508
KS,Decatur,197.5409607
KS,Dickinson,218.9238764
KS,Doniphan,778.7386684
KS,Douglas,1333.291143
KS,Edwards,90.92936931
KS,Elk,697.1458612
KS,Ellis,398.2824868
KS,Ellsworth,446.7874673
KS,Finney,380.4315039
KS,Ford,856.5209751
KS,Franklin,1550.009133
KS,Geary,927.3976716
KS,Gove,273.2783172
KS,Graham,163.5300694
KS,Grant,52.76336443
KS,Gray,400.8364012
KS,Greeley,260.9999998
KS,Greenwood,708.9522127
KS,Hamilton,365.9999997
KS,Harper,344.8590378
KS,Harvey,937.3023508
KS,Haskell,456.0000014
KS,Hodgeman,125.4101881
KS,Jackson,252.6903699
KS,Jefferson,26.1121329
KS,Jewell,240.1856354
KS,Johnson,9491.852486
KS,Kearny,534.9999989
KS,Kingman,587.0900768
KS,Kiowa,479.9380963
KS,Labette,777.1604604
KS,Lane,65.83149314
KS,Leavenworth,1737.36227
KS,Lincoln,196.9672783
KS,Linn,232.8126884
KS,Logan,89.25882685
KS,Lyon,807.7557861
KS,McPherson,1291.832066
KS,Marion,576.0757342
KS,Marshall,289.9286962
KS,Meade,341.1096173
KS,Miami,353.9140005
KS,Mitchell,282.8955429
KS,Montgomery,1716.753437
KS,Morris,363.7169155
KS,Morton,126.2128224
KS,Nemaha,196.9115727
KS,Neosho,169.4278819
KS,Ness,182.4788872
KS,Norton,316.2811804
KS,Osage,315.0674499
KS,Osborne,230.5039349
KS,Ottawa,301.5325063
KS,Pawnee,228.6842119
KS,Phillips,384.3842787
KS,Pottawatomie,71.92874312
KS,Pratt,381.7408222
KS,Rawlins,160.5885942
KS,Reno,3277.673713
KS,Republic,302.9626587
KS,Rice,352.8355657
KS,Riley,1845.357477
KS,Rooks,142.6631961
KS,Rush,159.3581133
KS,Russell,431.900179
KS,Saline,1679.707633
KS,Scott,67.83937174
KS,Sedgwick,13554.77139
KS,Seward,115.3025495
KS,Shawnee,5472.037928
KS,Sheridan,147.4653213
KS,Sherman,848.8107617
KS,Smith,383.6147998
KS,Stafford,222.3046731
KS,Stanton,45.59547697
KS,Stevens,124.1028344
KS,Sumner,1081.816947
KS,Thomas,547.9868725
KS,Trego,54.76994822
KS,Wabaunsee,498.9092213
KS,Wallace,302.9999996
KS,Washington,615.9997149
KS,Wichita,400.9999995
KS,Wilson,244.2618073
KS,Woodson,172.7339877
KS,Wyandotte,5114.986416
KY,Adair,273.4959043
KY,Allen,27.31152307
KY,Anderson,438.2911914
KY,Ballard,73.52297117
KY,Barren,517.8144521
KY,Bath,3.422414312
KY,Bell,857.3438494
KY,Boone,3504.755815
KY,Bourbon,412.8046803
KY,Boyd,1826.631057
KY,Boyle,1323.687411
KY,Bracken,9.370372821
KY,Breathitt,312.2973939
KY,Breckinridge,282.933681
KY,Bullitt,2723.038365
KY,Butler,143.519587
KY,Caldwell,274.8290073
KY,Calloway,955.8813678
KY,Campbell,3526.114511
KY,Carlisle,8.624145748
KY,Carroll,605.4162662
KY,Carter,320.8126393
KY,Casey,111.4620121
KY,Christian,1228.288117
KY,Clark,439.3985611
KY,Clay,161.6411501
KY,Clinton,0.716740016
KY,Crittenden,65.04640684
KY,Cumberland,22.91079975
KY,Daviess,2068.382675
KY,Edmonson,64.54997052
KY,Elliott,0.617984748
KY,Estill,258.891808
KY,Fayette,3993.492578
KY,Fleming,114.6748
KY,Floyd,377.6793036
KY,Franklin,779.7514168
KY,Fulton,1.425806411
KY,Gallatin,
KY,Garrard,24.953547
KY,Grant,334.015026
KY,Graves,756.6229501
KY,Grayson,934.3103417
KY,Green,174.519016
KY,Greenup,1682.136367
KY,Hancock,37.23646752
KY,Hardin,2432.546693
KY,Harlan,824.4993597
KY,Harrison,113.8174162
KY,Hart,337.3241157
KY,Henderson,532.397487
KY,Henry,52.20011941
KY,Hickman,0
KY,Hopkins,1595.45158
KY,Jackson,3.643835439
KY,Jefferson,16619.83396
KY,Jessamine,948.4379763
KY,Johnson,686.8041336
KY,Kenton,5050.180197
KY,Knott,16.12170264
KY,Knox,375.9737397
KY,Larue,33.14476169
KY,Laurel,830.1177941
KY,Lawrence,368.7687528
KY,Lee,0.000132101
KY,Leslie,46.46783216
KY,Letcher,
KY,Lewis,17.80438232
KY,Lincoln,673.7657898
KY,Livingston,231.1333486
KY,Logan,694.2650386
KY,Lyon,90.10213208
KY,McCracken,2571.278703
KY,McCreary,40.29590313
KY,McLean,3.141523382
KY,Madison,2117.530485
KY,Magoffin,20.41872009
KY,Marion,47.63504241
KY,Marshall,245.5507104
KY,Martin,0.527900934
KY,Mason,446.2976135
KY,Meade,186.2414252
KY,Menifee,18.45815744
KY,Mercer,700.1899629
KY,Metcalfe,16.52597192
KY,Monroe,75.4113987
KY,Montgomery,532.7036555
KY,Morgan,383.8130944
KY,Muhlenberg,264.3918269
KY,Nelson,813.1506761
KY,Nicholas,1.441961967
KY,Ohio,720.9266427
KY,Oldham,2148.015461
KY,Owen,117.7727311
KY,Owsley,7.267155177
KY,Pendleton,16.08031675
KY,Perry,99.2743911
KY,Pike,173.9170624
KY,Powell,70.15244446
KY,Pulaski,1800.501155
KY,Robertson,287.3462545
KY,Rockcastle,39.40756395
KY,Rowan,245.8083162
KY,Russell,25.40683374
KY,Scott,1137.480927
KY,Shelby,618.8346969
KY,Simpson,283.6652313
KY,Spencer,
KY,Taylor,609.583787
KY,Todd,5.50572673
KY,Trigg,284.0081457
KY,Trimble,89.53482824
KY,Union,76.98137386
KY,Warren,1372.703391
KY,Washington,250.6803265
KY,Wayne,419.0544745
KY,Webster,48.23049754
KY,Whitley,668.5251981
KY,Wolfe,21.19347852
KY,Woodford,928.9974619
LA,Acadia,140.5594643
LA,Allen,865.9822794
LA,Ascension,2804.598355
LA,Assumption,1243.03533
LA,Avoyelles,1028.00771
LA,Beauregard,1713.534107
LA,Bienville,637.3726499
LA,Bossier,2592.774678
LA,Caddo,11574.57212
LA,Calcasieu,4414.531948
LA,Caldwell,175.6424646
LA,Cameron,230.9058926
LA,Catahoula,340.1427798
LA,Claiborne,340.7855491
LA,Concordia,829.1656242
LA,De Soto,875.2841047
LA,East Baton Rouge,10614.7324
LA,East Carroll,246.3070746
LA,East Feliciana,165.029378
LA,Evangeline,1205.758403
LA,Franklin,383.2206787
LA,Grant,666.5509351
LA,Iberia,1792.357806
LA,Iberville,470.1274778
LA,Jackson,696.5087628
LA,Jefferson,5648.763563
LA,Jefferson Davis,338.1105695
LA,Lafayette,4066.581732
LA,Lafourche,2888.862384
LA,La Salle,308.7677712
LA,Lincoln,1465.097056
LA,Livingston,1828.074607
LA,Madison,159.5517114
LA,Morehouse,1089.757078
LA,Natchitoches,1559.576255
LA,Orleans,5971.840399
LA,Ouachita,5197.37435
LA,Plaquemines,803.4515908
LA,Pointe Coupee,412.7681887
LA,Rapides,5954.144252
LA,Red River,348.2187428
LA,Richland,277.9740919
LA,Sabine,1158.679629
LA,St. Bernard,1466.544064
LA,St. Charles,2955.258614
LA,St. Helena,120.6374249
LA,St. James,850.9575367
LA,St. John the Baptist,1417.286552
LA,St. Landry,2044.545916
LA,St. Martin,285.9168142
LA,St. Mary,2361.178337
LA,St. Tammany,7036.404975
LA,Tangipahoa,3268.448164
LA,Tensas,230.8328127
LA,Terrebonne,3950.031241
LA,Union,700.5867366
LA,Vermilion,605.1928366
LA,Vernon,2019.265073
LA,Washington,742.6043514
LA,Webster,1683.308039
LA,West Baton Rouge,574.2736104
LA,West Carroll,92.83802741
LA,West Feliciana,364.4355831
LA,Winn,714.86904
ME,Androscoggin,2274.171842
ME,Aroostook,1694.809585
ME,Cumberland,9515.52474
ME,Franklin,192.6756399
ME,Hancock,297.6273155
ME,Kennebec,1733.807396
ME,Knox,1136.264311
ME,Lincoln,209.1397147
ME,Oxford,737.189015
ME,Penobscot,3139.378341
ME,Piscataquis,204.3951497
ME,Sagadahoc,713.6460781
ME,Somerset,1452.780978
ME,Waldo,448.8106771
ME,Washington,748.5097584
ME,York,5870.79784
MD,Allegany,4055.112621
MD,Anne Arundel,23443.78169
MD,Baltimore,20265.01649
MD,Calvert,2668.488403
MD,Caroline,272.5414371
MD,Carroll,5575.006805
MD,Cecil,2753.259666
MD,Charles,3554.088543
MD,Dorchester,1381.382079
MD,Frederick,5305.643771
MD,Garrett,171.8818027
MD,Harford,5917.402424
MD,Howard,4890.78185
MD,Kent,0.643072752
MD,Montgomery,23746.31947
MD,Prince George's,19743.92597
MD,Queen Anne's,1351.193063
MD,St. Mary's,1779.064252
MD,Somerset,496.3230035
MD,Talbot,759.3631884
MD,Washington,4968.242867
MD,Wicomico,3929.012923
MD,Worcester,2968.910105
MD,Baltimore,1417.008741
MA,Barnstable,24762.3445
MA,Berkshire,6208.65744
MA,Bristol,21607.2446
MA,Dukes,206.445799
MA,Essex,32048.43524
MA,Franklin,1501.333772
MA,Hampden,17452.9422
MA,Hampshire,7362.898363
MA,Middlesex,50145.96009
MA,Nantucket,72.79706622
MA,Norfolk,29005.72124
MA,Plymouth,28188.3601
MA,Suffolk,840.4952649
MA,Worcester,30416.01837
MI,Alcona,400.6199755
MI,Alger,796.2291688
MI,Allegan,622.1622695
MI,Alpena,359.8821695
MI,Antrim,4.663773728
MI,Arenac,1142.569545
MI,Baraga,390.8162379
MI,Barry,275.886106
MI,Bay,4050.560774
MI,Benzie,
MI,Berrien,6339.915559
MI,Branch,261.5924341
MI,Calhoun,4803.220556
MI,Cass,739.9835469
MI,Charlevoix,221.7281744
MI,Cheboygan,572.5674712
MI,Chippewa,1396.324379
MI,Clare,146.9133336
MI,Clinton,1931.646866
MI,Crawford,573.3618345
MI,Delta,1973.705045
MI,Dickinson,1730.072244
MI,Eaton,3699.323095
MI,Emmet,548.8844515
MI,Genesee,18342.08707
MI,Gladwin,41.59475558
MI,Gogebic,288.4340577
MI,Grand Traverse,2284.607991
MI,Gratiot,1419.805868
MI,Hillsdale,659.1173756
MI,Houghton,632.9575251
MI,Huron,2091.650092
MI,Ingham,7942.832808
MI,Ionia,490.6148809
MI,Iosco,1496.424069
MI,Iron,322.0743908
MI,Isabella,438.4394939
MI,Jackson,5082.334865
MI,Kalamazoo,7593.815193
MI,Kalkaska,307.1737902
MI,Kent,16022.20579
MI,Keweenaw,231.8887991
MI,Lake,411.1273728
MI,Lapeer,1352.560499
MI,Leelanau,125.8371712
MI,Lenawee,2582.083758
MI,Livingston,6755.909343
MI,Luce,238.6146924
MI,Mackinac,895.8646537
MI,Macomb,23683.33232
MI,Manistee,403.9072663
MI,Marquette,2021.507263
MI,Mason,376.0800805
MI,Mecosta,873.3016849
MI,Menominee,2027.270067
MI,Midland,2246.877761
MI,Missaukee,152.8103456
MI,Monroe,3646.618692
MI,Montcalm,628.2538113
MI,Montmorency,161.6941683
MI,Muskegon,7920.832002
MI,Newaygo,539.1141909
MI,Oakland,46943.65733
MI,Oceana,168.526698
MI,Ogemaw,7.079435218
MI,Ontonagon,624.9009972
MI,Osceola,575.3963825
MI,Oscoda,44.29609992
MI,Otsego,550.333431
MI,Ottawa,9380.763095
MI,Presque Isle,1144.853222
MI,Roscommon,1452.933508
MI,Saginaw,7222.447749
MI,St. Clair,8368.901477
MI,St. Joseph,1168.576569
MI,Sanilac,640.7115385
MI,Schoolcraft,516.6867133
MI,Shiawassee,1425.975266
MI,Tuscola,371.5399919
MI,Van Buren,473.0143645
MI,Washtenaw,7645.951569
MI,Wayne,31505.29556
MI,Wexford,607.7773256
MN,Aitkin,1377.688945
MN,Anoka,10041.58779
MN,Becker,1756.38635
MN,Beltrami,1154.494374
MN,Benton,1105.083343
MN,Big Stone,527.1643508
MN,Blue Earth,1739.80611
MN,Brown,1138.841555
MN,Carlton,1494.597977
MN,Carver,1335.581977
MN,Cass,706.052209
MN,Chippewa,163.3648274
MN,Chisago,883.6946424
MN,Clay,815.9514357
MN,Clearwater,704.9341603
MN,Cook,280.7606165
MN,Cottonwood,847.2368495
MN,Crow Wing,642.3436124
MN,Dakota,10681.15606
MN,Dodge,186.5873057
MN,Douglas,1905.337909
MN,Faribault,465.1599393
MN,Fillmore,71.1783233
MN,Freeborn,1782.62013
MN,Goodhue,1521.293511
MN,Grant,611.8865016
MN,Hennepin,38064.45905
MN,Houston,239.6257968
MN,Hubbard,898.2138842
MN,Isanti,480.1641271
MN,Itasca,1517.723061
MN,Jackson,279.0618953
MN,Kanabec,181.0029278
MN,Kandiyohi,1867.114308
MN,Kittson,737.7536815
MN,Koochiching,1136.534923
MN,Lac qui Parle,177.3585992
MN,Lake,196.2831678
MN,Lake of the Woods,325.7243215
MN,Le Sueur,189.1991509
MN,Lincoln,125.872687
MN,Lyon,1045.393215
MN,McLeod,1347.845522
MN,Mahnomen,229.1849756
MN,Marshall,1127.066293
MN,Martin,2150.509488
MN,Meeker,775.4378925
MN,Mille Lacs,52.72660658
MN,Morrison,1687.783944
MN,Mower,1152.344076
MN,Murray,202.1207128
MN,Nicollet,1185.273729
MN,Nobles,1253.481116
MN,Norman,435.0939878
MN,Olmsted,3320.77329
MN,Otter Tail,2637.518943
MN,Pennington,311.2014008
MN,Pine,546.6732942
MN,Pipestone,678.7253311
MN,Polk,2078.113631
MN,Pope,265.3189646
MN,Ramsey,15045.81462
MN,Red Lake,691.5405149
MN,Redwood,1440.002413
MN,Renville,1080.013868
MN,Rice,1675.451274
MN,Rock,316.6227192
MN,Roseau,808.1542784
MN,St. Louis,8252.512537
MN,Scott,2258.205128
MN,Sherburne,1680.294188
MN,Sibley,38.03116209
MN,Stearns,3011.646587
MN,Steele,809.3886001
MN,Stevens,297.4449539
MN,Swift,406.0929187
MN,Todd,1576.629833
MN,Traverse,329.3641461
MN,Wabasha,316.8832507
MN,Wadena,776.3843175
MN,Waseca,911.7355406
MN,Washington,9473.840348
MN,Watonwan,128.2218585
MN,Wilkin,289.2528533
MN,Winona,1027.417399
MN,Wright,1200.947762
MN,Yellow Medicine,619.551627
MS,Adams,1168.988451
MS,Alcorn,728.3381291
MS,Amite,415.1566381
MS,Attala,614.2384471
MS,Benton,411.977455
MS,Bolivar,1625.086692
MS,Calhoun,296.7904414
MS,Carroll,743.4803613
MS,Chickasaw,84.25590204
MS,Choctaw,37.78418348
MS,Claiborne,202.3446762
MS,Clarke,391.2655138
MS,Clay,829.5068643
MS,Coahoma,890.2658236
MS,Copiah,906.5785762
MS,Covington,
MS,DeSoto,4345.636153
MS,Forrest,990.7358098
MS,Franklin,378.0990166
MS,George,257.2553527
MS,Greene,82.4670857
MS,Grenada,566.1150193
MS,Hancock,2196.505716
MS,Harrison,7685.313588
MS,Hinds,7169.973225
MS,Holmes,973.4676817
MS,Humphreys,315.1470714
MS,Issaquena,95.47862046
MS,Itawamba,383.0066239
MS,Jackson,5419.772444
MS,Jasper,366.0852305
MS,Jefferson,142.017375
MS,Jefferson Davis,309.9226352
MS,Jones,725.7780222
MS,Kemper,752.1321023
MS,Lafayette,1966.419134
MS,Lamar,790.7919247
MS,Lauderdale,2630.668601
MS,Lawrence,304.1508751
MS,Leake,611.5267655
MS,Lee,2332.912159
MS,Leflore,1607.439286
MS,Lincoln,920.3610259
MS,Lowndes,1151.923241
MS,Madison,2235.030381
MS,Marion,1261.067137
MS,Marshall,850.2634589
MS,Monroe,346.2162229
MS,Montgomery,321.8916494
MS,Neshoba,263.9965628
MS,Newton,433.3440748
MS,Noxubee,306.3858309
MS,Oktibbeha,1151.803471
MS,Panola,815.8928241
MS,Pearl River,1236.206886
MS,Perry,176.41251
MS,Pike,598.9912439
MS,Pontotoc,490.3712954
MS,Prentiss,265.3770429
MS,Quitman,263.0518943
MS,Rankin,4348.774466
MS,Scott,413.7739165
MS,Sharkey,176.5415212
MS,Simpson,412.9608841
MS,Smith,413.2986628
MS,Stone,422.4930555
MS,Sunflower,614.7336878
MS,Tallahatchie,719.0173563
MS,Tate,952.2179566
MS,Tippah,353.6685431
MS,Tishomingo,0
MS,Tunica,143.5960761
MS,Union,462.9331231
MS,Walthall,270.671458
MS,Warren,1382.797352
MS,Washington,1745.592094
MS,Wayne,59.66958545
MS,Webster,210.0630867
MS,Wilkinson,261.6220849
MS,Winston,418.8663136
MS,Yalobusha,194.0959173
MS,Yazoo,1036.020799
MO,Adair,629.814934
MO,Andrew,266.7642508
MO,Atchison,152.6992693
MO,Audrain,551.6081706
MO,Barry,636.3194045
MO,Barton,504.3982595
MO,Bates,150.8115432
MO,Benton,513.9944949
MO,Bollinger,583.2466213
MO,Boone,3646.531798
MO,Buchanan,3059.513026
MO,Butler,1139.805795
MO,Caldwell,310.2059222
MO,Callaway,922.4558373
MO,Camden,916.9396867
MO,Cape Girardeau,2786.938209
MO,Carroll,328.8879793
MO,Carter,451.1095055
MO,Cass,3847.829786
MO,Cedar,334.5678712
MO,Chariton,195.7862584
MO,Christian,1624.465654
MO,Clark,207.9104047
MO,Clay,5962.076278
MO,Clinton,256.024115
MO,Cole,2223.56422
MO,Cooper,782.5439353
MO,Crawford,229.9243419
MO,Dade,151.1850029
MO,Dallas,345.97214
MO,Daviess,307.8825757
MO,DeKalb,800.2366515
MO,Dent,635.7073257
MO,Douglas,695.8870489
MO,Dunklin,1072.281794
MO,Franklin,1640.255507
MO,Gasconade,86.94561269
MO,Gentry,61.03840802
MO,Greene,6759.325364
MO,Grundy,638.3940051
MO,Harrison,525.1689086
MO,Henry,1306.875808
MO,Hickory,339.7300617
MO,Holt,1039.782854
MO,Howard,327.8104831
MO,Howell,1211.313895
MO,Iron,355.5955239
MO,Jackson,16826.07213
MO,Jasper,4662.387988
MO,Jefferson,6753.643354
MO,Johnson,807.6925003
MO,Knox,156.258397
MO,Laclede,1222.976462
MO,Lafayette,872.4070632
MO,Lawrence,666.5541646
MO,Lewis,741.6968078
MO,Lincoln,596.2294889
MO,Linn,648.2960375
MO,Livingston,432.1387315
MO,McDonald,228.9053261
MO,Macon,557.2097495
MO,Madison,308.7519446
MO,Maries,102.8977251
MO,Marion,681.1176219
MO,Mercer,757.7522047
MO,Miller,274.0818571
MO,Mississippi,4.828027093
MO,Moniteau,118.0028113
MO,Monroe,241.4910452
MO,Montgomery,268.6150185
MO,Morgan,132.0409511
MO,New Madrid,84.38919415
MO,Newton,1347.554808
MO,Nodaway,1282.346279
MO,Oregon,407.3326318
MO,Osage,237.475932
MO,Ozark,1267.443869
MO,Pemiscot,136.4689505
MO,Perry,568.3666779
MO,Pettis,1079.113336
MO,Phelps,754.4502039
MO,Pike,768.0174444
MO,Platte,3124.411009
MO,Polk,403.3953467
MO,Pulaski,398.051462
MO,Putnam,281.1028935
MO,Ralls,167.8250104
MO,Randolph,579.801178
MO,Ray,638.5391071
MO,Reynolds,600.3429926
MO,Ripley,557.4805862
MO,St. Charles,14684.42081
MO,St. Clair,234.6006206
MO,Ste. Genevieve,483.1549566
MO,St. Francois,1134.606121
MO,St. Louis,37339.1197
MO,Saline,923.5236443
MO,Schuyler,725.654425
MO,Scotland,86.0228116
MO,Scott,1157.588338
MO,Shannon,276.3718408
MO,Shelby,453.483052
MO,Stoddard,255.8229689
MO,Stone,64.71896438
MO,Sullivan,331.7093123
MO,Taney,2879.906123
MO,Texas,803.1963128
MO,Vernon,1173.77913
MO,Warren,132.017356
MO,Washington,503.9116166
MO,Wayne,958.763985
MO,Webster,428.2850684
MO,Worth,70.26929706
MO,Wright,425.6297764
MO,St. Louis,2533.626877
MT,Beaverhead,441.5882149
MT,Big Horn,492.0815544
MT,Blaine,230.5290798
MT,Broadwater,186.3813106
MT,Carbon,618.3765291
MT,Carter,268.9999994
MT,Cascade,3172.891345
MT,Chouteau,571.9305254
MT,Custer,939.9317281
MT,Daniels,99.24243804
MT,Dawson,591.0651869
MT,Deer Lodge,123.0588891
MT,Fallon,135.1526041
MT,Fergus,695.1689017
MT,Flathead,1509.150512
MT,Gallatin,1548.763713
MT,Garfield,123.4082517
MT,Glacier,289.8275766
MT,Golden Valley,189.0000002
MT,Granite,174.9206073
MT,Hill,984.1103411
MT,Jefferson,226.2637302
MT,Judith Basin,265.5473434
MT,Lake,438.3835208
MT,Lewis and Clark,2367.332512
MT,Liberty,194.6715455
MT,Lincoln,671.8974507
MT,McCone,147.6666266
MT,Madison,478.1543189
MT,Meagher,428.0000022
MT,Mineral,403.2641702
MT,Missoula,2841.140641
MT,Musselshell,273.7683868
MT,Park,702.8488489
MT,Petroleum,103.0000008
MT,Phillips,205.4933708
MT,Pondera,418.0290549
MT,Powder River,175.3515984
MT,Powell,273.2222661
MT,Prairie,307.0000002
MT,Ravalli,430.1639807
MT,Richland,413.3943367
MT,Roosevelt,657.5288919
MT,Rosebud,289.5142091
MT,Sanders,965.8991761
MT,Sheridan,266.1651255
MT,Silver Bow,817.9250151
MT,Stillwater,278.3862706
MT,Sweet Grass,125.5006219
MT,Teton,377.9235769
MT,Toole,266.7355356
MT,Treasure,171.0000003
MT,Valley,580.5992273
MT,Wheatland,448.0000014
MT,Wibaux,242.999998
MT,Yellowstone,5236.005954
NE,Adams,1958.156319
NE,Antelope,265.9996291
NE,Arthur,94.00000107
NE,Banner,135.8151518
NE,Blaine,94.99999981
NE,Boone,185.1512201
NE,Box Butte,476.8297158
NE,Boyd,557.000002
NE,Brown,68.09154746
NE,Buffalo,1096.372153
NE,Burt,10.02434815
NE,Butler,268.0223847
NE,Cass,894.9881723
NE,Cedar,323.0354537
NE,Chase,288.619165
NE,Cherry,454.917672
NE,Cheyenne,344.4311569
NE,Clay,478.7718799
NE,Colfax,606.1633585
NE,Cuming,58.73124544
NE,Custer,1225.453666
NE,Dakota,608.0167934
NE,Dawes,550.6963375
NE,Dawson,1008.498185
NE,Deuel,121.9010611
NE,Dixon,348.402759
NE,Dodge,2120.461217
NE,Douglas,6566.515655
NE,Dundy,147.0598087
NE,Fillmore,252.2076055
NE,Franklin,325.4458863
NE,Frontier,501.1089916
NE,Furnas,255.4619591
NE,Gage,1241.111752
NE,Garden,559.744632
NE,Garfield,53.4472161
NE,Gosper,290.9857028
NE,Grant,118.9999994
NE,Greeley,584.0655827
NE,Hall,2335.181723
NE,Hamilton,156.4766728
NE,Harlan,30.12424489
NE,Hayes,190.9999998
NE,Hitchcock,630.8488324
NE,Holt,570.851062
NE,Hooker,21.54400064
NE,Howard,218.3111023
NE,Jefferson,343.2839881
NE,Johnson,246.8714443
NE,Kearney,129.4766216
NE,Keith,395.4790703
NE,Keya Paha,210.6282553
NE,Kimball,51.40764778
NE,Knox,158.0822112
NE,Lancaster,3260.921373
NE,Lincoln,1151.866287
NE,Logan,10.21150368
NE,Loup,99.02602943
NE,McPherson,97.00000023
NE,Madison,1173.772286
NE,Merrick,557.5990107
NE,Morrill,472.7695336
NE,Nance,235.8766319
NE,Nemaha,44.23585189
NE,Nuckolls,365.7640438
NE,Otoe,296.7054991
NE,Pawnee,110.5932642
NE,Perkins,161.0535285
NE,Phelps,273.5915046
NE,Pierce,845.6586146
NE,Platte,1167.925781
NE,Polk,56.99647131
NE,Red Willow,992.9272411
NE,Richardson,554.3828435
NE,Rock,82.010415
NE,Saline,521.2750713
NE,Sarpy,2822.169532
NE,Saunders,566.8183894
NE,Scotts Bluff,544.4671484
NE,Seward,320.4792176
NE,Sheridan,446.1987928
NE,Sherman,619.5461414
NE,Sioux,214.6534194
NE,Stanton,557.9283588
NE,Thayer,235.3784807
NE,Thomas,134.8078801
NE,Thurston,388.8721807
NE,Valley,263.646413
NE,Washington,75.93664788
NE,Wayne,81.4321157
NE,Webster,395.0311093
NE,Wheeler,155.0000004
NE,York,698.3577755
NV,Churchill,965.9162698
NV,Clark,23026.44586
NV,Douglas,3967.67941
NV,Elko,1242.966808
NV,Esmeralda,196.9999993
NV,Eureka,257.0000001
NV,Humboldt,556.7964956
NV,Lander,150.0824431
NV,Lincoln,763.9173455
NV,Lyon,1845.589082
NV,Mineral,898.1107403
NV,Nye,4498.001913
NV,Pershing,233.4113569
NV,Storey,51.54740231
NV,Washoe,11233.22179
NV,White Pine,654.710649
NV,Carson City,2068.30473
NH,Belknap,2362.404883
NH,Carroll,187.3735199
NH,Cheshire,1868.046661
NH,Coos,887.6261235
NH,Grafton,1580.893187
NH,Hillsborough,16227.3521
NH,Merrimack,4177.671327
NH,Rockingham,14025.2477
NH,Strafford,3300.474727
NH,Sullivan,1028.897232
NJ,Atlantic,10758.51825
NJ,Bergen,15897.13143
NJ,Burlington,21652.17328
NJ,Camden,14892.41312
NJ,Cape May,8716.338542
NJ,Cumberland,5798.78187
NJ,Essex,10474.39235
NJ,Gloucester,15248.88851
NJ,Hudson,382.1426809
NJ,Hunterdon,2652.004577
NJ,Mercer,12586.71717
NJ,Middlesex,27435.48509
NJ,Monmouth,25082.03714
NJ,Morris,22330.12386
NJ,Ocean,62481.32485
NJ,Passaic,10075.4243
NJ,Salem,1672.752304
NJ,Somerset,14230.42127
NJ,Sussex,6027.921849
NJ,Union,7726.733525
NJ,Warren,4018.446756
NM,Bernalillo,13778.52775
NM,Catron,1041.000005
NM,Chaves,1917.636305
NM,Cibola,1379.045851
NM,Colfax,1593.232774
NM,Curry,1937.481803
NM,De Baca,68.64081551
NM,Doña Ana,9721.405811
NM,Eddy,3028.619487
NM,Grant,2258.119637
NM,Guadalupe,285.6436257
NM,Harding,196.1263338
NM,Hidalgo,287.3927478
NM,Lea,1170.790116
NM,Lincoln,1612.866863
NM,Los Alamos,934.464414
NM,Luna,1509.189644
NM,McKinley,3975.405917
NM,Mora,269.453971
NM,Otero,3446.603302
NM,Quay,351.1936897
NM,Rio Arriba,3178.743833
NM,Roosevelt,745.2319659
NM,Sandoval,5090.256535
NM,San Juan,5037.436535
NM,San Miguel,2292.677636
NM,Santa Fe,5608.839788
NM,Sierra,1619.095782
NM,Socorro,1034.048276
NM,Taos,2347.299346
NM,Torrance,1078.288856
NM,Union,256.4808251
NM,Valencia,5425.618867
NY,Albany,12333.95694
NY,Allegany,284.729659
NY,Bronx,42.06319791
NY,Broome,4226.856271
NY,Cattaraugus,1006.344796
NY,Cayuga,1005.78936
NY,Chautauqua,3734.303673
NY,Chemung,3423.453516
NY,Chenango,318.5901665
NY,Clinton,2934.884158
NY,Columbia,1419.740288
NY,Cortland,777.7910955
NY,Delaware,249.6145859
NY,Dutchess,13313.94801
NY,Erie,30408.40735
NY,Essex,459.8077711
NY,Franklin,1330.400936
NY,Fulton,1122.287036
NY,Genesee,353.9209677
NY,Greene,1528.570169
NY,Hamilton,638.1994636
NY,Herkimer,2169.813829
NY,Jefferson,1500.588585
NY,Kings,46.66324504
NY,Lewis,775.1384643
NY,Livingston,1207.564402
NY,Madison,1807.712195
NY,Monroe,31888.39354
NY,Montgomery,1849.479414
NY,Nassau,11226.84893
NY,New York,0
NY,Niagara,6204.760717
NY,Oneida,6826.232529
NY,Onondaga,14054.6231
NY,Ontario,2712.425046
NY,Orange,11856.18474
NY,Orleans,991.7220301
NY,Oswego,1481.341204
NY,Otsego,2463.49584
NY,Putnam,4499.777658
NY,Queens,1312.840545
NY,Rensselaer,4881.086601
NY,Richmond,939.2550488
NY,Rockland,8785.37386
NY,St. Lawrence,3089.555974
NY,Saratoga,7269.565853
NY,Schenectady,5097.435781
NY,Schoharie,1023.479217
NY,Schuyler,291.8778905
NY,Seneca,879.1067825
NY,Steuben,1626.590638
NY,Suffolk,53050.67212
NY,Sullivan,721.2403694
NY,Tioga,1308.983477
NY,Tompkins,1299.358374
NY,Ulster,7655.18044
NY,Warren,1783.65988
NY,Washington,1190.079375
NY,Wayne,1544.8441
NY,Westchester,21913.72007
NY,Wyoming,907.0932922
NY,Yates,81.86957813
NC,Alamance,4435.633927
NC,Alexander,324.5376294
NC,Alleghany,89.96652654
NC,Anson,237.2061517
NC,Ashe,289.9905921
NC,Avery,27.60488327
NC,Beaufort,808.416352
NC,Bertie,258.5930062
NC,Bladen,501.9763598
NC,Brunswick,3538.687394
NC,Buncombe,8133.428043
NC,Burke,4846.601027
NC,Cabarrus,4493.713537
NC,Caldwell,4367.495576
NC,Camden,50.94911851
NC,Carteret,3763.677764
NC,Caswell,323.4510566
NC,Catawba,4514.512018
NC,Chatham,422.9425708
NC,Cherokee,494.3674003
NC,Chowan,706.2032743
NC,Clay,84.43034967
NC,Cleveland,2595.494118
NC,Columbus,284.8107971
NC,Craven,4284.711828
NC,Cumberland,6067.416505
NC,Currituck,432.475914
NC,Dare,1710.93996
NC,Davidson,3819.877258
NC,Davie,784.1518162
NC,Duplin,138.9695277
NC,Durham,7418.79148
NC,Edgecombe,1120.445357
NC,Forsyth,15951.81404
NC,Franklin,503.8947604
NC,Gaston,7097.878931
NC,Gates,1.006654569
NC,Graham,73.81256446
NC,Granville,1235.402202
NC,Greene,
NC,Guilford,11874.41512
NC,Halifax,1291.136132
NC,Harnett,868.1796485
NC,Haywood,2599.200839
NC,Henderson,5787.69357
NC,Hertford,481.8941051
NC,Hoke,525.788796
NC,Hyde,783.2973373
NC,Iredell,3139.771939
NC,Jackson,509.7885155
NC,Johnston,782.0693739
NC,Jones,0.084899485
NC,Lee,1254.185437
NC,Lenoir,1270.304037
NC,Lincoln,1916.969786
NC,McDowell,304.9859418
NC,Macon,463.0361579
NC,Madison,520.0199749
NC,Martin,177.2467478
NC,Mecklenburg,16387.91972
NC,Mitchell,
NC,Montgomery,87.8458151
NC,Moore,5986.460548
NC,Nash,1540.651995
NC,New Hanover,8461.288356
NC,Northampton,485.5276549
NC,Onslow,2358.561824
NC,Orange,1546.553825
NC,Pamlico,173.7231419
NC,Pasquotank,1421.319538
NC,Pender,548.1816662
NC,Perquimans,98.04547216
NC,Person,698.3901138
NC,Pitt,1521.202702
NC,Polk,16.24935653
NC,Randolph,3577.383287
NC,Richmond,818.5864137
NC,Robeson,1166.152766
NC,Rockingham,3207.547904
NC,Rowan,5095.33676
NC,Rutherford,2441.102909
NC,Sampson,540.452955
NC,Scotland,1017.588712
NC,Stanly,637.2591917
NC,Stokes,1205.79404
NC,Surry,1072.403683
NC,Swain,35.43467365
NC,Transylvania,601.2597512
NC,Tyrrell,119.4904115
NC,Union,2615.60854
NC,Vance,737.4093656
NC,Wake,12936.08938
NC,Warren,219.3448432
NC,Washington,611.8810341
NC,Watauga,494.6292672
NC,Wayne,3020.183867
NC,Wilkes,1416.570603
NC,Wilson,399.6564176
NC,Yadkin,177.0824544
NC,Yancey,49.98016251
ND,Adams,140.3920217
ND,Barnes,541.3088905
ND,Benson,642.341188
ND,Billings,150.999999
ND,Bottineau,600.0103896
ND,Bowman,189.3206463
ND,Burke,411.9999991
ND,Burleigh,2588.325787
ND,Cass,2397.902669
ND,Cavalier,367.1004039
ND,Dickey,171.8613042
ND,Divide,180.2350862
ND,Dunn,306.5182162
ND,Eddy,148.9554401
ND,Emmons,415.1336884
ND,Foster,155.9114292
ND,Golden Valley,358.000001
ND,Grand Forks,891.5350207
ND,Grant,260.8681932
ND,Griggs,194.5368023
ND,Hettinger,637.4925908
ND,Kidder,508.0486258
ND,LaMoure,436.2704812
ND,Logan,231.096491
ND,McHenry,778.7917952
ND,McIntosh,105.2037168
ND,McKenzie,315.0753047
ND,McLean,1053.081427
ND,Mercer,271.4161478
ND,Morton,1357.343296
ND,Mountrail,163.9584596
ND,Nelson,858.0000007
ND,Oliver,252.9090903
ND,Pembina,636.3156988
ND,Pierce,157.005271
ND,Ramsey,375.0654145
ND,Ransom,154.4469263
ND,Renville,266.8707169
ND,Richland,1078.22225
ND,Rolette,258.3777177
ND,Sargent,162.2601845
ND,Sheridan,328.1653901
ND,Sioux,155.0408892
ND,Slope,129.645047
ND,Stark,569.4528321
ND,Steele,400.2851064
ND,Stutsman,1255.92192
ND,Towner,165.4418424
ND,Traill,213.585117
ND,Walsh,416.1467579
ND,Ward,2033.212587
ND,Wells,445.6788615
ND,Williams,572.8870736
OH,Adams,266.2608509
OH,Allen,3243.518347
OH,Ashland,514.6381766
OH,Ashtabula,3532.810563
OH,Athens,1230.923233
OH,Auglaize,283.5660487
OH,Belmont,1561.028555
OH,Brown,551.6730945
OH,Butler,13393.0198
OH,Carroll,392.2659473
OH,Champaign,113.9014935
OH,Clark,5140.709128
OH,Clermont,7723.243464
OH,Clinton,1129.797777
OH,Columbiana,3807.712575
OH,Coshocton,1071.457922
OH,Crawford,1868.98806
OH,Cuyahoga,43754.11922
OH,Darke,633.5970903
OH,Defiance,741.9932995
OH,Delaware,3725.334431
OH,Erie,3881.243639
OH,Fairfield,4085.470963
OH,Fayette,144.6912839
OH,Franklin,27484.94563
OH,Fulton,1146.11962
OH,Gallia,670.7360798
OH,Geauga,2980.902157
OH,Greene,6213.875543
OH,Guernsey,1199.151316
OH,Hamilton,32824.60536
OH,Hancock,1549.571039
OH,Hardin,382.0239241
OH,Harrison,56.54360282
OH,Henry,717.3832264
OH,Highland,359.7343885
OH,Hocking,888.6452946
OH,Holmes,137.8733435
OH,Huron,1225.785408
OH,Jackson,235.3343332
OH,Jefferson,2864.340062
OH,Knox,1471.47614
OH,Lake,11291.18408
OH,Lawrence,1353.390387
OH,Licking,4697.209814
OH,Logan,698.3858872
OH,Lorain,11917.07212
OH,Lucas,9543.103616
OH,Madison,1647.768683
OH,Mahoning,10853.46345
OH,Marion,2318.471296
OH,Medina,4375.620946
OH,Meigs,653.1190505
OH,Mercer,210.4580647
OH,Miami,1855.5284
OH,Monroe,132.3471966
OH,Montgomery,22495.60805
OH,Morgan,146.0331289
OH,Morrow,24.93584684
OH,Muskingum,2377.050198
OH,Noble,1131.26928
OH,Ottawa,2120.423543
OH,Paulding,400.7789847
OH,Perry,181.5206981
OH,Pickaway,557.9745235
OH,Pike,532.5013002
OH,Portage,5783.489483
OH,Preble,74.76962751
OH,Putnam,741.7338165
OH,Richland,4766.535542
OH,Ross,1425.67804
OH,Sandusky,1123.34564
OH,Scioto,2712.900447
OH,Seneca,1644.381033
OH,Shelby,1109.87026
OH,Stark,17205.42418
OH,Summit,23184.42787
OH,Trumbull,7975.839773
OH,Tuscarawas,3207.460345
OH,Union,837.1587319
OH,Van Wert,898.9279374
OH,Vinton,927.6381039
OH,Warren,8067.168543
OH,Washington,1072.185643
OH,Wayne,3298.536784
OH,Williams,812.3178118
OH,Wood,4576.479889
OH,Wyandot,174.4674589
OK,Adair,231.8015266
OK,Alfalfa,640.0975232
OK,Atoka,927.3945579
OK,Beaver,360.2962237
OK,Beckham,293.4700353
OK,Blaine,847.7763383
OK,Bryan,1477.127952
OK,Caddo,1563.465405
OK,Canadian,2818.719527
OK,Carter,838.7996859
OK,Cherokee,1766.247533
OK,Choctaw,1271.689526
OK,Cimarron,202.2671959
OK,Cleveland,4493.669196
OK,Coal,274.0485249
OK,Comanche,3301.950191
OK,Cotton,875.6958491
OK,Craig,462.2551061
OK,Creek,2475.841361
OK,Custer,1003.811623
OK,Delaware,1573.909671
OK,Dewey,958.0000005
OK,Ellis,790.0000016
OK,Garfield,1489.537451
OK,Garvin,921.8557994
OK,Grady,1202.857964
OK,Grant,609.1573657
OK,Greer,125.6794994
OK,Harmon,51.09931957
OK,Harper,388.1434736
OK,Haskell,860.0355429
OK,Hughes,734.7109345
OK,Jackson,896.3972317
OK,Jefferson,297.2799596
OK,Johnston,674.4836421
OK,Kay,2191.739621
OK,Kingfisher,238.7000723
OK,Kiowa,959.6084976
OK,Latimer,480.8856878
OK,Le Flore,1147.951455
OK,Lincoln,364.7132073
OK,Logan,1082.38093
OK,Love,393.3437217
OK,McClain,421.7254143
OK,McCurtain,899.8827663
OK,McIntosh,523.7905271
OK,Major,290.374568
OK,Marshall,558.9260239
OK,Mayes,602.5312772
OK,Murray,66.26113502
OK,Muskogee,1435.675665
OK,Noble,479.8325826
OK,Nowata,432.0532896
OK,Okfuskee,303.3487442
OK,Oklahoma,18112.00564
OK,Okmulgee,1483.756812
OK,Osage,2361.162957
OK,Ottawa,869.0546378
OK,Pawnee,41.96170455
OK,Payne,2070.126728
OK,Pittsburg,3284.601824
OK,Pontotoc,1473.822305
OK,Pottawatomie,1206.308564
OK,Pushmataha,1035.670839
OK,Roger Mills,362.6324239
OK,Rogers,2831.02222
OK,Seminole,274.4781535
OK,Sequoyah,617.8480401
OK,Stephens,1144.299785
OK,Texas,758.7007076
OK,Tillman,530.5567791
OK,Tulsa,18446.50591
OK,Wagoner,2339.682906
OK,Washington,2524.422752
OK,Washita,666.9933542
OK,Woods,642.2531346
OK,Woodward,764.3729919
OR,Baker,1725.527146
OR,Benton,2988.917531
OR,Clackamas,6853.755059
OR,Clatsop,928.9085517
OR,Columbia,1109.351867
OR,Coos,1668.78102
OR,Crook,695.3717231
OR,Curry,887.5130876
OR,Deschutes,3342.943035
OR,Douglas,4977.381135
OR,Gilliam,167.8661196
OR,Grant,732.7182753
OR,Harney,518.02916
OR,Hood River,198.7290216
OR,Jackson,6732.680066
OR,Jefferson,567.4202809
OR,Josephine,3705.224481
OR,Klamath,4624.461459
OR,Lake,757.4427971
OR,Lane,8887.17757
OR,Lincoln,1870.574318
OR,Linn,3579.137774
OR,Malheur,526.5277278
OR,Marion,5553.29388
OR,Morrow,422.159868
OR,Multnomah,7540.079525
OR,Polk,3162.033777
OR,Sherman,317.6601808
OR,Tillamook,307.5669017
OR,Umatilla,3301.435628
OR,Union,971.1668837
OR,Wallowa,457.9112102
OR,Wasco,1924.079115
OR,Washington,4599.30597
OR,Wheeler,420.0000009
OR,Yamhill,2387.283091
PA,Adams,1817.264969
PA,Allegheny,53613.31631
PA,Armstrong,944.6891576
PA,Beaver,11528.85769
PA,Bedford,840.7404526
PA,Berks,9559.563688
PA,Blair,5533.588917
PA,Bradford,1088.676896
PA,Bucks,25454.6765
PA,Butler,5577.046502
PA,Cambria,7054.719263
PA,Cameron,115.8750447
PA,Carbon,1245.570209
PA,Centre,3614.549191
PA,Chester,24099.36748
PA,Clarion,381.3301628
PA,Clearfield,1957.680171
PA,Clinton,1336.788714
PA,Columbia,1333.870312
PA,Crawford,1902.774097
PA,Cumberland,7334.880304
PA,Dauphin,11538.40422
PA,Delaware,13472.32853
PA,Elk,766.062425
PA,Erie,10806.51169
PA,Fayette,4884.928197
PA,Forest,22.84634258
PA,Franklin,4815.175159
PA,Fulton,285.7921143
PA,Greene,1066.27226
PA,Huntingdon,218.6676071
PA,Indiana,2434.581117
PA,Jefferson,487.664734
PA,Juniata,722.8347533
PA,Lackawanna,4843.327486
PA,Lancaster,18396.75642
PA,Lawrence,4279.630753
PA,Lebanon,3835.031868
PA,Lehigh,12319.51747
PA,Luzerne,9427.507064
PA,Lycoming,3391.510055
PA,McKean,338.9411387
PA,Mercer,3325.216264
PA,Mifflin,399.6882288
PA,Monroe,5242.411001
PA,Montgomery,35864.00735
PA,Montour,640.8503821
PA,Northampton,10906.92542
PA,Northumberland,1945.032292
PA,Perry,828.1309773
PA,Philadelphia,3372.848508
PA,Pike,376.1698225
PA,Potter,548.914432
PA,Schuylkill,2100.144918
PA,Snyder,366.2426057
PA,Somerset,2372.882247
PA,Sullivan,547.1980435
PA,Susquehanna,461.5621421
PA,Tioga,503.1841525
PA,Union,1247.650133
PA,Venango,913.6887934
PA,Warren,1268.945665
PA,Washington,9536.76072
PA,Wayne,443.061931
PA,Westmoreland,21040.4318
PA,Wyoming,141.7457004
PA,York,14428.37466
RI,Bristol,4354.208719
RI,Kent,6643.392406
RI,Newport,4407.127534
RI,Providence,15462.11067
RI,Washington,5832.50915
SC,Abbeville,37.44595319
SC,Aiken,5447.068913
SC,Allendale,260.7696716
SC,Anderson,7269.24222
SC,Bamberg,757.3843695
SC,Barnwell,99.67387543
SC,Beaufort,8078.654104
SC,Berkeley,3887.182463
SC,Calhoun,19.11272268
SC,Charleston,7810.807281
SC,Cherokee,1225.613919
SC,Chester,777.0549873
SC,Chesterfield,893.9408416
SC,Clarendon,312.0689666
SC,Colleton,1377.721695
SC,Darlington,1990.811112
SC,Dillon,377.6524138
SC,Dorchester,2536.975964
SC,Edgefield,320.3181438
SC,Fairfield,927.453911
SC,Florence,3709.732213
SC,Georgetown,2713.833934
SC,Greenville,19327.39595
SC,Greenwood,1959.493739
SC,Hampton,474.9058957
SC,Horry,6676.839214
SC,Jasper,379.9149296
SC,Kershaw,1720.712059
SC,Lancaster,2000.814009
SC,Laurens,2336.793645
SC,Lee,182.0032793
SC,Lexington,7735.428852
SC,McCormick,70.07721906
SC,Marion,339.9283209
SC,Marlboro,590.8760778
SC,Newberry,1027.92277
SC,Oconee,1663.144528
SC,Orangeburg,1803.244462
SC,Pickens,4189.792638
SC,Richland,9832.698677
SC,Saluda,276.7549315
SC,Spartanburg,11814.17584
SC,Sumter,3007.391415
SC,Union,390.7878672
SC,Williamsburg,372.8550038
SC,York,6261.638725
SD,Aurora,382.4592828
SD,Beadle,693.2080509
SD,Bennett,375.3767728
SD,Bon Homme,165.6170316
SD,Brookings,1162.937364
SD,Brown,1975.209209
SD,Brule,314.3278389
SD,Buffalo,136.5668106
SD,Butte,425.6853476
SD,Campbell,353.6548068
SD,Charles Mix,163.2618641
SD,Clark,312.272703
SD,Clay,593.8086107
SD,Codington,1373.00506
SD,Corson,402.0646022
SD,Custer,476.4163784
SD,Davison,780.961087
SD,Day,639.7179966
SD,Deuel,777.0562025
SD,Dewey,261.1797975
SD,Douglas,679.7000051
SD,Edmunds,601.6630514
SD,Fall River,586.7748806
SD,Faulk,225.8466124
SD,Grant,222.7160074
SD,Gregory,271.6639344
SD,Haakon,145.6222272
SD,Hamlin,985.6178479
SD,Hand,234.4377072
SD,Hanson,87.00285045
SD,Harding,181.9999996
SD,Hughes,556.8044079
SD,Hutchinson,85.95003054
SD,Hyde,321.0000005
SD,Jackson,188.9206779
SD,Jerauld,519.0000039
SD,Jones,206.9999983
SD,Kingsbury,527.8607904
SD,Lake,183.9827046
SD,Lawrence,527.8746842
SD,Lincoln,246.6015103
SD,Lyman,436.7347
SD,McCook,279.3403609
SD,McPherson,270.6647672
SD,Marshall,394.3788423
SD,Meade,760.1627743
SD,Mellette,275.7551057
SD,Miner,168.520408
SD,Minnehaha,3009.469384
SD,Moody,797.9393538
SD,Pennington,4030.11708
SD,Perkins,288.907233
SD,Potter,627.0000037
SD,Roberts,553.6511987
SD,Sanborn,473.2496358
SD,Shannon,626.7970131
SD,Spink,470.8741952
SD,Stanley,84.00628855
SD,Sully,263
SD,Todd,144.4540905
SD,Tripp,293.9859932
SD,Turner,22.60928217
SD,Union,355.2329099
SD,Walworth,433.4159641
SD,Yankton,953.7782213
SD,Ziebach,93.0992268
TN,Anderson,4256.848335
TN,Bedford,672.1600089
TN,Benton,394.1883289
TN,Bledsoe,62.9056877
TN,Blount,7162.074438
TN,Bradley,3516.990114
TN,Campbell,1242.533136
TN,Cannon,42.52687616
TN,Carroll,475.3586655
TN,Carter,4057.444577
TN,Cheatham,51.62643158
TN,Chester,391.9793621
TN,Claiborne,1188.96254
TN,Clay,2.126051071
TN,Cocke,1231.463441
TN,Coffee,1470.327452
TN,Crockett,22.02021869
TN,Cumberland,3630.044005
TN,Davidson,15943.21575
TN,Decatur,219.9008924
TN,DeKalb,58.10124073
TN,Dickson,920.4277999
TN,Dyer,1642.840474
TN,Fayette,322.4024039
TN,Fentress,6.706467948
TN,Franklin,1542.465898
TN,Gibson,1282.643041
TN,Giles,647.9177926
TN,Grainger,0
TN,Greene,1149.766463
TN,Grundy,27.24667998
TN,Hamblen,4465.708913
TN,Hamilton,20378.01754
TN,Hancock,19.08137044
TN,Hardeman,780.4318162
TN,Hardin,742.4797345
TN,Hawkins,1772.331852
TN,Haywood,374.7819631
TN,Henderson,480.4733573
TN,Henry,1343.592339
TN,Hickman,229.3642659
TN,Houston,45.68244551
TN,Humphreys,211.1416526
TN,Jackson,0.458161262
TN,Jefferson,392.3050926
TN,Johnson,410.6603918
TN,Knox,19444.20017
TN,Lake,0.51991122
TN,Lauderdale,307.5066738
TN,Lawrence,521.9240976
TN,Lewis,104.2255404
TN,Lincoln,929.6940781
TN,Loudon,3638.839526
TN,McMinn,1257.13454
TN,McNairy,461.6544239
TN,Macon,118.8814486
TN,Madison,2337.430079
TN,Marion,473.3674384
TN,Marshall,447.7480305
TN,Maury,1881.958026
TN,Meigs,26.23569458
TN,Monroe,343.9362135
TN,Montgomery,4055.366191
TN,Moore,438.9495837
TN,Morgan,652.2008839
TN,Obion,596.0260289
TN,Overton,51.54958768
TN,Perry,334.6856007
TN,Pickett,8.517196209
TN,Polk,7.88032828
TN,Putnam,2177.990276
TN,Rhea,402.7726887
TN,Roane,2682.509941
TN,Robertson,513.1199557
TN,Rutherford,4486.608101
TN,Scott,134.113825
TN,Sequatchie,2.668185584
TN,Sevier,1703.512297
TN,Shelby,25966.76554
TN,Smith,69.30325542
TN,Stewart,33.65658161
TN,Sullivan,9348.6867
TN,Sumner,5688.270343
TN,Tipton,899.9392727
TN,Trousdale,
TN,Unicoi,437.6085654
TN,Union,63.9143144
TN,Van Buren,5.627369869
TN,Warren,555.1961519
TN,Washington,3799.634452
TN,Wayne,407.6781086
TN,Weakley,416.5541564
TN,White,521.8558193
TN,Williamson,4168.755677
TN,Wilson,2986.757293
TX,Anderson,1924.154968
TX,Andrews,500.9342305
TX,Angelina,2892.734499
TX,Aransas,1811.584497
TX,Archer,354.8063613
TX,Armstrong,393.400992
TX,Atascosa,1329.139736
TX,Austin,671.1189131
TX,Bailey,97.81011619
TX,Bandera,1463.650546
TX,Bastrop,2158.485267
TX,Baylor,155.1160487
TX,Bee,1027.445955
TX,Bell,7920.473923
TX,Bexar,45246.72483
TX,Blanco,96.62529218
TX,Borden,133.0000003
TX,Bosque,363.4423701
TX,Bowie,2798.655139
TX,Brazoria,7036.438692
TX,Brazos,2779.463207
TX,Brewster,451.9278592
TX,Briscoe,358.0000005
TX,Brooks,223.441395
TX,Brown,2571.338681
TX,Burleson,360.0692499
TX,Burnet,2651.515968
TX,Caldwell,636.1455359
TX,Calhoun,1205.428462
TX,Callahan,740.8011738
TX,Cameron,12955.69191
TX,Camp,210.5364267
TX,Carson,217.7346357
TX,Cass,446.9040735
TX,Castro,182.1891467
TX,Chambers,645.6634286
TX,Cherokee,1210.601176
TX,Childress,572.2750566
TX,Clay,1016.958625
TX,Cochran,95.82386379
TX,Coke,861.7457283
TX,Coleman,472.3106953
TX,Collin,7063.195441
TX,Collingsworth,43.36282382
TX,Colorado,933.005743
TX,Comal,4353.830028
TX,Comanche,472.1673625
TX,Concho,281.4072278
TX,Cooke,438.5287906
TX,Coryell,1720.142412
TX,Cottle,357.9999986
TX,Crane,33.30990737
TX,Crockett,45.07906006
TX,Crosby,74.16386035
TX,Culberson,41.51225285
TX,Dallam,263.896
TX,Dallas,31319.84178
TX,Dawson,422.6045445
TX,Deaf Smith,402.7013232
TX,Delta,94.55233716
TX,Denton,9254.410967
TX,DeWitt,357.0616027
TX,Dickens,126.713226
TX,Dimmit,569.9547065
TX,Donley,106.4544156
TX,Duval,907.640368
TX,Eastland,999.0437597
TX,Ector,2583.780546
TX,Edwards,186.2251832
TX,Ellis,3147.930625
TX,El Paso,12864.70575
TX,Erath,1822.837065
TX,Falls,376.7279464
TX,Fannin,1790.029562
TX,Fayette,1215.121389
TX,Fisher,169.2858497
TX,Floyd,94.16052498
TX,Foard,319.0000027
TX,Fort Bend,11078.98144
TX,Franklin,158.5272557
TX,Freestone,615.8123519
TX,Frio,253.2464183
TX,Gaines,49.92543025
TX,Galveston,10055.89962
TX,Garza,86.279938
TX,Gillespie,1276.807054
TX,Glasscock,156.5870616
TX,Goliad,481.2374158
TX,Gonzales,940.5994962
TX,Gray,849.3610213
TX,Grayson,3488.249404
TX,Gregg,3414.51947
TX,Grimes,1577.824303
TX,Guadalupe,4452.554755
TX,Hale,719.0191629
TX,Hall,214.4587437
TX,Hamilton,522.5424902
TX,Hansford,664.2094431
TX,Hardeman,235.533334
TX,Hardin,2148.318841
TX,Harris,58163.40847
TX,Harrison,1211.366144
TX,Hartley,122.6898877
TX,Haskell,370.9348944
TX,Hays,2287.240166
TX,Hemphill,89.3659648
TX,Henderson,4408.313039
TX,Hidalgo,22326.65449
TX,Hill,299.0442235
TX,Hockley,1529.200767
TX,Hood,4034.138338
TX,Hopkins,878.6421586
TX,Houston,1371.654187
TX,Howard,1865.21391
TX,Hudspeth,469.8001514
TX,Hunt,1287.167982
TX,Hutchinson,991.9684958
TX,Irion,290.8543968
TX,Jack,661.2313733
TX,Jackson,527.0008088
TX,Jasper,1200.796189
TX,Jeff Davis,185.4381889
TX,Jefferson,7118.325152
TX,Jim Hogg,235.2298703
TX,Jim Wells,1025.673791
TX,Johnson,3898.279234
TX,Jones,736.4698867
TX,Karnes,382.033389
TX,Kaufman,981.8421109
TX,Kendall,733.6481474
TX,Kenedy,58.7777765
TX,Kent,203.6037993
TX,Kerr,3434.813286
TX,Kimble,336.5923101
TX,King,37.99999988
TX,Kinney,33.65701691
TX,Kleberg,1010.583812
TX,Knox,362.7078199
TX,Lamar,2454.803939
TX,Lamb,89.58231899
TX,Lampasas,866.5811293
TX,La Salle,480.6279359
TX,Lavaca,619.9536832
TX,Lee,183.7559816
TX,Leon,539.4324519
TX,Liberty,1673.750951
TX,Limestone,818.8103238
TX,Lipscomb,484.0000033
TX,Live Oak,316.7738798
TX,Llano,1632.705524
TX,Loving,12.00000005
TX,Lubbock,4287.249711
TX,Lynn,333.4966032
TX,McCulloch,538.6468471
TX,McLennan,10455.74343
TX,McMullen,181.2605181
TX,Madison,232.4916486
TX,Marion,209.8580375
TX,Martin,136.52293
TX,Mason,256.6180978
TX,Matagorda,2037.58669
TX,Maverick,1429.030269
TX,Medina,1241.738272
TX,Menard,172.8810016
TX,Midland,3771.355411
TX,Milam,945.8366804
TX,Mills,316.5703779
TX,Mitchell,223.201353
TX,Montague,545.9373126
TX,Montgomery,11530.73564
TX,Moore,444.9477473
TX,Morris,54.27990684
TX,Motley,55.86190432
TX,Nacogdoches,2693.559004
TX,Navarro,1864.798291
TX,Newton,808.481751
TX,Nolan,658.6374651
TX,Nueces,12331.68769
TX,Ochiltree,161.0526048
TX,Oldham,254.9999989
TX,Orange,2949.043059
TX,Palo Pinto,1986.922004
TX,Panola,837.4814448
TX,Parker,2896.266461
TX,Parmer,598.7535303
TX,Pecos,249.0648915
TX,Polk,1149.73673
TX,Potter,2309.176641
TX,Presidio,904.48193
TX,Rains,
TX,Randall,1464.250694
TX,Reagan,29.87262116
TX,Real,853.0000007
TX,Red River,1303.849622
TX,Reeves,488.3142002
TX,Refugio,276.5519711
TX,Roberts,137.1668568
TX,Robertson,1027.581783
TX,Rockwall,1395.044421
TX,Runnels,650.9699833
TX,Rusk,2093.099761
TX,Sabine,584.7717961
TX,San Augustine,83.19705496
TX,San Jacinto,335.8623765
TX,San Patricio,1717.516372
TX,San Saba,433.8695419
TX,Schleicher,87.08805615
TX,Scurry,689.7354195
TX,Shackelford,117.3182689
TX,Shelby,811.9893514
TX,Sherman,101.2105116
TX,Smith,4954.653421
TX,Somervell,0
TX,Starr,2782.541608
TX,Stephens,408.8868327
TX,Sterling,186.9999996
TX,Stonewall,50.88134939
TX,Sutton,78.90643627
TX,Swisher,268.3984455
TX,Tarrant,42649.12185
TX,Taylor,4296.255634
TX,Terrell,204.9999996
TX,Terry,490.4255393
TX,Throckmorton,403.0000017
TX,Titus,607.4188225
TX,Tom Green,5486.566323
TX,Travis,20866.55019
TX,Trinity,75.06328052
TX,Tyler,1849.2786
TX,Upshur,742.1075698
TX,Upton,160.4539358
TX,Uvalde,1738.35264
TX,Val Verde,2106.769905
TX,Van Zandt,1219.114494
TX,Victoria,3189.599919
TX,Walker,2013.402433
TX,Waller,352.4191895
TX,Ward,161.2953934
TX,Washington,978.0755933
TX,Webb,2967.782661
TX,Wharton,747.74942
TX,Wheeler,148.2920815
TX,Wichita,4924.932861
TX,Wilbarger,494.9257898
TX,Willacy,232.0708654
TX,Williamson,13324.50872
TX,Wilson,366.8366776
TX,Winkler,15.70498757
TX,Wise,446.8430973
TX,Wood,581.8770209
TX,Yoakum,150.2801931
TX,Young,1074.451563
TX,Zapata,470.34326
TX,Zavala,400.160549
UT,Beaver,86.74220208
UT,Box Elder,1122.796829
UT,Cache,3568.971848
UT,Carbon,886.0129957
UT,Daggett,200.9999988
UT,Davis,7450.242488
UT,Duchesne,708.2357887
UT,Emery,63.03985357
UT,Garfield,493.1601477
UT,Grand,235.9193089
UT,Iron,1079.363433
UT,Juab,554.0947467
UT,Kane,605.8465965
UT,Millard,761.9995772
UT,Morgan,5.912197123
UT,Piute,332.0000002
UT,Rich,343.0000003
UT,Salt Lake,6266.833212
UT,San Juan,854.0565688
UT,Sanpete,323.0856902
UT,Sevier,98.02593872
UT,Summit,774.2037567
UT,Tooele,1997.32977
UT,Uintah,667.9960672
UT,Utah,7488.793719
UT,Wasatch,88.54698785
UT,Washington,6167.039482
UT,Wayne,196.6472492
UT,Weber,6424.704294
VT,Addison,113.5340301
VT,Bennington,760.912379
VT,Caledonia,376.0601532
VT,Chittenden,3769.699171
VT,Essex,410.6673244
VT,Franklin,271.1748294
VT,Grand Isle,5.353364988
VT,Lamoille,57.71684592
VT,Orange,474.1617953
VT,Orleans,635.4971165
VT,Rutland,1622.828807
VT,Washington,1102.26959
VT,Windham,635.1820687
VT,Windsor,872.0507265
VA,Accomack,446.7079232
VA,Albemarle,1691.875325
VA,Alleghany,568.1912806
VA,Amelia,291.4110121
VA,Amherst,750.7978691
VA,Appomattox,84.17600319
VA,Arlington,727.5408985
VA,Augusta,1269.907471
VA,Bath,233.5896916
VA,Bedford,873.2725044
VA,Bland,131.9934229
VA,Botetourt,1876.35014
VA,Brunswick,302.777741
VA,Buchanan,
VA,Buckingham,245.5686088
VA,Campbell,1385.205336
VA,Caroline,192.5356133
VA,Carroll,385.5586716
VA,Charles City,23.5529581
VA,Charlotte,815.166992
VA,Chesterfield,11616.63971
VA,Clarke,26.87603475
VA,Craig,116.6753277
VA,Culpeper,248.34448
VA,Cumberland,826.0418283
VA,Dickenson,
VA,Dinwiddie,1004.274482
VA,Essex,475.3173891
VA,Fairfax,23839.42701
VA,Fauquier,838.9547653
VA,Floyd,697.1295301
VA,Fluvanna,1272.389035
VA,Franklin,1468.590188
VA,Frederick,1758.942383
VA,Giles,22.83435938
VA,Gloucester,678.2716691
VA,Goochland,419.3349718
VA,Grayson,644.6217926
VA,Greene,0
VA,Greensville,147.7471185
VA,Halifax,1561.436974
VA,Hanover,2662.844479
VA,Henrico,7801.037687
VA,Henry,2016.371986
VA,Highland,579.0000035
VA,Isle of Wight,958.4381882
VA,James City,5071.413179
VA,King and Queen,85.2789103
VA,King George,
VA,King William,259.6333016
VA,Lancaster,101.427929
VA,Lee,2.387485126
VA,Loudoun,3505.929637
VA,Louisa,97.93787049
VA,Lunenburg,1.773979158
VA,Madison,77.0256066
VA,Mathews,0
VA,Mecklenburg,474.200197
VA,Middlesex,23.31873086
VA,Montgomery,1507.694129
VA,Nelson,186.6811891
VA,New Kent,0
VA,Northampton,73.64159977
VA,Northumberland,434.8207121
VA,Nottoway,1328.753436
VA,Orange,1890.03335
VA,Page,234.5188697
VA,Patrick,383.4237839
VA,Pittsylvania,1605.428301
VA,Powhatan,229.4918647
VA,Prince Edward,479.6000012
VA,Prince George,573.4708429
VA,Prince William,4648.840546
VA,Pulaski,817.9344273
VA,Rappahannock,1064.226322
VA,Richmond,143.3995713
VA,Roanoke,3267.439376
VA,Rockbridge,899.3027779
VA,Rockingham,2795.635983
VA,Russell,269.5822072
VA,Scott,471.0454643
VA,Shenandoah,446.3698647
VA,Smyth,744.1162178
VA,Southampton,610.6789267
VA,Spotsylvania,2186.432153
VA,Stafford,1913.396622
VA,Surry,352.6047729
VA,Sussex,736.3644933
VA,Tazewell,1603.59992
VA,Warren,642.8159259
VA,Washington,1130.73951
VA,Westmoreland,210.2061525
VA,Wise,345.3739846
VA,Wythe,271.612418
VA,York,3458.629407
VA,Alexandria,
VA,Bedford,200.7928288
VA,Bristol,829.2486347
VA,Buena Vista,991.6043975
VA,Charlottesville,191.5110376
VA,Chesapeake,4070.927981
VA,Colonial Heights,602.4642893
VA,Covington,226.6414816
VA,Danville,926.5475015
VA,Emporia,8.864589526
VA,Fairfax,103.1558338
VA,Falls Church,
VA,Franklin,930.9039691
VA,Fredericksburg,129.9096149
VA,Galax,43.46938312
VA,Hampton,4836.994761
VA,Harrisonburg,75.69815748
VA,Hopewell,1370.590678
VA,Lexington,127.4436147
VA,Lynchburg,1801.297011
VA,Manassas,143.9623786
VA,Manassas Park,317.5876147
VA,Martinsville,712.3464139
VA,Newport News,4018.467315
VA,Norfolk,4376.757631
VA,Norton,52.82222989
VA,Petersburg,1597.163292
VA,Poquoson,725.4667818
VA,Portsmouth,2526.76345
VA,Radford,263.0893787
VA,Richmond,6216.665476
VA,Roanoke,2201.612954
VA,Salem,1404.895388
VA,Staunton,370.3008275
VA,Suffolk,1995.165277
VA,Virginia Beach,7234.041692
VA,Waynesboro,371.4587609
VA,Williamsburg,504.6699599
VA,Winchester,841.6568354
WA,Adams,371.7531603
WA,Asotin,809.1468864
WA,Benton,3843.043534
WA,Chelan,2737.464282
WA,Clallam,3472.421171
WA,Clark,8916.773855
WA,Columbia,275.9313881
WA,Cowlitz,3089.990966
WA,Douglas,2550.077467
WA,Ferry,581.0961195
WA,Franklin,1817.623056
WA,Garfield,504.5163612
WA,Grant,2354.454398
WA,Grays Harbor,4089.902276
WA,Island,2303.821191
WA,Jefferson,1507.064027
WA,King,35619.20094
WA,Kitsap,9797.708931
WA,Kittitas,910.0159134
WA,Klickitat,1230.147716
WA,Lewis,3482.510734
WA,Lincoln,1279.061156
WA,Mason,934.3922699
WA,Okanogan,1276.520029
WA,Pacific,1529.216807
WA,Pend Oreille,791.5140457
WA,Pierce,27581.59458
WA,San Juan,13.99999976
WA,Skagit,5660.823603
WA,Skamania,62.04509954
WA,Snohomish,15549.13151
WA,Spokane,8859.195297
WA,Stevens,2231.467974
WA,Thurston,9166.777648
WA,Wahkiakum,817.938854
WA,Walla Walla,1652.891841
WA,Whatcom,8846.138005
WA,Whitman,1355.255766
WA,Yakima,4044.09193
WV,Barbour,134.7424078
WV,Berkeley,2353.866068
WV,Boone,270.8760043
WV,Braxton,491.5490369
WV,Brooke,1095.202646
WV,Cabell,2533.533902
WV,Calhoun,184.3483292
WV,Clay,255.7363157
WV,Doddridge,78.0979787
WV,Fayette,1146.083897
WV,Gilmer,74.31219011
WV,Grant,522.2699796
WV,Greenbrier,1168.808423
WV,Hampshire,1276.079511
WV,Hancock,1795.442822
WV,Hardy,918.2256964
WV,Harrison,1451.110598
WV,Jackson,617.9769294
WV,Jefferson,276.8755283
WV,Kanawha,7298.504075
WV,Lewis,130.4117193
WV,Lincoln,0
WV,Logan,347.3118576
WV,McDowell,39.60011309
WV,Marion,1652.328301
WV,Marshall,1493.009363
WV,Mason,1068.412896
WV,Mercer,2064.351551
WV,Mineral,710.4904791
WV,Mingo,189.5468544
WV,Monongalia,2157.039717
WV,Monroe,401.761034
WV,Morgan,653.612576
WV,Nicholas,283.0893219
WV,Ohio,2422.523804
WV,Pendleton,649.2863112
WV,Pleasants,89.05608037
WV,Pocahontas,753.5862768
WV,Preston,801.6324996
WV,Putnam,1669.969612
WV,Raleigh,4339.735772
WV,Randolph,567.5096843
WV,Ritchie,218.103775
WV,Roane,481.2012283
WV,Summers,376.0371042
WV,Taylor,70.46979518
WV,Tucker,64.22514358
WV,Tyler,184.792486
WV,Upshur,313.1666763
WV,Wayne,818.081858
WV,Webster,31.36462639
WV,Wetzel,1406.582234
WV,Wirt,2.208358233
WV,Wood,3250.439841
WV,Wyoming,316.518596
WI,Adams,390.5138648
WI,Ashland,849.7454973
WI,Barron,834.9278037
WI,Bayfield,1183.917787
WI,Brown,6267.120594
WI,Buffalo,619.7888222
WI,Burnett,483.8339673
WI,Calumet,1078.838613
WI,Chippewa,1258.876107
WI,Clark,360.7249091
WI,Columbia,558.9667153
WI,Crawford,412.5173883
WI,Dane,10564.93063
WI,Dodge,1554.207109
WI,Door,540.8591329
WI,Douglas,2135.271223
WI,Dunn,974.0261714
WI,Eau Claire,2767.195183
WI,Florence,130.7390929
WI,Fond du Lac,2848.436339
WI,Forest,809.1808013
WI,Grant,942.1735832
WI,Green,1015.099276
WI,Green Lake,628.3555797
WI,Iowa,656.0852838
WI,Iron,255.8828303
WI,Jackson,988.9148793
WI,Jefferson,974.0791821
WI,Juneau,1098.522277
WI,Kenosha,4200.40566
WI,Kewaunee,20.81171405
WI,La Crosse,3427.992567
WI,Lafayette,426.0718045
WI,Langlade,1625.109525
WI,Lincoln,663.659981
WI,Manitowoc,2342.725448
WI,Marathon,4386.319829
WI,Marinette,2477.385474
WI,Marquette,43.08207594
WI,Menominee,83.98675896
WI,Milwaukee,11004.20911
WI,Monroe,1013.816208
WI,Oconto,854.2697172
WI,Oneida,863.8915247
WI,Outagamie,2150.013321
WI,Ozaukee,4044.817198
WI,Pepin,
WI,Pierce,1145.821136
WI,Polk,144.5628662
WI,Portage,1760.764788
WI,Price,315.8102687
WI,Racine,7187.291755
WI,Richland,640.9739049
WI,Rock,6280.198704
WI,Rusk,1051.389382
WI,St. Croix,997.239327
WI,Sauk,653.138828
WI,Sawyer,789.5400904
WI,Shawano,690.4277988
WI,Sheboygan,1794.104489
WI,Taylor,854.9720374
WI,Trempealeau,58.08816361
WI,Vernon,771.8165659
WI,Vilas,487.4126154
WI,Walworth,3649.243948
WI,Washburn,700.1805038
WI,Washington,3124.83017
WI,Waukesha,18158.82416
WI,Waupaca,1655.042142
WI,Waushara,76.16327413
WI,Winnebago,4438.091207
WI,Wood,2664.721872
WY,Albany,1284.221338
WY,Big Horn,365.0025896
WY,Campbell,598.1095536
WY,Carbon,1185.076849
WY,Converse,194.1558605
WY,Crook,303.2077057
WY,Fremont,810.5459061
WY,Goshen,611.4169172
WY,Hot Springs,43.21798982
WY,Johnson,275.8137815
WY,Laramie,3324.171744
WY,Lincoln,284.4437566
WY,Natrona,4084.784898
WY,Niobrara,146.4300229
WY,Park,1077.186562
WY,Platte,387.0578339
WY,Sheridan,1924.728713
WY,Sublette,243.7712119
WY,Sweetwater,1951.212126
WY,Teton,657.160241
WY,Uinta,437.1304011
WY,Washakie,219.4900148
WY,Weston,213.3371632