State,County,LACCESS_NHASIAN15
AL,Autauga,86.76797517
AL,Baldwin,212.9463784
AL,Barbour,17.09641004
AL,Bibb,1.994317987
AL,Blount,8.428994396
AL,Bullock,0.968748205
AL,Butler,4.955498356
AL,Calhoun,235.0712025
AL,Chambers,108.4934056
AL,Cherokee,0
AL,Chilton,2.446085968
AL,Choctaw,0
AL,Clarke,13.88110232
AL,Clay,0.960742453
AL,Cleburne,0.119914184
AL,Coffee,233.563263
AL,Colbert,81.87426588
AL,Conecuh,3.985779594
AL,Coosa,1.610866123
AL,Covington,4.166840099
AL,Crenshaw,9.556122019
AL,Cullman,55.31148202
AL,Dale,157.249138
AL,Dallas,20.94736255
AL,DeKalb,19.74817098
AL,Elmore,56.90102571
AL,Escambia,3.611381238
AL,Etowah,133.5546985
AL,Fayette,0
AL,Franklin,15.15059862
AL,Geneva,1.554446768
AL,Greene,1.927990615
AL,Hale,0
AL,Henry,0
AL,Houston,294.621203
AL,Jackson,21.47277523
AL,Jefferson,1808.048713
AL,Lamar,0
AL,Lauderdale,117.0300874
AL,Lawrence,1.501416806
AL,Lee,966.4745649
AL,Limestone,30.41409064
AL,Lowndes,2.048642036
AL,Macon,44.15573905
AL,Madison,2694.851906
AL,Marengo,3.132893264
AL,Marion,0.259164271
AL,Marshall,102.8900483
AL,Mobile,1982.744933
AL,Monroe,7.287220595
AL,Montgomery,713.3230211
AL,Morgan,111.746147
AL,Perry,5.999999888
AL,Pickens,1.000000015
AL,Pike,26.38716711
AL,Randolph,6.730663712
AL,Russell,31.19048547
AL,St. Clair,40.8617616
AL,Shelby,1017.045503
AL,Sumter,2.000000007
AL,Talladega,94.43092892
AL,Tallapoosa,17.30787457
AL,Tuscaloosa,375.8340569
AL,Walker,39.28389622
AL,Washington,2.134174135
AL,Wilcox,4.000000042
AL,Winston,2.045576096
AK,Aleutians East,787.9999923
AK,Aleutians West,202.293689
AK,Anchorage,5615.873556
AK,Bethel,28.7930347
AK,Bristol Bay,8.000000014
AK,Denali,18.99999997
AK,Dillingham,0
AK,Fairbanks North Star,825.2925556
AK,Haines,4.035394716
AK,Hoonah-Angoon,12.00000002
AK,Juneau,497.7072152
AK,Kenai Peninsula,142.1181666
AK,Ketchikan Gateway,15.0298256
AK,Kodiak Island,31.88383973
AK,Lake and Peninsula,5.875587507
AK,Matanuska-Susitna,239.0551325
AK,Nome,11.9999999
AK,North Slope,76.4862048
AK,Northwest Arctic,2.000000008
AK,Petersburg,2.005090508
AK,Prince of Wales-Hyder,6.00000002
AK,Sitka,46.11099473
AK,Skagway,0
AK,Southeast Fairbanks,28.39901769
AK,Valdez-Cordova,74.16924221
AK,Wade Hampton,9.000000049
AK,Wrangell,6.287618639
AK,Yakutat,27
AK,Yukon-Koyukuk,13.99999986
AZ,Apache,106.0072329
AZ,Cochise,1346.285528
AZ,Coconino,322.5797447
AZ,Gila,48.65160857
AZ,Graham,71.32546494
AZ,Greenlee,34.65010694
AZ,La Paz,35.17360749
AZ,Maricopa,14730.52304
AZ,Mohave,769.304758
AZ,Navajo,163.7590746
AZ,Pima,4468.907193
AZ,Pinal,661.7678579
AZ,Santa Cruz,70.44476674
AZ,Yavapai,508.1998411
AZ,Yuma,581.1563401
AR,Arkansas,22.03697011
AR,Ashley,7.562366249
AR,Baxter,23.02234545
AR,Benton,651.8936326
AR,Boone,33.13123775
AR,Bradley,6.112623039
AR,Calhoun,3.267539414
AR,Carroll,18.76831056
AR,Chicot,48.2966976
AR,Clark,57.2730467
AR,Clay,1.813277662
AR,Cleburne,2.996186721
AR,Cleveland,1
AR,Columbia,66.33898448
AR,Conway,13.07686206
AR,Craighead,370.3505037
AR,Crawford,279.8262963
AR,Crittenden,66.31969193
AR,Cross,7.509429362
AR,Dallas,1
AR,Desha,10.11746397
AR,Drew,23.51628118
AR,Faulkner,326.1813653
AR,Franklin,8.807795724
AR,Fulton,0.062822979
AR,Garland,232.0092614
AR,Grant,3.043598177
AR,Greene,28.56418612
AR,Hempstead,27.69892761
AR,Hot Spring,32.98468523
AR,Howard,44.98764994
AR,Independence,63.4610201
AR,Izard,2.220872369
AR,Jackson,8.715389512
AR,Jefferson,180.2535174
AR,Johnson,3.845868364
AR,Lafayette,16.89032661
AR,Lawrence,3.000000037
AR,Lee,34.27516391
AR,Lincoln,16.08358706
AR,Little River,11.33044426
AR,Logan,37.48346235
AR,Lonoke,86.93613245
AR,Madison,18.71103887
AR,Marion,4.64326817
AR,Miller,77.40653941
AR,Mississippi,33.13556417
AR,Monroe,1.348738547
AR,Montgomery,4.464375398
AR,Nevada,11.76471923
AR,Newton,9.340336497
AR,Ouachita,12.73038173
AR,Perry,2.691894656
AR,Phillips,27.325853
AR,Pike,10.26376601
AR,Poinsett,13.7484376
AR,Polk,19.86539986
AR,Pope,131.6472948
AR,Prairie,3.000000036
AR,Pulaski,1460.646999
AR,Randolph,14.17140393
AR,St. Francis,40.33967856
AR,Saline,175.4165458
AR,Scott,38.11621386
AR,Searcy,4.013612359
AR,Sebastian,557.1186671
AR,Sevier,16.38714012
AR,Sharp,8.21881092
AR,Stone,8.233514994
AR,Union,46.76018198
AR,Van Buren,0.793169245
AR,Washington,641.017926
AR,White,26.50540258
AR,Woodruff,0
AR,Yell,31.84915119
CA,Alameda,30754.54251
CA,Alpine,3.999999978
CA,Amador,75.62635102
CA,Butte,1997.877856
CA,Calaveras,59.98645565
CA,Colusa,17.93295695
CA,Contra Costa,25948.54462
CA,Del Norte,221.0847744
CA,El Dorado,2051.120656
CA,Fresno,10923.18257
CA,Glenn,43.12974412
CA,Humboldt,357.1066933
CA,Imperial,394.6106433
CA,Inyo,101.3820691
CA,Kern,4318.154674
CA,Kings,1271.17704
CA,Lake,119.370972
CA,Lassen,141.5146663
CA,Los Angeles,76998.34856
CA,Madera,619.5981624
CA,Marin,1577.087035
CA,Mariposa,58.92447269
CA,Mendocino,328.2257499
CA,Merced,2981.341215
CA,Modoc,6.320266849
CA,Mono,82.33668316
CA,Monterey,2965.116505
CA,Napa,317.3542925
CA,Nevada,327.76164
CA,Orange,29029.91552
CA,Placer,2916.519539
CA,Plumas,11.92517837
CA,Riverside,21116.34492
CA,Sacramento,25815.72579
CA,San Benito,334.0323315
CA,San Bernardino,23250.21346
CA,San Diego,40484.6193
CA,San Francisco,805.4307113
CA,San Joaquin,13692.29603
CA,San Luis Obispo,1092.986486
CA,San Mateo,13286.69962
CA,Santa Barbara,2260.033563
CA,Santa Clara,41894.60053
CA,Santa Cruz,2612.757499
CA,Shasta,1046.953742
CA,Sierra,8.230215568
CA,Siskiyou,103.468845
CA,Solano,12806.07059
CA,Sonoma,2732.030261
CA,Stanislaus,3194.187178
CA,Sutter,5474.954754
CA,Tehama,166.8293213
CA,Trinity,14.48818464
CA,Tulare,1838.050661
CA,Tuolumne,143.5071722
CA,Ventura,8959.427158
CA,Yolo,575.0919419
CA,Yuba,818.3615585
CO,Adams,2023.426687
CO,Alamosa,5.964144805
CO,Arapahoe,4023.170654
CO,Archuleta,21.40770208
CO,Baca,1.999999944
CO,Bent,18.4172058
CO,Boulder,1345.268247
CO,Broomfield,1036.20401
CO,Chaffee,8.489393966
CO,Cheyenne,2.8542476
CO,Clear Creek,7.464104485
CO,Conejos,0
CO,Costilla,33.99999981
CO,Crowley,1.999999951
CO,Custer,1.932198578
CO,Delta,12.78839695
CO,Denver,1828.001871
CO,Dolores,1.999999912
CO,Douglas,1579.475419
CO,Eagle,80.78377662
CO,Elbert,23.55246657
CO,El Paso,4414.898887
CO,Fremont,65.87476379
CO,Garfield,73.45335877
CO,Gilpin,0
CO,Grand,0.853718074
CO,Gunnison,7.316997464
CO,Hinsdale,0.364288031
CO,Huerfano,7.814773791
CO,Jackson,0
CO,Jefferson,3063.604602
CO,Kiowa,0
CO,Kit Carson,3.999999968
CO,Lake,4.143450407
CO,La Plata,55.45479021
CO,Larimer,843.3113774
CO,Las Animas,45.36344469
CO,Lincoln,5.482238066
CO,Logan,11.5070622
CO,Mesa,321.869065
CO,Mineral,0
CO,Moffat,21.5295293
CO,Montezuma,23.93630875
CO,Montrose,61.27208307
CO,Morgan,2.673810482
CO,Otero,65.10716129
CO,Ouray,0.488738854
CO,Park,54.29102908
CO,Phillips,0.689524347
CO,Pitkin,21.80084011
CO,Prowers,12.32974377
CO,Pueblo,420.5098006
CO,Rio Blanco,0.727010463
CO,Rio Grande,9.268254135
CO,Routt,44.11250464
CO,Saguache,3.212331266
CO,San Juan,8.000000114
CO,San Miguel,1.527639607
CO,Sedgwick,3.892174003
CO,Summit,45.31231752
CO,Teller,21.19074919
CO,Washington,5.975247803
CO,Weld,277.4947396
CO,Yuma,3.852154733
CT,Fairfield,9284.399082
CT,Hartford,10028.02706
CT,Litchfield,729.3553945
CT,Middlesex,1287.400875
CT,New Haven,7944.991817
CT,New London,4259.103223
CT,Tolland,1797.450221
CT,Windham,264.4290925
DE,Kent,579.8693496
DE,New Castle,7147.861725
DE,Sussex,260.7356063
DC,District of Columbia,209.9839247
FL,Alachua,1860.901787
FL,Baker,51.7350793
FL,Bay,1181.486071
FL,Bradford,6.669107929
FL,Brevard,4219.502756
FL,Broward,5665.64142
FL,Calhoun,6.728460113
FL,Charlotte,755.0957513
FL,Citrus,560.2461459
FL,Clay,1014.369556
FL,Collier,925.1490733
FL,Columbia,89.96008411
FL,DeSoto,6.90686074
FL,Dixie,3.964427203
FL,Duval,9671.900394
FL,Escambia,3460.528277
FL,Flagler,849.6614306
FL,Franklin,0.017689681
FL,Gadsden,9.900181014
FL,Gilchrist,0
FL,Glades,29.56317727
FL,Gulf,10.58123422
FL,Hamilton,21.59281769
FL,Hardee,92.27759613
FL,Hendry,17.95491932
FL,Hernando,629.0700539
FL,Highlands,691.0202588
FL,Hillsborough,11569.31131
FL,Holmes,7.739720948
FL,Indian River,585.2496312
FL,Jackson,30.89606057
FL,Jefferson,6.805118236
FL,Lafayette,0
FL,Lake,1128.254048
FL,Lee,2064.602292
FL,Leon,2437.905156
FL,Levy,13.72523692
FL,Liberty,4.530787121
FL,Madison,7.57090659
FL,Manatee,1060.526184
FL,Marion,1240.429428
FL,Martin,412.6839508
FL,Miami-Dade,2231.018203
FL,Monroe,185.2593024
FL,Nassau,154.7179375
FL,Okaloosa,1897.589237
FL,Okeechobee,126.8565012
FL,Orange,10837.37336
FL,Osceola,1240.351769
FL,Palm Beach,5422.916325
FL,Pasco,2120.336932
FL,Pinellas,3646.943841
FL,Polk,2913.600289
FL,Putnam,104.8599349
FL,St. Johns,650.813162
FL,St. Lucie,1558.241036
FL,Santa Rosa,1264.567513
FL,Sarasota,1147.832824
FL,Seminole,4702.871829
FL,Sumter,79.93333407
FL,Suwannee,27.62356132
FL,Taylor,24.4888664
FL,Union,5.614601806
FL,Volusia,2315.487105
FL,Wakulla,0.173569709
FL,Walton,65.19471917
FL,Washington,51.27647478
GA,Appling,45.44520432
GA,Atkinson,4.000000024
GA,Bacon,5.602306612
GA,Baker,18.89102504
GA,Baldwin,115.5608958
GA,Banks,3.713567881
GA,Barrow,327.7433968
GA,Bartow,200.2034635
GA,Ben Hill,31.85235108
GA,Berrien,5.125460466
GA,Bibb,509.7053297
GA,Bleckley,4.062962754
GA,Brantley,0
GA,Brooks,1.924474272
GA,Bryan,113.6455687
GA,Bulloch,74.46272551
GA,Burke,3.652489285
GA,Butts,2.229993708
GA,Calhoun,7.013855409
GA,Camden,333.2785879
GA,Candler,0.258717413
GA,Carroll,208.7877705
GA,Catoosa,282.7740062
GA,Charlton,8.872697294
GA,Chatham,1148.550322
GA,Chattahoochee,239.3735565
GA,Chattooga,6.038481718
GA,Cherokee,1202.901877
GA,Clarke,1430.561941
GA,Clay,4.000000181
GA,Clayton,4783.951905
GA,Clinch,3.406832576
GA,Cobb,10849.30395
GA,Coffee,78.52666241
GA,Colquitt,41.15525968
GA,Columbia,1067.382552
GA,Cook,7.823039596
GA,Coweta,512.3253718
GA,Crawford,0
GA,Crisp,1.403235565
GA,Dade,10.42967531
GA,Dawson,2.554737144
GA,Decatur,13.92125415
GA,DeKalb,3764.603591
GA,Dodge,1.839436463
GA,Dooly,1.25782404
GA,Dougherty,227.2780111
GA,Douglas,487.8580881
GA,Early,1.259134222
GA,Echols,0
GA,Effingham,42.41582531
GA,Elbert,38.65799882
GA,Emanuel,33.37567723
GA,Evans,3.764864066
GA,Fannin,0.293396375
GA,Fayette,1104.12378
GA,Floyd,440.5538845
GA,Forsyth,2803.075633
GA,Franklin,2.45736564
GA,Fulton,9223.008569
GA,Gilmer,0.143150477
GA,Glascock,0.999999993
GA,Glynn,183.7153091
GA,Gordon,75.9414102
GA,Grady,11.89691469
GA,Greene,0.999999988
GA,Gwinnett,23992.98867
GA,Habersham,323.9134201
GA,Hall,893.1497561
GA,Hancock,6.32992798
GA,Haralson,6.475768769
GA,Harris,3.056875295
GA,Hart,31.61184173
GA,Heard,5.878591056
GA,Henry,1918.295377
GA,Houston,1035.315623
GA,Irwin,9.000000209
GA,Jackson,18.79877544
GA,Jasper,7.734980406
GA,Jeff Davis,4.151255775
GA,Jefferson,7.91852748
GA,Jenkins,2.050024105
GA,Johnson,2.000000009
GA,Jones,1.268876736
GA,Lamar,3.652294685
GA,Lanier,3.043098235
GA,Laurens,56.66268838
GA,Lee,132.9653849
GA,Liberty,575.5655471
GA,Lincoln,3.489405434
GA,Long,5.146443472
GA,Lowndes,462.896458
GA,Lumpkin,1.159244266
GA,McDuffie,11.10241723
GA,McIntosh,10.00320862
GA,Macon,44.4758207
GA,Madison,2.425087197
GA,Marion,0
GA,Meriwether,4.108922032
GA,Miller,3.00000003
GA,Mitchell,9.006261469
GA,Monroe,12.78139418
GA,Montgomery,3.000000086
GA,Morgan,10.75303644
GA,Murray,16.40134271
GA,Muscogee,1120.182612
GA,Newton,356.543849
GA,Oconee,357.296835
GA,Oglethorpe,13.94796845
GA,Paulding,311.938936
GA,Peach,54.37218632
GA,Pickens,3.375802946
GA,Pierce,3.618858183
GA,Pike,0
GA,Polk,36.83587188
GA,Pulaski,9.300033352
GA,Putnam,1.10419775
GA,Quitman,0.006831806
GA,Rabun,0.159179431
GA,Randolph,9.582622392
GA,Richmond,1384.214326
GA,Rockdale,687.865694
GA,Schley,0.372721087
GA,Screven,4.916068744
GA,Seminole,0.204918206
GA,Spalding,105.2962365
GA,Stephens,36.0479876
GA,Stewart,0.180181587
GA,Sumter,139.7458164
GA,Talbot,0
GA,Taliaferro,6.999999942
GA,Tattnall,1.284276618
GA,Taylor,9.72005064
GA,Telfair,0
GA,Terrell,4.055895616
GA,Thomas,52.99564577
GA,Tift,66.32915918
GA,Toombs,25.45643
GA,Towns,0
GA,Treutlen,0.839521579
GA,Troup,194.7465259
GA,Turner,0.956479269
GA,Twiggs,0
GA,Union,0.264729639
GA,Upson,34.093661
GA,Walker,61.2050048
GA,Walton,126.3638297
GA,Ware,89.09171469
GA,Warren,0
GA,Washington,21.73860749
GA,Wayne,65.50401527
GA,Webster,0
GA,Wheeler,5.832268029
GA,White,
GA,Whitfield,347.4827449
GA,Wilcox,0.935811034
GA,Wilkes,2.526391249
GA,Wilkinson,5.307453922
GA,Worth,1.098116368
HI,Hawaii,17810.66221
HI,Honolulu,74726.75982
HI,Kalawao,0
HI,Kauai,8201.156318
HI,Maui,10794.21245
ID,Ada,1567.883818
ID,Adams,4.031304882
ID,Bannock,312.7322784
ID,Bear Lake,10.28860613
ID,Benewah,4.781860262
ID,Bingham,86.70861693
ID,Blaine,66.07248597
ID,Boise,12.68644762
ID,Bonner,30.74939224
ID,Bonneville,225.9182865
ID,Boundary,10.49080465
ID,Butte,0.911723718
ID,Camas,1
ID,Canyon,318.518551
ID,Caribou,5.820053427
ID,Cassia,23.24098245
ID,Clark,4.999999832
ID,Clearwater,11.24943376
ID,Custer,1.43350514
ID,Elmore,369.5359253
ID,Franklin,0
ID,Fremont,1
ID,Gem,29.97323002
ID,Gooding,0.00176012
ID,Idaho,15.34847575
ID,Jefferson,22.11174251
ID,Jerome,17.38161228
ID,Kootenai,270.375943
ID,Latah,51.58435338
ID,Lemhi,7.162327202
ID,Lewis,7.999999768
ID,Lincoln,19.72547927
ID,Madison,55.6378304
ID,Minidoka,15.94602811
ID,Nez Perce,35.70359631
ID,Oneida,0
ID,Owyhee,11.7366868
ID,Payette,35.67328573
ID,Power,0
ID,Shoshone,0.420731713
ID,Teton,4.23821872
ID,Twin Falls,39.24233633
ID,Valley,7.99999989
ID,Washington,10.62255631
IL,Adams,97.12616769
IL,Alexander,4.584025837
IL,Bond,17.88247356
IL,Boone,186.8531484
IL,Brown,3.852738727
IL,Bureau,72.4050634
IL,Calhoun,3.000000059
IL,Carroll,8.999999992
IL,Cass,1.098652143
IL,Champaign,2862.433829
IL,Christian,14.33526137
IL,Clark,3.473460705
IL,Clay,4.378181714
IL,Clinton,12.51090127
IL,Coles,62.73664439
IL,Cook,29637.53594
IL,Crawford,7.751815818
IL,Cumberland,
IL,DeKalb,824.1021534
IL,De Witt,1.366709978
IL,Douglas,17.0615063
IL,DuPage,21664.47943
IL,Edgar,13.31586769
IL,Edwards,3
IL,Effingham,33.06283957
IL,Fayette,22.66793853
IL,Ford,5.819527163
IL,Franklin,7.439156815
IL,Fulton,10.89424322
IL,Gallatin,2.000000019
IL,Greene,0.435712209
IL,Grundy,66.01808872
IL,Hamilton,3.151122294
IL,Hancock,14.90661966
IL,Hardin,7.02091204
IL,Henderson,0
IL,Henry,37.21794332
IL,Iroquois,18.07154713
IL,Jackson,162.8399594
IL,Jasper,7.674067626
IL,Jefferson,30.80340001
IL,Jersey,19.77306095
IL,Jo Daviess,9.84145871
IL,Johnson,5.559241348
IL,Kane,3392.073409
IL,Kankakee,109.7116291
IL,Kendall,499.0633841
IL,Knox,54.16132383
IL,Lake,16749.61333
IL,LaSalle,111.0622846
IL,Lawrence,1.727729773
IL,Lee,34.70331204
IL,Livingston,7.473299107
IL,Logan,58.25335931
IL,McDonough,156.5125881
IL,McHenry,3971.716593
IL,McLean,1976.930485
IL,Macon,379.9969446
IL,Macoupin,20.26381222
IL,Madison,894.5590177
IL,Marion,36.2826185
IL,Marshall,10.83361229
IL,Mason,18.99165649
IL,Massac,3.724691149
IL,Menard,0.328640424
IL,Mercer,3.624652088
IL,Monroe,51.50118133
IL,Montgomery,22.81493957
IL,Morgan,49.81894829
IL,Moultrie,0.945372701
IL,Ogle,31.72265542
IL,Peoria,2332.460149
IL,Perry,17.21642704
IL,Piatt,4.465133578
IL,Pike,1.962502151
IL,Pope,2.182039152
IL,Pulaski,6.445580579
IL,Putnam,1.999999963
IL,Randolph,15.23625153
IL,Richland,6.436324425
IL,Rock Island,343.2452505
IL,St. Clair,1204.772305
IL,Saline,24.81306919
IL,Sangamon,946.4101652
IL,Schuyler,0
IL,Scott,4.000000119
IL,Shelby,19.17492319
IL,Stark,1.01262134
IL,Stephenson,27.82691259
IL,Tazewell,450.8559876
IL,Union,7.613224663
IL,Vermilion,93.40559515
IL,Wabash,3.321981389
IL,Warren,10.49688806
IL,Washington,0.999999993
IL,Wayne,11.63265654
IL,White,11.33189727
IL,Whiteside,44.93561231
IL,Will,9460.538303
IL,Williamson,78.77801338
IL,Winnebago,1729.327499
IL,Woodford,34.65891194
IN,Adams,6.825510232
IN,Allen,2940.196583
IN,Bartholomew,578.6010787
IN,Benton,0
IN,Blackford,0
IN,Boone,108.429765
IN,Brown,2.817967532
IN,Carroll,0.11151593
IN,Cass,24.48833335
IN,Clark,220.1834479
IN,Clay,2.950582545
IN,Clinton,7.641703789
IN,Crawford,1.517627598
IN,Daviess,61.17642732
IN,Dearborn,78.61308542
IN,Decatur,19.67594336
IN,DeKalb,45.38597643
IN,Delaware,310.8388015
IN,Dubois,3.903455431
IN,Elkhart,463.5428436
IN,Fayette,12.16992517
IN,Floyd,231.9439499
IN,Fountain,9.835947977
IN,Franklin,2.145890857
IN,Fulton,6.552057687
IN,Gibson,13.12715022
IN,Grant,81.43243029
IN,Greene,8.654234866
IN,Hamilton,3732.362286
IN,Hancock,168.0517202
IN,Harrison,2.608084531
IN,Hendricks,671.5788215
IN,Henry,7.110128805
IN,Howard,303.4304027
IN,Huntington,40.02085416
IN,Jackson,108.2021298
IN,Jasper,14.49235307
IN,Jay,12.39106313
IN,Jefferson,39.30168522
IN,Jennings,26.87763039
IN,Johnson,590.9108965
IN,Knox,57.23317891
IN,Kosciusko,129.1050564
IN,LaGrange,0
IN,Lake,1800.474564
IN,LaPorte,152.2257096
IN,Lawrence,14.99541771
IN,Madison,131.8983742
IN,Marion,4001.735506
IN,Marshall,52.7005982
IN,Martin,0
IN,Miami,39.95059247
IN,Monroe,711.3394811
IN,Montgomery,27.84569754
IN,Morgan,36.75060524
IN,Newton,5.683373319
IN,Noble,9.262134726
IN,Ohio,
IN,Orange,17.14816078
IN,Owen,0.017067853
IN,Parke,6.380116754
IN,Perry,9.193878281
IN,Pike,2.345819504
IN,Porter,646.8459232
IN,Posey,8.795965333
IN,Pulaski,3.989063738
IN,Putnam,3.680810288
IN,Randolph,10.06526216
IN,Ripley,36.88824198
IN,Rush,0.332046614
IN,St. Joseph,1546.545229
IN,Scott,0.663990137
IN,Shelby,106.275534
IN,Spencer,0
IN,Starke,0.716968029
IN,Steuben,31.24714657
IN,Sullivan,0.090759447
IN,Switzerland,0
IN,Tippecanoe,2053.708509
IN,Tipton,3.647745389
IN,Union,
IN,Vanderburgh,473.8449248
IN,Vermillion,2.999999961
IN,Vigo,641.3591709
IN,Wabash,31.95300894
IN,Warren,0
IN,Warrick,448.5957278
IN,Washington,6.147915914
IN,Wayne,83.72891046
IN,Wells,10.74285152
IN,White,18.07350733
IN,Whitley,9.500414248
IA,Adair,0.999999961
IA,Adams,0
IA,Allamakee,0.71215377
IA,Appanoose,1.005790856
IA,Audubon,2.965889732
IA,Benton,8.54985364
IA,Black Hawk,404.4717801
IA,Boone,20.08876145
IA,Bremer,26.10848903
IA,Buchanan,29.06733549
IA,Buena Vista,44.95024656
IA,Butler,17.00000003
IA,Calhoun,0.375398919
IA,Carroll,2.52882885
IA,Cass,2.175577106
IA,Cedar,7.113408105
IA,Cerro Gordo,56.09195499
IA,Cherokee,2.464122534
IA,Chickasaw,8.563831221
IA,Clarke,0.123715607
IA,Clay,7.319730154
IA,Clayton,2.98981829
IA,Clinton,64.00836521
IA,Crawford,16.938529
IA,Dallas,175.4238036
IA,Davis,8.000000008
IA,Decatur,1.839943017
IA,Delaware,4.513344519
IA,Des Moines,92.70843123
IA,Dickinson,9.363635221
IA,Dubuque,106.8848163
IA,Emmet,6.881583706
IA,Fayette,3.787499575
IA,Floyd,3.068076948
IA,Franklin,8.000000072
IA,Fremont,15.15023419
IA,Greene,2.63031156
IA,Grundy,3.999999925
IA,Guthrie,8.453764945
IA,Hamilton,130.4841162
IA,Hancock,2.999999976
IA,Hardin,6.056769793
IA,Harrison,3.89211791
IA,Henry,153.9626935
IA,Howard,3.889630342
IA,Humboldt,2.999999993
IA,Ida,0
IA,Iowa,8.320393706
IA,Jackson,9.560850333
IA,Jasper,26.33128154
IA,Jefferson,25.31415807
IA,Johnson,1122.976455
IA,Jones,14.77643925
IA,Keokuk,4.999999983
IA,Kossuth,27.44730961
IA,Lee,23.02009295
IA,Linn,1099.243228
IA,Louisa,0
IA,Lucas,11.17871181
IA,Lyon,2
IA,Madison,3.999999937
IA,Mahaska,51.51179652
IA,Marion,34.19683019
IA,Marshall,86.51949378
IA,Mills,3.708633528
IA,Mitchell,4.984003633
IA,Monona,2
IA,Monroe,5.804577165
IA,Montgomery,5.336459216
IA,Muscatine,75.46477738
IA,O'Brien,14.50118267
IA,Osceola,0.999999933
IA,Page,24.42603666
IA,Palo Alto,6.169855144
IA,Plymouth,0.862317161
IA,Pocahontas,2.969658167
IA,Polk,1837.972003
IA,Pottawattamie,199.8112384
IA,Poweshiek,16.7348779
IA,Ringgold,0
IA,Sac,4.999999994
IA,Scott,324.8485075
IA,Shelby,15.00000002
IA,Sioux,20.01517202
IA,Story,1047.477089
IA,Tama,3.003015314
IA,Taylor,0.185003788
IA,Union,8.071481075
IA,Van Buren,20.19788926
IA,Wapello,97.13653087
IA,Warren,32.22548987
IA,Washington,7.307702295
IA,Wayne,10.99999972
IA,Webster,79.32927204
IA,Winnebago,8.606817374
IA,Winneshiek,9.343574788
IA,Woodbury,284.7151501
IA,Worth,0.999999961
IA,Wright,0.272436755
KS,Allen,23.55177472
KS,Anderson,1.090341751
KS,Atchison,7.935774868
KS,Barber,0
KS,Barton,6.97059124
KS,Bourbon,7.975401869
KS,Brown,2.825060572
KS,Butler,138.2431608
KS,Chase,9.000000005
KS,Chautauqua,1
KS,Cherokee,8.760834256
KS,Cheyenne,0
KS,Clark,17.00000017
KS,Clay,9.000000065
KS,Cloud,5.449307745
KS,Coffey,12.95201746
KS,Comanche,0.030555849
KS,Cowley,213.8847375
KS,Crawford,75.12480991
KS,Decatur,0.20876295
KS,Dickinson,1.149321478
KS,Doniphan,9.391132958
KS,Douglas,443.101627
KS,Edwards,0
KS,Elk,12.00000013
KS,Ellis,106.3613055
KS,Ellsworth,7.000000037
KS,Finney,441.0268271
KS,Ford,84.91114315
KS,Franklin,40.27537444
KS,Geary,428.0328027
KS,Gove,0
KS,Graham,1.000000001
KS,Grant,2.40479058
KS,Gray,1.999999991
KS,Greeley,4.000000011
KS,Greenwood,6.000000041
KS,Hamilton,6.999999896
KS,Harper,0
KS,Harvey,28.52424053
KS,Haskell,10.00000042
KS,Hodgeman,0
KS,Jackson,0.273018893
KS,Jefferson,0
KS,Jewell,0
KS,Johnson,3724.055802
KS,Kearny,11.99999969
KS,Kingman,4.050579281
KS,Kiowa,15.99999998
KS,Labette,12.55713987
KS,Lane,0.999999977
KS,Leavenworth,437.5191353
KS,Lincoln,1.052020288
KS,Linn,1.991000957
KS,Logan,1.728095868
KS,Lyon,52.44451445
KS,McPherson,27.3424027
KS,Marion,5.217174795
KS,Marshall,0
KS,Meade,9.999999985
KS,Miami,5.864694923
KS,Mitchell,8
KS,Montgomery,62.54016734
KS,Morris,6.664789504
KS,Morton,2
KS,Nemaha,3.999999937
KS,Neosho,1.999999997
KS,Ness,1
KS,Norton,13.49544194
KS,Osage,7.000000046
KS,Osborne,5.999999977
KS,Ottawa,2.917109957
KS,Pawnee,1.341138011
KS,Phillips,9.000000042
KS,Pottawatomie,0.00574579
KS,Pratt,10.00000026
KS,Rawlins,1.999999983
KS,Reno,66.16195918
KS,Republic,3.92929856
KS,Rice,1.993692696
KS,Riley,1243.693459
KS,Rooks,2
KS,Rush,1.000000002
KS,Russell,6.239948104
KS,Saline,141.7532002
KS,Scott,3.999999954
KS,Sedgwick,5433.837146
KS,Seward,3.000000005
KS,Shawnee,316.0454759
KS,Sheridan,0
KS,Sherman,15.00000007
KS,Smith,5.000000004
KS,Stafford,2.999999949
KS,Stanton,0
KS,Stevens,3.999999834
KS,Sumner,9.779012004
KS,Thomas,14.0418109
KS,Trego,1.000000014
KS,Wabaunsee,2.000000009
KS,Wallace,1.000000007
KS,Washington,15.0000002
KS,Wichita,3
KS,Wilson,1.890534801
KS,Woodson,0
KS,Wyandotte,788.6635955
KY,Adair,1.077508163
KY,Allen,0
KY,Anderson,16.64239159
KY,Ballard,0.146688964
KY,Barren,28.07034938
KY,Bath,0
KY,Bell,22.99792573
KY,Boone,1091.289623
KY,Bourbon,6.575576481
KY,Boyd,38.14211205
KY,Boyle,56.36908967
KY,Bracken,0
KY,Breathitt,12.83322067
KY,Breckinridge,2.50340345
KY,Bullitt,138.213823
KY,Butler,0.020308468
KY,Caldwell,6.619469918
KY,Calloway,76.25742496
KY,Campbell,214.8280623
KY,Carlisle,0
KY,Carroll,19.21338176
KY,Carter,2.932996392
KY,Casey,3.330895031
KY,Christian,245.0935408
KY,Clark,8.502821042
KY,Clay,2.710424635
KY,Clinton,0
KY,Crittenden,3.095744967
KY,Cumberland,0
KY,Daviess,174.0544743
KY,Edmonson,0
KY,Elliott,0
KY,Estill,0.544244289
KY,Fayette,915.9466267
KY,Fleming,2.859884467
KY,Floyd,1.321895106
KY,Franklin,58.80187631
KY,Fulton,0
KY,Gallatin,
KY,Garrard,0.001276233
KY,Grant,5.340663048
KY,Graves,25.5934953
KY,Grayson,9.041951717
KY,Green,0.599266877
KY,Greenup,53.0037684
KY,Hancock,0
KY,Hardin,680.742918
KY,Harlan,27.93182159
KY,Harrison,1.627064478
KY,Hart,1.224929435
KY,Henderson,24.99732648
KY,Henry,1.776508656
KY,Hickman,0
KY,Hopkins,67.13811679
KY,Jackson,0
KY,Jefferson,2201.770644
KY,Jessamine,50.82824856
KY,Johnson,22.84571247
KY,Kenton,550.7780009
KY,Knott,0
KY,Knox,5.22521318
KY,Larue,0
KY,Laurel,16.82773054
KY,Lawrence,4.412256272
KY,Lee,0
KY,Leslie,0
KY,Letcher,
KY,Lewis,0
KY,Lincoln,1.74773061
KY,Livingston,2.000000083
KY,Logan,4.12345384
KY,Lyon,0
KY,McCracken,124.1751926
KY,McCreary,0
KY,McLean,0
KY,Madison,152.0111393
KY,Magoffin,0
KY,Marion,1.31088501
KY,Marshall,0.002589867
KY,Martin,0
KY,Mason,24.68389988
KY,Meade,29.75251158
KY,Menifee,0
KY,Mercer,29.99543393
KY,Metcalfe,0
KY,Monroe,0
KY,Montgomery,7.328104735
KY,Morgan,13.34781293
KY,Muhlenberg,0.1747614
KY,Nelson,40.86749136
KY,Nicholas,0.877941224
KY,Ohio,5.701561665
KY,Oldham,261.5132274
KY,Owen,0
KY,Owsley,0
KY,Pendleton,0
KY,Perry,1.768614474
KY,Pike,10.21699791
KY,Powell,5.164051741
KY,Pulaski,51.89567971
KY,Robertson,1.922421666
KY,Rockcastle,0
KY,Rowan,29.79315606
KY,Russell,0
KY,Scott,105.6696807
KY,Shelby,32.48690044
KY,Simpson,4.200197294
KY,Spencer,
KY,Taylor,27.13136894
KY,Todd,0
KY,Trigg,11.85581017
KY,Trimble,1.838880504
KY,Union,5.456563937
KY,Warren,378.7380744
KY,Washington,3.530020879
KY,Wayne,2.623274758
KY,Webster,0.058379367
KY,Whitley,21.08214158
KY,Wolfe,0
KY,Woodford,40.23774009
LA,Acadia,0.617104345
LA,Allen,38.9026497
LA,Ascension,328.7875724
LA,Assumption,16.7987355
LA,Avoyelles,18.98980366
LA,Beauregard,71.09203192
LA,Bienville,10.82200399
LA,Bossier,446.9769157
LA,Caddo,967.7826537
LA,Calcasieu,404.8550974
LA,Caldwell,1.999999958
LA,Cameron,0
LA,Catahoula,0.950947721
LA,Claiborne,2.411044346
LA,Concordia,5.114972356
LA,De Soto,5.11114799
LA,East Baton Rouge,3636.284552
LA,East Carroll,16.2299281
LA,East Feliciana,3.722128518
LA,Evangeline,16.88079571
LA,Franklin,1.441539775
LA,Grant,5.954643393
LA,Iberia,659.1906128
LA,Iberville,4.508582407
LA,Jackson,6.278983245
LA,Jefferson,1681.489521
LA,Jefferson Davis,4.005026604
LA,Lafayette,733.2743959
LA,Lafourche,172.2357826
LA,La Salle,2.346362384
LA,Lincoln,211.6437605
LA,Livingston,109.0657415
LA,Madison,1.708121328
LA,Morehouse,25.662063
LA,Natchitoches,12.19538054
LA,Orleans,1117.304227
LA,Ouachita,375.5723613
LA,Plaquemines,384.92742
LA,Pointe Coupee,3.797670722
LA,Rapides,346.8865485
LA,Red River,1.970858339
LA,Richland,6.102521308
LA,Sabine,16.0523361
LA,St. Bernard,213.9694112
LA,St. Charles,281.6098367
LA,St. Helena,0
LA,St. James,2.048582099
LA,St. John the Baptist,183.7217602
LA,St. Landry,52.60889248
LA,St. Martin,20.1920511
LA,St. Mary,493.8194634
LA,St. Tammany,832.125931
LA,Tangipahoa,216.5614941
LA,Tensas,2.781035142
LA,Terrebonne,182.0240204
LA,Union,0.054969415
LA,Vermilion,94.6110003
LA,Vernon,460.1304143
LA,Washington,4.591258706
LA,Webster,20.96085271
LA,West Baton Rouge,17.94150402
LA,West Carroll,0
LA,West Feliciana,0
LA,Winn,3.835283993
ME,Androscoggin,125.6919658
ME,Aroostook,32.82989117
ME,Cumberland,1344.069479
ME,Franklin,1.61645405
ME,Hancock,1.163882713
ME,Kennebec,99.93404175
ME,Knox,27.64248751
ME,Lincoln,3.393107185
ME,Oxford,9.25109522
ME,Penobscot,216.7318948
ME,Piscataquis,0
ME,Sagadahoc,20.1737108
ME,Somerset,29.8378099
ME,Waldo,5.504913831
ME,Washington,8.006511705
ME,York,369.495848
MD,Allegany,234.1630661
MD,Anne Arundel,5515.078203
MD,Baltimore,6132.601317
MD,Calvert,441.0188946
MD,Caroline,11.60132933
MD,Carroll,658.716807
MD,Cecil,374.4249552
MD,Charles,1604.787877
MD,Dorchester,24.87028467
MD,Frederick,1686.814501
MD,Garrett,5
MD,Harford,1258.235382
MD,Howard,8092.747701
MD,Kent,0.047635018
MD,Montgomery,26980.1853
MD,Prince George's,8603.669201
MD,Queen Anne's,121.0572837
MD,St. Mary's,693.5205899
MD,Somerset,39.86358366
MD,Talbot,71.83642823
MD,Washington,536.2038154
MD,Wicomico,928.7096952
MD,Worcester,132.0358062
MD,Baltimore,359.3367056
MA,Barnstable,1005.382658
MA,Berkshire,521.4579703
MA,Bristol,2771.545665
MA,Dukes,8.524178091
MA,Essex,6805.94868
MA,Franklin,217.5482121
MA,Hampden,1991.256611
MA,Hampshire,3791.891434
MA,Middlesex,24893.58125
MA,Nantucket,11.532298
MA,Norfolk,10075.68684
MA,Plymouth,1852.504282
MA,Suffolk,256.63444
MA,Worcester,7906.138847
MI,Alcona,0.935549311
MI,Alger,7.99999996
MI,Allegan,27.47067499
MI,Alpena,4.820037024
MI,Antrim,0
MI,Arenac,11.11510122
MI,Baraga,3.000000095
MI,Barry,7.284814428
MI,Bay,140.0572617
MI,Benzie,
MI,Berrien,568.2699258
MI,Branch,9.627277942
MI,Calhoun,593.9377685
MI,Cass,25.52176746
MI,Charlevoix,2.5320782
MI,Cheboygan,1.927330603
MI,Chippewa,22.58401775
MI,Clare,1.894759704
MI,Clinton,204.8585182
MI,Crawford,15.55708381
MI,Delta,32.96653321
MI,Dickinson,38.01070696
MI,Eaton,555.3116023
MI,Emmet,21.50164026
MI,Genesee,1847.644383
MI,Gladwin,0
MI,Gogebic,4.215292197
MI,Grand Traverse,138.8733812
MI,Gratiot,67.84163979
MI,Hillsdale,13.94670691
MI,Houghton,209.4586162
MI,Huron,44.14451009
MI,Ingham,4886.387098
MI,Ionia,15.5550036
MI,Iosco,36.0593011
MI,Iron,5.715644762
MI,Isabella,97.76673057
MI,Jackson,311.1937252
MI,Kalamazoo,2143.852357
MI,Kalkaska,0.131383872
MI,Kent,3403.835149
MI,Keweenaw,0.999999962
MI,Lake,3.132600856
MI,Lapeer,20.59745668
MI,Leelanau,1.231032263
MI,Lenawee,105.7437234
MI,Livingston,486.19021
MI,Luce,3.000000034
MI,Mackinac,7.144955238
MI,Macomb,4439.26759
MI,Manistee,7.477203221
MI,Marquette,47.87477098
MI,Mason,9.32476086
MI,Mecosta,59.82939142
MI,Menominee,30.46190604
MI,Midland,529.3460963
MI,Missaukee,0
MI,Monroe,185.7289331
MI,Montcalm,23.26478588
MI,Montmorency,0.999999978
MI,Muskegon,317.1664227
MI,Newaygo,12.31978384
MI,Oakland,21622.41539
MI,Oceana,3.999999919
MI,Ogemaw,0
MI,Ontonagon,3.999999925
MI,Osceola,11.02348176
MI,Oscoda,0
MI,Otsego,6.087218709
MI,Ottawa,2042.8457
MI,Presque Isle,5.937944627
MI,Roscommon,12.3289891
MI,Saginaw,752.6710025
MI,St. Clair,287.464762
MI,St. Joseph,57.80385854
MI,Sanilac,4.623934445
MI,Schoolcraft,0.136637459
MI,Shiawassee,14.52496565
MI,Tuscola,4.445621984
MI,Van Buren,17.74768673
MI,Washtenaw,6456.870422
MI,Wayne,9044.129882
MI,Wexford,34.99209673
MN,Aitkin,6.997471854
MN,Anoka,4269.047586
MN,Becker,26.36878207
MN,Beltrami,36.67558917
MN,Benton,96.629032
MN,Big Stone,2.99999994
MN,Blue Earth,720.1899249
MN,Brown,45.24262743
MN,Carlton,53.3899021
MN,Carver,898.3151523
MN,Cass,6.030234977
MN,Chippewa,5.350600357
MN,Chisago,33.95762108
MN,Clay,22.88652331
MN,Clearwater,4.796098714
MN,Cook,14.00000027
MN,Cottonwood,229.8420712
MN,Crow Wing,15.32823421
MN,Dakota,5826.757446
MN,Dodge,3.14164137
MN,Douglas,42.48455899
MN,Faribault,9.999999993
MN,Fillmore,0
MN,Freeborn,72.12502607
MN,Goodhue,55.12769478
MN,Grant,8.999999946
MN,Hennepin,18879.96457
MN,Houston,17.06830857
MN,Hubbard,19.0181224
MN,Isanti,28.20476206
MN,Itasca,16.57090855
MN,Jackson,2.2824807
MN,Kanabec,5.176636646
MN,Kandiyohi,40.13147292
MN,Kittson,12.00000024
MN,Koochiching,21.29568948
MN,Lac qui Parle,0
MN,Lake,1.524777198
MN,Lake of the Woods,15.00000003
MN,Le Sueur,16.38013784
MN,Lincoln,0
MN,Lyon,60.82305231
MN,McLeod,96.46456043
MN,Mahnomen,0
MN,Marshall,12.89140037
MN,Martin,37.6288815
MN,Meeker,6.186801774
MN,Mille Lacs,1.274764029
MN,Morrison,23.40943467
MN,Mower,40.42574328
MN,Murray,7.025450391
MN,Nicollet,146.7724071
MN,Nobles,190.8682771
MN,Norman,3.912585841
MN,Olmsted,1686.916211
MN,Otter Tail,42.85518956
MN,Pennington,14.50898444
MN,Pine,17.15903417
MN,Pipestone,13.2335341
MN,Polk,39.63411229
MN,Pope,9.476729794
MN,Ramsey,10140.61465
MN,Red Lake,4
MN,Redwood,107.1451415
MN,Renville,18.99999997
MN,Rice,387.5352003
MN,Rock,2.683215379
MN,Roseau,29.24724996
MN,St. Louis,414.9391605
MN,Scott,1074.969757
MN,Sherburne,405.0304827
MN,Sibley,1
MN,Stearns,640.2765036
MN,Steele,80.18387965
MN,Stevens,3.888151474
MN,Swift,0.876132917
MN,Todd,41.79856694
MN,Traverse,3.000000052
MN,Wabasha,6.683965464
MN,Wadena,7.691015155
MN,Waseca,26.4264316
MN,Washington,4383.792687
MN,Watonwan,0
MN,Wilkin,4.476409491
MN,Winona,165.0723054
MN,Wright,170.2128164
MN,Yellow Medicine,7.063481247
MS,Adams,7.243743126
MS,Alcorn,20.77223016
MS,Amite,4.379930753
MS,Attala,0.853709933
MS,Benton,1.000000014
MS,Bolivar,96.41328335
MS,Calhoun,0.148201145
MS,Carroll,4.966180035
MS,Chickasaw,1.999999975
MS,Choctaw,0.99486481
MS,Claiborne,0
MS,Clarke,5.000000098
MS,Clay,9.216495123
MS,Coahoma,45.96902114
MS,Copiah,21.23296669
MS,Covington,
MS,DeSoto,522.4962429
MS,Forrest,45.51419804
MS,Franklin,2.975595949
MS,George,1.000000046
MS,Greene,0.690609697
MS,Grenada,11.77009677
MS,Hancock,137.2283242
MS,Harrison,1767.360591
MS,Hinds,311.0745794
MS,Holmes,12.00000009
MS,Humphreys,0
MS,Issaquena,5.993405296
MS,Itawamba,13.41261637
MS,Jackson,1327.061348
MS,Jasper,0
MS,Jefferson,2.000000046
MS,Jefferson Davis,2.313651078
MS,Jones,43.19923262
MS,Kemper,4.090184518
MS,Lafayette,386.5302511
MS,Lamar,109.2379242
MS,Lauderdale,105.6284238
MS,Lawrence,12.87169579
MS,Leake,11.21417704
MS,Lee,130.9994672
MS,Leflore,54.10690507
MS,Lincoln,38.49462298
MS,Lowndes,125.9680103
MS,Madison,464.2210912
MS,Marion,43.57375119
MS,Marshall,5.316243096
MS,Monroe,4.677407016
MS,Montgomery,1.999999983
MS,Neshoba,12.06365425
MS,Newton,5.849959821
MS,Noxubee,0.049860759
MS,Oktibbeha,549.3981111
MS,Panola,6.968111399
MS,Pearl River,26.48501959
MS,Perry,1.776446399
MS,Pike,10.5107375
MS,Pontotoc,6.626960468
MS,Prentiss,7.417786763
MS,Quitman,5.162119266
MS,Rankin,470.0431856
MS,Scott,5.92976328
MS,Sharkey,0.99999994
MS,Simpson,10.53600213
MS,Smith,5.340778899
MS,Stone,10.08620889
MS,Sunflower,7.988655251
MS,Tallahatchie,106.9106019
MS,Tate,9.405407352
MS,Tippah,5.558208964
MS,Tishomingo,0
MS,Tunica,21.86033219
MS,Union,2.535272468
MS,Walthall,1.000000007
MS,Warren,118.4605908
MS,Washington,113.5481964
MS,Wayne,1.615067532
MS,Webster,3.588691211
MS,Wilkinson,0
MS,Winston,4.409401112
MS,Yalobusha,0
MS,Yazoo,29.14673926
MO,Adair,85.88392172
MO,Andrew,4.210362658
MO,Atchison,0
MO,Audrain,15.60563656
MO,Barry,43.67876937
MO,Barton,2.692498636
MO,Bates,0
MO,Benton,4.000000103
MO,Bollinger,3.644300916
MO,Boone,1631.093945
MO,Buchanan,230.5075387
MO,Butler,53.07271035
MO,Caldwell,2.000000046
MO,Callaway,92.79097037
MO,Camden,13.26697809
MO,Cape Girardeau,249.0368372
MO,Carroll,0
MO,Carter,6.678607709
MO,Cass,197.4295875
MO,Cedar,6.368984243
MO,Chariton,0
MO,Christian,101.0971363
MO,Clark,1.891359681
MO,Clay,1323.031979
MO,Clinton,13.63335345
MO,Cole,232.2795042
MO,Cooper,17.60463389
MO,Crawford,2.872502373
MO,Dade,2.999999978
MO,Dallas,1.000000004
MO,Daviess,0.999999959
MO,DeKalb,6.656950372
MO,Dent,14.84099824
MO,Douglas,13.47975962
MO,Dunklin,18.70691954
MO,Franklin,65.1031786
MO,Gasconade,2.70032792
MO,Gentry,0
MO,Greene,705.7319416
MO,Grundy,15.75989995
MO,Harrison,4.010521744
MO,Henry,13.4395716
MO,Hickory,0
MO,Holt,15.00000001
MO,Howard,0.412261794
MO,Howell,23.68488706
MO,Iron,3.222039329
MO,Jackson,2186.182997
MO,Jasper,362.8664072
MO,Jefferson,512.0655221
MO,Johnson,159.3832197
MO,Knox,3.799481041
MO,Laclede,58.73141573
MO,Lafayette,22.00639168
MO,Lawrence,14.52447371
MO,Lewis,10.71329392
MO,Lincoln,12.8075756
MO,Linn,3.752665458
MO,Livingston,6.950549242
MO,McDonald,71.38003046
MO,Macon,2.639046755
MO,Madison,11.98385819
MO,Maries,0
MO,Marion,19.92746665
MO,Mercer,19.0000002
MO,Miller,1.247482406
MO,Mississippi,0
MO,Moniteau,0
MO,Monroe,3.822771986
MO,Montgomery,1
MO,Morgan,4.384344975
MO,New Madrid,4.331005812
MO,Newton,151.154787
MO,Nodaway,193.6077688
MO,Oregon,9.088032645
MO,Osage,1.00000004
MO,Ozark,7.918038624
MO,Pemiscot,1.808594942
MO,Perry,7.525877252
MO,Pettis,65.13345914
MO,Phelps,202.439382
MO,Pike,4.332225792
MO,Platte,903.7047401
MO,Polk,5.936529704
MO,Pulaski,529.7949911
MO,Putnam,1.999999954
MO,Ralls,0.268389045
MO,Randolph,16.57471271
MO,Ray,12.36083177
MO,Reynolds,8.000000005
MO,Ripley,1.999999989
MO,St. Charles,3533.960168
MO,St. Clair,0.540638898
MO,Ste. Genevieve,7.430046974
MO,St. Francois,17.44693545
MO,St. Louis,9119.831589
MO,Saline,24.36388541
MO,Schuyler,6.000000075
MO,Scotland,2.118874237
MO,Scott,21.32976704
MO,Shannon,2.752221521
MO,Shelby,12.00000003
MO,Stoddard,3.45709351
MO,Stone,0.26098722
MO,Sullivan,0
MO,Taney,108.4185276
MO,Texas,15.99999999
MO,Vernon,27.35985886
MO,Warren,5.407601602
MO,Washington,1.14203494
MO,Wayne,5.166991839
MO,Webster,2.482296037
MO,Worth,3
MO,Wright,4.199130272
MO,St. Louis,190.0249123
MT,Beaverhead,6.591217225
MT,Big Horn,8.495595574
MT,Blaine,0.001170277
MT,Broadwater,1.999999987
MT,Carbon,8.637543954
MT,Carter,0.99999997
MT,Cascade,178.2361975
MT,Chouteau,17.16684388
MT,Custer,9.412983961
MT,Daniels,0.999999963
MT,Dawson,7.705024062
MT,Deer Lodge,1.004816025
MT,Fallon,2.99999997
MT,Fergus,4.184030593
MT,Flathead,55.77127546
MT,Gallatin,65.3535957
MT,Garfield,0.999999992
MT,Glacier,0.999999987
MT,Golden Valley,6.000000178
MT,Granite,1.000000005
MT,Hill,30.30566517
MT,Jefferson,1.657044154
MT,Judith Basin,0.999999983
MT,Lake,4.122323724
MT,Lewis and Clark,64.27388558
MT,Liberty,1.000000013
MT,Lincoln,7.74132795
MT,McCone,0
MT,Madison,3.462829888
MT,Meagher,6.000000079
MT,Mineral,6.000000139
MT,Missoula,220.9688273
MT,Musselshell,2.592609011
MT,Park,12.73511225
MT,Petroleum,0
MT,Phillips,0.999999988
MT,Pondera,5.547916335
MT,Powder River,0.999999989
MT,Powell,4.143781609
MT,Prairie,6.000000033
MT,Ravalli,7.329351182
MT,Richland,7.56494919
MT,Roosevelt,8.71260478
MT,Rosebud,9.000000011
MT,Sanders,14.00000001
MT,Sheridan,0
MT,Silver Bow,36.23707095
MT,Stillwater,2.087215259
MT,Sweet Grass,5.051393503
MT,Teton,0.534075657
MT,Toole,3.800350946
MT,Treasure,3.000000037
MT,Valley,21.61447315
MT,Wheatland,11.99999972
MT,Wibaux,5.000000006
MT,Yellowstone,244.0464023
NE,Adams,138.9657467
NE,Antelope,5.999999933
NE,Arthur,1.00000003
NE,Banner,0
NE,Blaine,0
NE,Boone,0
NE,Box Butte,6.523862165
NE,Boyd,16.99999991
NE,Brown,1.000000035
NE,Buffalo,114.9360462
NE,Burt,0
NE,Butler,1.999999996
NE,Cass,8.78407922
NE,Cedar,2
NE,Chase,1.999999965
NE,Cherry,1.147099376
NE,Cheyenne,0.99999995
NE,Clay,4
NE,Colfax,3.00000002
NE,Cuming,0
NE,Custer,10.61393184
NE,Dakota,241.9602436
NE,Dawes,18.45884249
NE,Dawson,63.13887518
NE,Deuel,0
NE,Dixon,2
NE,Dodge,48.3187236
NE,Douglas,1035.317223
NE,Dundy,0
NE,Fillmore,1
NE,Franklin,0
NE,Frontier,3.999999955
NE,Furnas,3.000000051
NE,Gage,25.99559747
NE,Garden,0
NE,Garfield,0.00281667
NE,Gosper,3.0000001
NE,Grant,1.00000003
NE,Greeley,2.000000009
NE,Hall,194.1955125
NE,Hamilton,0.559552193
NE,Harlan,0
NE,Hayes,3.00000003
NE,Hitchcock,3.000000009
NE,Holt,3.000000008
NE,Hooker,0
NE,Howard,0.634096686
NE,Jefferson,2.147646746
NE,Johnson,6.00000008
NE,Kearney,0.465964895
NE,Keith,10.96913167
NE,Keya Paha,0.999999995
NE,Kimball,8.000000301
NE,Knox,0
NE,Lancaster,737.1451589
NE,Lincoln,36.76154528
NE,Logan,0
NE,Loup,0
NE,McPherson,0
NE,Madison,57.54267501
NE,Merrick,17.00000063
NE,Morrill,6.000000021
NE,Nance,2.000000004
NE,Nemaha,0
NE,Nuckolls,1.999999984
NE,Otoe,6.743038851
NE,Pawnee,1.048587158
NE,Perkins,0
NE,Phelps,2.99999998
NE,Pierce,7.100368227
NE,Platte,29.40823322
NE,Polk,1
NE,Red Willow,14.59701461
NE,Richardson,1
NE,Rock,1.000000005
NE,Saline,12.56784586
NE,Sarpy,555.2203977
NE,Saunders,7.351183145
NE,Scotts Bluff,13.55113403
NE,Seward,3.174177625
NE,Sheridan,4.999999889
NE,Sherman,6.333393259
NE,Sioux,0
NE,Stanton,5.000000026
NE,Thayer,2.000000065
NE,Thomas,1.999999959
NE,Thurston,2.99999997
NE,Valley,2
NE,Washington,1.105334401
NE,Wayne,1.000000013
NE,Webster,6.999999739
NE,Wheeler,3.99999994
NE,York,18.47706586
NV,Churchill,175.2686815
NV,Clark,13554.30588
NV,Douglas,282.402745
NV,Elko,97.02550059
NV,Esmeralda,2.00000003
NV,Eureka,17.99999976
NV,Humboldt,33.16637295
NV,Lander,4.896870834
NV,Lincoln,34.99999993
NV,Lyon,205.5214391
NV,Mineral,48.73300369
NV,Nye,224.1393727
NV,Pershing,12.99999989
NV,Storey,0
NV,Washoe,4853.941025
NV,White Pine,42.59059875
NV,Carson City,263.8351147
NH,Belknap,191.8758259
NH,Carroll,3.745791439
NH,Cheshire,223.5010983
NH,Coos,51.97071751
NH,Grafton,370.9457285
NH,Hillsborough,5216.760094
NH,Merrimack,597.9269474
NH,Rockingham,1614.051729
NH,Strafford,602.9723233
NH,Sullivan,59.35478321
NJ,Atlantic,6776.029095
NJ,Bergen,10328.75634
NJ,Burlington,6318.901186
NJ,Camden,5024.008067
NJ,Cape May,263.9925682
NJ,Cumberland,772.8725709
NJ,Essex,6301.472784
NJ,Gloucester,3381.042017
NJ,Hudson,682.8630658
NJ,Hunterdon,1014.849319
NJ,Mercer,12538.3444
NJ,Middlesex,40907.36375
NJ,Monmouth,11873.41846
NJ,Morris,17215.87202
NJ,Ocean,4251.112803
NJ,Passaic,3211.349368
NJ,Salem,133.9108558
NJ,Somerset,17995.52369
NJ,Sussex,995.7785474
NJ,Union,3323.726384
NJ,Warren,1057.688734
NM,Bernalillo,3061.668682
NM,Catron,7.000000028
NM,Chaves,59.51439849
NM,Cibola,50.27740519
NM,Colfax,26.54807007
NM,Curry,340.5641838
NM,De Baca,1
NM,Doña Ana,616.4396009
NM,Eddy,163.4801001
NM,Grant,29.29921071
NM,Guadalupe,10.62521335
NM,Harding,0
NM,Hidalgo,8.106161967
NM,Lea,74.73879581
NM,Lincoln,21.8625477
NM,Los Alamos,418.5992188
NM,Luna,19.69989024
NM,McKinley,305.4411684
NM,Mora,3.089788153
NM,Otero,250.4930925
NM,Quay,20.95053639
NM,Rio Arriba,86.98905322
NM,Roosevelt,29.59558558
NM,Sandoval,553.0133472
NM,San Juan,138.9164113
NM,San Miguel,96.93327014
NM,Santa Fe,456.8656844
NM,Sierra,18.07294085
NM,Socorro,43.26291727
NM,Taos,76.36325671
NM,Torrance,21.24559577
NM,Union,5.999999966
NM,Valencia,199.2711637
NY,Albany,4234.479919
NY,Allegany,141.981013
NY,Bronx,137.0593615
NY,Broome,920.6482048
NY,Cattaraugus,88.26612652
NY,Cayuga,21.49973922
NY,Chautauqua,254.1493559
NY,Chemung,234.7972429
NY,Chenango,7.928980237
NY,Clinton,124.4740673
NY,Columbia,269.6433862
NY,Cortland,45.79988241
NY,Delaware,9.678688268
NY,Dutchess,4106.508081
NY,Erie,5390.581192
NY,Essex,33.48446387
NY,Franklin,40.88288403
NY,Fulton,48.14925171
NY,Genesee,20.22990317
NY,Greene,99.36363011
NY,Hamilton,7.544111476
NY,Herkimer,57.14733888
NY,Jefferson,352.610506
NY,Kings,15.42969412
NY,Lewis,14.35750987
NY,Livingston,427.5305225
NY,Madison,244.5250382
NY,Monroe,7894.713301
NY,Montgomery,110.8405972
NY,Nassau,5481.715375
NY,New York,2
NY,Niagara,454.9877775
NY,Oneida,512.3413144
NY,Onondaga,2518.11143
NY,Ontario,197.9299967
NY,Orange,2526.790769
NY,Orleans,27.57660045
NY,Oswego,182.8556457
NY,Otsego,233.9130999
NY,Putnam,674.8814824
NY,Queens,158.926742
NY,Rensselaer,744.8114936
NY,Richmond,201.7790112
NY,Rockland,4346.789686
NY,St. Lawrence,104.8412546
NY,Saratoga,1250.503575
NY,Schenectady,1480.069759
NY,Schoharie,87.93380828
NY,Schuyler,1.935025931
NY,Seneca,46.84015781
NY,Steuben,141.047821
NY,Suffolk,14770.84209
NY,Sullivan,58.70621764
NY,Tioga,134.9297278
NY,Tompkins,2060.804892
NY,Ulster,816.6894793
NY,Warren,90.47899129
NY,Washington,18.7972316
NY,Wayne,123.9739051
NY,Westchester,7493.028609
NY,Wyoming,45.17797666
NY,Yates,2.188413078
NC,Alamance,418.7243597
NC,Alexander,26.58457414
NC,Alleghany,8
NC,Anson,11.19452844
NC,Ashe,1.396831059
NC,Avery,0
NC,Beaufort,15.2715294
NC,Bertie,0.99999997
NC,Bladen,0.779370796
NC,Brunswick,44.83034773
NC,Buncombe,572.6664946
NC,Burke,1034.0885
NC,Cabarrus,691.4779954
NC,Caldwell,128.934011
NC,Camden,5.830345146
NC,Carteret,115.8363137
NC,Caswell,6.845449939
NC,Catawba,1402.936364
NC,Chatham,24.82369145
NC,Cherokee,1.240689024
NC,Chowan,18.32416717
NC,Clay,2.427585686
NC,Cleveland,162.6920873
NC,Columbus,4.528505576
NC,Craven,536.3807214
NC,Cumberland,1969.188864
NC,Currituck,21.56462993
NC,Dare,64.52362781
NC,Davidson,532.9905081
NC,Davie,49.82529106
NC,Duplin,2.88772813
NC,Durham,2992.347969
NC,Edgecombe,13.76273409
NC,Forsyth,2154.391777
NC,Franklin,6.18532879
NC,Gaston,616.8868043
NC,Gates,0
NC,Graham,0.163542871
NC,Granville,33.08559247
NC,Greene,
NC,Guilford,3901.119775
NC,Halifax,23.92671809
NC,Harnett,100.0156056
NC,Haywood,40.552929
NC,Henderson,247.4553317
NC,Hertford,28.3444225
NC,Hoke,120.3841227
NC,Hyde,11.99999989
NC,Iredell,413.5439109
NC,Jackson,92.9363532
NC,Johnston,78.64676183
NC,Jones,0
NC,Lee,128.6234758
NC,Lenoir,33.75698866
NC,Lincoln,58.28738879
NC,McDowell,55.23187356
NC,Macon,3.852858774
NC,Madison,2.699312846
NC,Martin,1.373519227
NC,Mecklenburg,7633.425657
NC,Mitchell,
NC,Montgomery,0.352883269
NC,Moore,199.5623403
NC,Nash,190.1713631
NC,New Hanover,739.8805464
NC,Northampton,0.144764855
NC,Onslow,1153.039324
NC,Orange,2308.84227
NC,Pamlico,2.00000004
NC,Pasquotank,89.95137413
NC,Pender,4.960531389
NC,Perquimans,5.000000361
NC,Person,11.18429783
NC,Pitt,256.1276222
NC,Polk,1.58987501
NC,Randolph,440.5853709
NC,Richmond,65.22802803
NC,Robeson,47.02289283
NC,Rockingham,55.99043158
NC,Rowan,407.3589376
NC,Rutherford,66.91748517
NC,Sampson,1.562303178
NC,Scotland,77.3110339
NC,Stanly,73.07052549
NC,Stokes,31.85941039
NC,Surry,23.77062964
NC,Swain,0.462944083
NC,Transylvania,4.711328251
NC,Tyrrell,0
NC,Union,630.6811594
NC,Vance,12.42946192
NC,Wake,5270.684161
NC,Warren,0.555742469
NC,Washington,7.666008386
NC,Watauga,29.07985784
NC,Wayne,279.6516841
NC,Wilkes,23.48973133
NC,Wilson,47.06311638
NC,Yadkin,4.371117983
NC,Yancey,0.159504353
ND,Adams,0
ND,Barnes,5.345875849
ND,Benson,2.999999985
ND,Billings,3.99999997
ND,Bottineau,1.999999979
ND,Bowman,0
ND,Burke,13.99999997
ND,Burleigh,69.45751711
ND,Cass,292.2782626
ND,Cavalier,3.041906407
ND,Dickey,1.01580321
ND,Divide,3.999999976
ND,Dunn,5.300244008
ND,Eddy,0
ND,Emmons,1.327261217
ND,Foster,0
ND,Golden Valley,1
ND,Grand Forks,579.5502427
ND,Grant,2.999999921
ND,Griggs,0
ND,Hettinger,1
ND,Kidder,22.00000051
ND,LaMoure,0
ND,Logan,3.000000067
ND,McHenry,13.00000016
ND,McIntosh,4.000000088
ND,McKenzie,2.000000017
ND,McLean,11.00000025
ND,Mercer,4.000000027
ND,Morton,19.31500054
ND,Mountrail,1.000000016
ND,Nelson,2.999999994
ND,Oliver,0.99999996
ND,Pembina,7.000000087
ND,Pierce,1.000000058
ND,Ramsey,7.000000181
ND,Ransom,1.00000002
ND,Renville,3.99999997
ND,Richland,17.69728489
ND,Rolette,0
ND,Sargent,2.713667596
ND,Sheridan,0.496419109
ND,Sioux,2.000000002
ND,Slope,0
ND,Stark,15.34968196
ND,Steele,0
ND,Stutsman,15.45265026
ND,Towner,0.999999994
ND,Traill,1.000000042
ND,Walsh,5.999999845
ND,Ward,231.0203034
ND,Wells,4
ND,Williams,16.66276991
OH,Adams,2.025016052
OH,Allen,276.5654177
OH,Ashland,9.594992789
OH,Ashtabula,70.39088529
OH,Athens,694.1425039
OH,Auglaize,20.79806602
OH,Belmont,36.21786311
OH,Brown,17.91488119
OH,Butler,3506.282659
OH,Carroll,3.785953582
OH,Champaign,1.661336325
OH,Clark,168.4401829
OH,Clermont,963.8979005
OH,Clinton,71.79909157
OH,Columbiana,95.20770645
OH,Coshocton,28.06006865
OH,Crawford,65.98043095
OH,Cuyahoga,7336.798029
OH,Darke,16.17303429
OH,Defiance,13.11570202
OH,Delaware,1782.18676
OH,Erie,156.250097
OH,Fairfield,399.1728935
OH,Fayette,2.23752151
OH,Franklin,9465.052194
OH,Fulton,41.86517947
OH,Gallia,12.31137148
OH,Geauga,134.1140863
OH,Greene,1126.099013
OH,Guernsey,26.15687719
OH,Hamilton,4393.247484
OH,Hancock,244.6212148
OH,Hardin,26.10759793
OH,Harrison,0.365973213
OH,Henry,12.16714325
OH,Highland,1.566588377
OH,Hocking,6.84620438
OH,Holmes,2.79375292
OH,Huron,26.92158017
OH,Jackson,2.295265457
OH,Jefferson,38.43209566
OH,Knox,37.48218278
OH,Lake,863.0015974
OH,Lawrence,30.01009478
OH,Licking,304.5875533
OH,Logan,7.545841444
OH,Lorain,684.9081748
OH,Lucas,1291.516149
OH,Madison,50.21013367
OH,Mahoning,535.1815603
OH,Marion,52.6186283
OH,Medina,465.4198816
OH,Meigs,11.90187032
OH,Mercer,0.213562407
OH,Miami,366.8270475
OH,Monroe,0.491061351
OH,Montgomery,2708.970497
OH,Morgan,1
OH,Morrow,0.69532432
OH,Muskingum,34.75837728
OH,Noble,2.732586346
OH,Ottawa,38.74585261
OH,Paulding,6.134605532
OH,Perry,1.644953237
OH,Pickaway,23.72633993
OH,Pike,6.085770338
OH,Portage,479.3122355
OH,Preble,1.434504576
OH,Putnam,13.66230927
OH,Richland,183.8251919
OH,Ross,46.96424161
OH,Sandusky,19.97888675
OH,Scioto,85.43802813
OH,Seneca,59.2655303
OH,Shelby,191.728104
OH,Stark,879.5228326
OH,Summit,3295.218609
OH,Trumbull,302.5033337
OH,Tuscarawas,77.44985045
OH,Union,170.937147
OH,Van Wert,8.847407672
OH,Vinton,13.89794778
OH,Warren,3410.717061
OH,Washington,30.00577159
OH,Wayne,132.209163
OH,Williams,65.42641702
OH,Wood,753.3258335
OH,Wyandot,14.71271949
OK,Adair,0.548929776
OK,Alfalfa,9.000000027
OK,Atoka,7.077692643
OK,Beaver,1.999999994
OK,Beckham,35.56560293
OK,Blaine,10.52905886
OK,Bryan,25.79102996
OK,Caddo,1.203192106
OK,Canadian,806.6272056
OK,Carter,56.27065234
OK,Cherokee,43.86374887
OK,Choctaw,24.81898881
OK,Cimarron,5.999999928
OK,Cleveland,2135.814721
OK,Coal,1.00000003
OK,Comanche,967.4155701
OK,Cotton,11.99999996
OK,Craig,3.875771437
OK,Creek,66.0715865
OK,Custer,88.0977736
OK,Delaware,115.5790627
OK,Dewey,33.00000012
OK,Ellis,8.000000046
OK,Garfield,112.3491253
OK,Garvin,15.77792997
OK,Grady,44.22619567
OK,Grant,6.99999999
OK,Greer,0
OK,Harmon,0
OK,Harper,2.999999925
OK,Haskell,22.07598515
OK,Hughes,2.000452695
OK,Jackson,85.90251899
OK,Jefferson,2
OK,Johnston,4.07852173
OK,Kay,57.94793534
OK,Kingfisher,7.001034293
OK,Kiowa,3.000000052
OK,Latimer,3.288281262
OK,Le Flore,36.63117275
OK,Lincoln,7.058732004
OK,Logan,39.73697355
OK,Love,4.68811337
OK,McClain,7.970713528
OK,McCurtain,12.6396191
OK,McIntosh,5.019939488
OK,Major,2.004411086
OK,Marshall,10.16102989
OK,Mayes,15.98418647
OK,Murray,1.762685895
OK,Muskogee,82.46602988
OK,Noble,8.873416833
OK,Nowata,0.501015779
OK,Okfuskee,3.139207849
OK,Oklahoma,5150.285376
OK,Okmulgee,29.75330825
OK,Osage,46.52962209
OK,Ottawa,32.08858578
OK,Pawnee,0
OK,Payne,825.6850691
OK,Pittsburg,83.93970637
OK,Pontotoc,26.9423339
OK,Pottawatomie,33.32616643
OK,Pushmataha,12.38560044
OK,Roger Mills,3.000000063
OK,Rogers,232.3392063
OK,Seminole,5.261606447
OK,Sequoyah,10.01171386
OK,Stephens,29.10447735
OK,Texas,101.7612643
OK,Tillman,3.517604759
OK,Tulsa,2446.552307
OK,Wagoner,429.3477722
OK,Washington,123.1709653
OK,Washita,12.20077982
OK,Woods,17.08088394
OK,Woodward,14.7454024
OR,Baker,29.06456805
OR,Benton,719.3753977
OR,Clackamas,2485.169547
OR,Clatsop,70.16558689
OR,Columbia,63.92245373
OR,Coos,66.45781826
OR,Crook,15.36516418
OR,Curry,13.96748138
OR,Deschutes,208.9966839
OR,Douglas,234.1592659
OR,Gilliam,1.510810802
OR,Grant,6.000000047
OR,Harney,11.60324274
OR,Hood River,26.49246384
OR,Jackson,448.4982491
OR,Jefferson,10.16962708
OR,Josephine,172.8653504
OR,Klamath,212.6685059
OR,Lake,10.04678715
OR,Lane,1260.929036
OR,Lincoln,75.30502191
OR,Linn,254.3508622
OR,Malheur,42.88356096
OR,Marion,834.7673133
OR,Morrow,68.51996376
OR,Multnomah,5953.702357
OR,Polk,646.5713129
OR,Sherman,3.000000008
OR,Tillamook,22.3407574
OR,Umatilla,164.1354755
OR,Union,16.22287073
OR,Wallowa,0.898395592
OR,Wasco,68.53519595
OR,Washington,6196.118239
OR,Wheeler,7.999999829
OR,Yamhill,190.7713016
PA,Adams,98.71440269
PA,Allegheny,6914.084541
PA,Armstrong,16.5092578
PA,Beaver,290.6423601
PA,Bedford,8.336911174
PA,Berks,932.5206455
PA,Blair,208.0895733
PA,Bradford,30.99749064
PA,Bucks,7138.580031
PA,Butler,587.8974423
PA,Cambria,272.5298343
PA,Cameron,0.002408604
PA,Carbon,41.73155139
PA,Centre,678.862689
PA,Chester,6600.989008
PA,Clarion,23.48817867
PA,Clearfield,71.51831959
PA,Clinton,41.5403582
PA,Columbia,61.65774885
PA,Crawford,81.46427072
PA,Cumberland,2445.30207
PA,Dauphin,3239.865069
PA,Delaware,3595.334315
PA,Elk,24.08521701
PA,Erie,952.1498899
PA,Fayette,111.070696
PA,Forest,0.973600273
PA,Franklin,234.9149324
PA,Fulton,0
PA,Greene,15.91836286
PA,Huntingdon,3.012635523
PA,Indiana,193.8245534
PA,Jefferson,5.18281164
PA,Juniata,20.00510935
PA,Lackawanna,330.6644118
PA,Lancaster,2501.122239
PA,Lawrence,88.46872708
PA,Lebanon,242.8981691
PA,Lehigh,2912.152509
PA,Luzerne,404.6795085
PA,Lycoming,162.7898739
PA,McKean,20.09815465
PA,Mercer,145.9707716
PA,Mifflin,5.969128175
PA,Monroe,1018.786915
PA,Montgomery,14741.83548
PA,Montour,89.5057974
PA,Northampton,1388.836046
PA,Northumberland,34.57244563
PA,Perry,18.76030458
PA,Philadelphia,848.0902526
PA,Pike,75.66266614
PA,Potter,2.026755063
PA,Schuylkill,58.6448212
PA,Snyder,15.06033752
PA,Somerset,53.38210342
PA,Sullivan,4.801310432
PA,Susquehanna,7.982650752
PA,Tioga,48.46619055
PA,Union,292.9789329
PA,Venango,22.36411993
PA,Warren,20.25318875
PA,Washington,500.7162704
PA,Wayne,2.037558384
PA,Westmoreland,968.6103006
PA,Wyoming,3.981100852
PA,York,1553.530222
RI,Bristol,306.7418653
RI,Kent,933.9084933
RI,Newport,355.339769
RI,Providence,2116.626115
RI,Washington,856.6395329
SC,Abbeville,1.042582218
SC,Aiken,325.9620312
SC,Allendale,11.87126169
SC,Anderson,361.5907239
SC,Bamberg,35.47727422
SC,Barnwell,8.343709886
SC,Beaufort,679.7763438
SC,Berkeley,831.2795657
SC,Calhoun,0.025739835
SC,Charleston,1018.599811
SC,Cherokee,73.71632333
SC,Chester,16.05394185
SC,Chesterfield,32.30507853
SC,Clarendon,4.754843845
SC,Colleton,11.92272773
SC,Darlington,31.67744548
SC,Dillon,16.51507045
SC,Dorchester,393.2652886
SC,Edgefield,6.994604048
SC,Fairfield,10.76873424
SC,Florence,269.5580802
SC,Georgetown,34.35306545
SC,Greenville,3160.701583
SC,Greenwood,116.4198502
SC,Hampton,30.31176679
SC,Horry,440.1673922
SC,Jasper,2.259716154
SC,Kershaw,49.01395968
SC,Lancaster,40.68311716
SC,Laurens,49.69070343
SC,Lee,0.748957753
SC,Lexington,1009.679365
SC,McCormick,0
SC,Marion,8.794054284
SC,Marlboro,7.476662283
SC,Newberry,36.86437749
SC,Oconee,78.52927987
SC,Orangeburg,104.2580381
SC,Pickens,510.2810629
SC,Richland,2291.096358
SC,Saluda,4.764157085
SC,Spartanburg,2118.338297
SC,Sumter,324.936057
SC,Union,9.004687793
SC,Williamsburg,0
SC,York,622.9946743
SD,Aurora,7.453632117
SD,Beadle,46.89407058
SD,Bennett,13.00000012
SD,Bon Homme,2
SD,Brookings,279.997658
SD,Brown,55.4545994
SD,Brule,1.999999911
SD,Buffalo,0.99999997
SD,Butte,4.93233865
SD,Campbell,2.522757545
SD,Charles Mix,1
SD,Clark,0
SD,Clay,76.21587296
SD,Codington,45.65021495
SD,Corson,11.00000012
SD,Custer,8.60168438
SD,Davison,15.32664416
SD,Day,4.823449164
SD,Deuel,3.999999888
SD,Dewey,1.999999965
SD,Douglas,2.999999989
SD,Edmunds,3.999999967
SD,Fall River,8.046846646
SD,Faulk,1.000000015
SD,Grant,0
SD,Gregory,0.99999993
SD,Haakon,1.000000012
SD,Hamlin,11.99999992
SD,Hand,7.000000088
SD,Hanson,0.013921558
SD,Harding,0.999999996
SD,Hughes,31.24554126
SD,Hutchinson,0
SD,Hyde,3.000000036
SD,Jackson,0.999999933
SD,Jerauld,4.000000026
SD,Jones,0
SD,Kingsbury,10.00000025
SD,Lake,0
SD,Lawrence,12.62495795
SD,Lincoln,69.01927087
SD,Lyman,2.999999956
SD,McCook,2.605880618
SD,McPherson,1.825202506
SD,Marshall,6
SD,Meade,78.41484923
SD,Mellette,5
SD,Miner,3.000000102
SD,Minnehaha,504.0709764
SD,Moody,62.99999931
SD,Pennington,254.9096
SD,Perkins,1
SD,Potter,8.000000034
SD,Roberts,4.711596497
SD,Sanborn,3.999999968
SD,Shannon,9.999999461
SD,Spink,0
SD,Stanley,0.090837007
SD,Sully,0
SD,Todd,5.690598533
SD,Tripp,2.000000002
SD,Turner,0
SD,Union,59.06236422
SD,Walworth,0
SD,Yankton,19.67793833
SD,Ziebach,1.000000022
TN,Anderson,390.4101357
TN,Bedford,27.52049815
TN,Benton,5.322836665
TN,Bledsoe,0
TN,Blount,365.5081143
TN,Bradley,288.3218653
TN,Campbell,13.60739558
TN,Cannon,0
TN,Carroll,11.24699411
TN,Carter,46.89089591
TN,Cheatham,4.081522096
TN,Chester,3.204526793
TN,Claiborne,68.71995463
TN,Clay,0
TN,Cocke,29.98236242
TN,Coffee,115.0561023
TN,Crockett,0.117109067
TN,Cumberland,71.00652582
TN,Davidson,3464.118891
TN,Decatur,0
TN,DeKalb,2.093819215
TN,Dickson,18.56140831
TN,Dyer,74.20250641
TN,Fayette,2.424851949
TN,Fentress,0.153692987
TN,Franklin,49.86899253
TN,Gibson,17.52521431
TN,Giles,12.41337275
TN,Grainger,0
TN,Greene,25.88540241
TN,Grundy,0
TN,Hamblen,192.3738241
TN,Hamilton,2160.870873
TN,Hancock,0
TN,Hardeman,14.871902
TN,Hardin,18.30548041
TN,Hawkins,66.53688166
TN,Haywood,0
TN,Henderson,5.217440462
TN,Henry,23.79836388
TN,Hickman,5.000000063
TN,Houston,0.311140201
TN,Humphreys,3.969370853
TN,Jackson,0
TN,Jefferson,9.988142633
TN,Johnson,2.49440262
TN,Knox,2954.11956
TN,Lake,0
TN,Lauderdale,2.364057452
TN,Lawrence,4.546248952
TN,Lewis,1.77343753
TN,Lincoln,7.562534826
TN,Loudon,99.29487487
TN,McMinn,101.2515054
TN,McNairy,14.22514878
TN,Macon,4.326030612
TN,Madison,211.9261288
TN,Marion,12.39309922
TN,Marshall,15.42852554
TN,Maury,90.86667463
TN,Meigs,0
TN,Monroe,14.03366507
TN,Montgomery,1308.920259
TN,Moore,10.20210145
TN,Morgan,8.037910136
TN,Obion,9.780985736
TN,Overton,0.177291221
TN,Perry,1.750551068
TN,Pickett,0.115917906
TN,Polk,0
TN,Putnam,152.6951143
TN,Rhea,8.248825971
TN,Roane,102.2974292
TN,Robertson,17.8241951
TN,Rutherford,2110.494399
TN,Scott,1.675217913
TN,Sequatchie,0.01460893
TN,Sevier,181.5832069
TN,Shelby,6886.804226
TN,Smith,0.927471068
TN,Stewart,0.477185753
TN,Sullivan,243.912429
TN,Sumner,693.4316054
TN,Tipton,75.12798163
TN,Trousdale,
TN,Unicoi,5.933111099
TN,Union,1.000000032
TN,Van Buren,0
TN,Warren,17.07792513
TN,Washington,355.0186183
TN,Wayne,9.411954822
TN,Weakley,88.25368575
TN,White,7.454587825
TN,Williamson,1212.787378
TN,Wilson,286.2288797
TX,Anderson,73.98063587
TX,Andrews,25.28766159
TX,Angelina,257.7115817
TX,Aransas,171.9379048
TX,Archer,4.320235573
TX,Armstrong,0
TX,Atascosa,28.03193622
TX,Austin,4.851917538
TX,Bailey,3.948454298
TX,Bandera,19.78770562
TX,Bastrop,130.8890481
TX,Baylor,0.315791927
TX,Bee,35.44477936
TX,Bell,2955.362159
TX,Bexar,10811.31896
TX,Blanco,1.778001246
TX,Borden,1
TX,Bosque,7.34341403
TX,Bowie,226.4681631
TX,Brazoria,2504.648003
TX,Brazos,2967.024757
TX,Brewster,9.267980602
TX,Briscoe,0
TX,Brooks,0.746497867
TX,Brown,66.11667488
TX,Burleson,0.896994687
TX,Burnet,60.96608707
TX,Caldwell,25.61395189
TX,Calhoun,94.83553839
TX,Callahan,14.85754041
TX,Cameron,717.7027719
TX,Camp,0.364476882
TX,Carson,0.99999997
TX,Cass,5.540004215
TX,Castro,3.471124232
TX,Chambers,35.55189045
TX,Cherokee,52.48527645
TX,Childress,16.23735449
TX,Clay,15.25308488
TX,Cochran,0
TX,Coke,5
TX,Coleman,2.621733082
TX,Collin,13477.87396
TX,Collingsworth,1.999999979
TX,Colorado,12.18459288
TX,Comal,162.9548795
TX,Comanche,2.873841258
TX,Concho,3.999999971
TX,Cooke,23.3370622
TX,Coryell,699.0429513
TX,Cottle,0
TX,Crane,1.000000014
TX,Crockett,0
TX,Crosby,0
TX,Culberson,3.000000155
TX,Dallam,4.628067762
TX,Dallas,19165.12779
TX,Dawson,9.839300647
TX,Deaf Smith,13.93520662
TX,Delta,0
TX,Denton,5522.950755
TX,DeWitt,1.119705793
TX,Dickens,0
TX,Dimmit,31.93931144
TX,Donley,0
TX,Duval,4.957760443
TX,Eastland,8.556286755
TX,Ector,165.966626
TX,Edwards,0.409560192
TX,Ellis,183.3282441
TX,El Paso,1615.85736
TX,Erath,100.9086868
TX,Falls,8.883136719
TX,Fannin,32.17696538
TX,Fayette,17.12092057
TX,Fisher,0
TX,Floyd,3.935887318
TX,Foard,4.999999851
TX,Fort Bend,25567.42282
TX,Franklin,1.00000003
TX,Freestone,13.32208852
TX,Frio,5.916398592
TX,Gaines,0.594194105
TX,Galveston,3179.103005
TX,Garza,0
TX,Gillespie,13.30204813
TX,Glasscock,0.999999973
TX,Goliad,0.308977172
TX,Gonzales,12.48407945
TX,Gray,8.500667072
TX,Grayson,242.8976444
TX,Gregg,225.8110851
TX,Grimes,27.09402682
TX,Guadalupe,717.6534901
TX,Hale,29.37799852
TX,Hall,0
TX,Hamilton,3.025017807
TX,Hansford,6.927889287
TX,Hardeman,4
TX,Hardin,74.88102127
TX,Harris,40101.95802
TX,Harrison,80.80147145
TX,Hartley,11
TX,Haskell,2.717892815
TX,Hays,209.3453063
TX,Hemphill,1.999999958
TX,Henderson,78.55583459
TX,Hidalgo,1740.417095
TX,Hill,9.46482639
TX,Hockley,33.14037229
TX,Hood,92.71233032
TX,Hopkins,22.90107959
TX,Houston,20.03978972
TX,Howard,124.0209152
TX,Hudspeth,15.99999976
TX,Hunt,82.68562769
TX,Hutchinson,25.24424621
TX,Irion,2.999999984
TX,Jack,10.50492756
TX,Jackson,7.665865439
TX,Jasper,46.39218188
TX,Jeff Davis,4.414299514
TX,Jefferson,2022.992562
TX,Jim Hogg,6.00000016
TX,Jim Wells,11.83754551
TX,Johnson,287.4591643
TX,Jones,8.075790773
TX,Karnes,3.989685973
TX,Kaufman,42.71763307
TX,Kendall,34.32164105
TX,Kenedy,0.999999984
TX,Kent,0
TX,Kerr,129.9070691
TX,Kimble,0
TX,King,0
TX,Kinney,0
TX,Kleberg,340.3267068
TX,Knox,5.999999916
TX,Lamar,81.98166559
TX,Lamb,0
TX,Lampasas,26.9406948
TX,La Salle,1.000000037
TX,Lavaca,9.18491662
TX,Lee,0.069291472
TX,Leon,8.011428584
TX,Liberty,65.53323153
TX,Limestone,22.44594733
TX,Lipscomb,10.00000032
TX,Live Oak,6.759164609
TX,Llano,20.26418003
TX,Loving,0
TX,Lubbock,623.6152351
TX,Lynn,3
TX,McCulloch,8.99999997
TX,McLennan,1624.452964
TX,McMullen,2.999999954
TX,Madison,11.69798746
TX,Marion,9.977546307
TX,Martin,2.999999909
TX,Mason,0.999999967
TX,Matagorda,355.6488297
TX,Maverick,17.43021228
TX,Medina,45.9953212
TX,Menard,1.790075264
TX,Midland,455.1339037
TX,Milam,13.68516014
TX,Mills,2.000000036
TX,Mitchell,7.086806901
TX,Montague,10.86662195
TX,Montgomery,1551.106729
TX,Moore,650.6136574
TX,Morris,2
TX,Motley,0
TX,Nacogdoches,164.4680219
TX,Navarro,76.38794333
TX,Newton,23.1676577
TX,Nolan,18.22352994
TX,Nueces,2913.559545
TX,Ochiltree,4.000000139
TX,Oldham,17.00000014
TX,Orange,156.5981251
TX,Palo Pinto,41.25567323
TX,Panola,11.29717163
TX,Parker,123.2468489
TX,Parmer,9.849173929
TX,Pecos,3.497739197
TX,Polk,31.4777472
TX,Potter,2556.948863
TX,Presidio,74.99999988
TX,Rains,
TX,Randall,107.5979901
TX,Reagan,0
TX,Real,1.999999983
TX,Red River,4.066946667
TX,Reeves,33.55591594
TX,Refugio,18.99972683
TX,Roberts,2.000000002
TX,Robertson,60.32939726
TX,Rockwall,339.1338523
TX,Runnels,8.667129123
TX,Rusk,65.01161151
TX,Sabine,4.987901307
TX,San Augustine,0
TX,San Jacinto,0
TX,San Patricio,118.7629864
TX,San Saba,2.440416185
TX,Schleicher,0
TX,Scurry,12.5217164
TX,Shackelford,1.045074744
TX,Shelby,7.335031701
TX,Sherman,5.000000084
TX,Smith,464.0892104
TX,Somervell,0
TX,Starr,20.38884456
TX,Stephens,5.488041534
TX,Sterling,0
TX,Stonewall,6.000000118
TX,Sutton,0.99999997
TX,Swisher,2.537097752
TX,Tarrant,23547.50231
TX,Taylor,663.4102959
TX,Terrell,3.999999784
TX,Terry,3.843475977
TX,Throckmorton,6.999999914
TX,Titus,42.91302024
TX,Tom Green,492.836002
TX,Travis,18601.33584
TX,Trinity,0
TX,Tyler,12.38319221
TX,Upshur,27.18573993
TX,Upton,0
TX,Uvalde,32.13238002
TX,Val Verde,104.2515894
TX,Van Zandt,11.94390894
TX,Victoria,310.3220272
TX,Walker,108.899161
TX,Waller,17.66535945
TX,Ward,2.351119744
TX,Washington,34.57869308
TX,Webb,358.80509
TX,Wharton,31.783428
TX,Wheeler,1.978858123
TX,Wichita,1229.762609
TX,Wilbarger,36.87605199
TX,Willacy,64.19226883
TX,Williamson,6344.43585
TX,Wilson,0.715703595
TX,Winkler,0
TX,Wise,5.442909491
TX,Wood,16.55367004
TX,Yoakum,9.56231872
TX,Young,26.20864263
TX,Zapata,8.189275735
TX,Zavala,2.077668076
UT,Beaver,6.000000268
UT,Box Elder,93.26879937
UT,Cache,581.5055082
UT,Carbon,20.83352334
UT,Daggett,3.999999871
UT,Davis,1454.872534
UT,Duchesne,6.999730024
UT,Emery,3.000000149
UT,Garfield,52.99999928
UT,Grand,11.79765098
UT,Iron,115.0929891
UT,Juab,8.64205527
UT,Kane,16.43807279
UT,Millard,57.35575502
UT,Morgan,0
UT,Piute,5.99999992
UT,Rich,6.999999977
UT,Salt Lake,2656.480553
UT,San Juan,4.848875305
UT,Sanpete,1.000000015
UT,Sevier,7.087418512
UT,Summit,120.269877
UT,Tooele,143.7532941
UT,Uintah,28.27068794
UT,Utah,1396.276299
UT,Wasatch,10.64962192
UT,Washington,254.9669464
UT,Wayne,11.00000061
UT,Weber,647.8354508
VT,Addison,14.96460068
VT,Bennington,27.90740324
VT,Caledonia,2.743188387
VT,Chittenden,699.1314746
VT,Essex,4.005710005
VT,Franklin,17.26483132
VT,Grand Isle,0
VT,Lamoille,1.010848189
VT,Orange,11.89005846
VT,Orleans,10.37400097
VT,Rutland,54.73342171
VT,Washington,35.00896842
VT,Windham,28.92412749
VT,Windsor,68.44696539
VA,Accomack,4.915345204
VA,Albemarle,873.7377532
VA,Alleghany,1.387788817
VA,Amelia,4.514099739
VA,Amherst,28.48671473
VA,Appomattox,0.003320317
VA,Arlington,153.279272
VA,Augusta,44.91172938
VA,Bath,1.645295688
VA,Bedford,100.9504385
VA,Bland,0
VA,Botetourt,54.94192001
VA,Brunswick,8.131786333
VA,Buchanan,
VA,Buckingham,15.00261703
VA,Campbell,153.8312418
VA,Caroline,8.555524888
VA,Carroll,4.926164831
VA,Charles City,1.203097487
VA,Charlotte,11.00000014
VA,Chesterfield,3528.737429
VA,Clarke,0.203898355
VA,Craig,1.991429328
VA,Culpeper,74.96688016
VA,Cumberland,15.28710077
VA,Dickenson,
VA,Dinwiddie,19.63485909
VA,Essex,25.82220047
VA,Fairfax,28860.73539
VA,Fauquier,127.2921109
VA,Floyd,4.931419622
VA,Fluvanna,55.59342684
VA,Franklin,40.01176652
VA,Frederick,206.6394788
VA,Giles,0
VA,Gloucester,36.35125409
VA,Goochland,26.43304628
VA,Grayson,4.051098591
VA,Greene,0
VA,Greensville,7.514965469
VA,Halifax,19.13159486
VA,Hanover,346.4326174
VA,Henrico,3148.352773
VA,Henry,66.57572111
VA,Highland,3.999999972
VA,Isle of Wight,45.64776267
VA,James City,492.2975342
VA,King and Queen,2.478463572
VA,King George,
VA,King William,5.607217677
VA,Lancaster,0
VA,Lee,0.051434481
VA,Loudoun,4021.261034
VA,Louisa,3.712259985
VA,Lunenburg,0
VA,Madison,0
VA,Mathews,0
VA,Mecklenburg,21.04777754
VA,Middlesex,0
VA,Montgomery,808.3550058
VA,Nelson,1.767392721
VA,New Kent,0
VA,Northampton,0
VA,Northumberland,3.999999982
VA,Nottoway,22.08917556
VA,Orange,43.88980795
VA,Page,4.050848347
VA,Patrick,1.894970772
VA,Pittsylvania,32.9381248
VA,Powhatan,7.341899088
VA,Prince Edward,25.82768356
VA,Prince George,147.9007591
VA,Prince William,6223.306677
VA,Pulaski,21.76386363
VA,Rappahannock,33.19916533
VA,Richmond,1.247178951
VA,Roanoke,575.4332599
VA,Rockbridge,10.74944094
VA,Rockingham,165.3707171
VA,Russell,5.713926369
VA,Scott,1.721333541
VA,Shenandoah,6.915355895
VA,Smyth,13.26762855
VA,Southampton,6.170886819
VA,Spotsylvania,690.5756256
VA,Stafford,975.6218336
VA,Surry,6.789329591
VA,Sussex,19.55462596
VA,Tazewell,125.8274814
VA,Warren,42.94864099
VA,Washington,38.22369144
VA,Westmoreland,15.0450561
VA,Wise,12.13151623
VA,Wythe,7.584113129
VA,York,836.1889546
VA,Alexandria,
VA,Bedford,0
VA,Bristol,19.27595624
VA,Buena Vista,27.75690218
VA,Charlottesville,525.9329463
VA,Chesapeake,983.7279765
VA,Colonial Heights,140.3639146
VA,Covington,2
VA,Danville,65.04865282
VA,Emporia,0
VA,Fairfax,91.73965737
VA,Falls Church,
VA,Franklin,31.53023518
VA,Fredericksburg,89.4038307
VA,Galax,1
VA,Hampton,1002.045925
VA,Harrisonburg,32.36849837
VA,Hopewell,80.17939128
VA,Lexington,5.216519798
VA,Lynchburg,266.7188962
VA,Manassas,131.6228941
VA,Manassas Park,627.3921683
VA,Martinsville,40.997325
VA,Newport News,1328.769427
VA,Norfolk,1465.122743
VA,Norton,7.223067813
VA,Petersburg,51.65069966
VA,Poquoson,101.5503868
VA,Portsmouth,210.1468223
VA,Radford,29.12161992
VA,Richmond,571.2658701
VA,Roanoke,239.6080287
VA,Salem,162.6753876
VA,Staunton,12.44285622
VA,Suffolk,330.1214975
VA,Virginia Beach,4148.692377
VA,Waynesboro,4.616190928
VA,Williamsburg,113.8484872
VA,Winchester,85.64632784
WA,Adams,13.79919504
WA,Asotin,17.08391126
WA,Benton,785.3523165
WA,Chelan,136.9261323
WA,Clallam,215.7068075
WA,Clark,4485.181196
WA,Columbia,5.99412942
WA,Cowlitz,373.1107206
WA,Douglas,125.6244977
WA,Ferry,25.37926996
WA,Franklin,250.0044835
WA,Garfield,39.00000145
WA,Grant,202.6836464
WA,Grays Harbor,333.3602319
WA,Island,874.4239034
WA,Jefferson,95.26363481
WA,King,39073.03704
WA,Kitsap,3569.166184
WA,Kittitas,221.9763181
WA,Klickitat,45.79419475
WA,Lewis,120.814965
WA,Lincoln,28.30949651
WA,Mason,72.91630163
WA,Okanogan,35.86671089
WA,Pacific,258.4821029
WA,Pend Oreille,21.70283986
WA,Pierce,13063.38573
WA,San Juan,1.999999898
WA,Skagit,668.8791363
WA,Skamania,1.349540509
WA,Snohomish,14855.14069
WA,Spokane,1472.84636
WA,Stevens,59.80368528
WA,Thurston,5027.126049
WA,Wahkiakum,16.70334641
WA,Walla Walla,90.73709572
WA,Whatcom,1943.830534
WA,Whitman,603.2722182
WA,Yakima,393.4104045
WV,Barbour,14.68463371
WV,Berkeley,127.2168505
WV,Boone,0
WV,Braxton,3.999999997
WV,Brooke,12.5325243
WV,Cabell,73.47983245
WV,Calhoun,0.049885396
WV,Clay,0.368728444
WV,Doddridge,2.001395552
WV,Fayette,18.52569195
WV,Gilmer,0.195418494
WV,Grant,2.899597771
WV,Greenbrier,9.204187997
WV,Hampshire,23.54757482
WV,Hancock,23.12436244
WV,Hardy,8.783121285
WV,Harrison,52.54699194
WV,Jackson,6.551477693
WV,Jefferson,20.42783369
WV,Kanawha,679.723662
WV,Lewis,2.734268014
WV,Lincoln,0
WV,Logan,16.30264545
WV,McDowell,0.432688208
WV,Marion,55.52432309
WV,Marshall,20.998448
WV,Mason,29.89496577
WV,Mercer,139.3987398
WV,Mineral,6.49430044
WV,Mingo,0.715483605
WV,Monongalia,784.879106
WV,Monroe,1.341459607
WV,Morgan,14
WV,Nicholas,2.46030071
WV,Ohio,177.4816158
WV,Pendleton,2.968033472
WV,Pleasants,1
WV,Pocahontas,2.098168418
WV,Preston,8.775703823
WV,Putnam,101.2399529
WV,Raleigh,301.8062042
WV,Randolph,5.789191044
WV,Ritchie,0
WV,Roane,12.25626295
WV,Summers,5.055355388
WV,Taylor,0.938599656
WV,Tucker,0
WV,Tyler,3.025969208
WV,Upshur,2.527738386
WV,Wayne,19.35430478
WV,Webster,0.369247575
WV,Wetzel,2.662681445
WV,Wirt,0
WV,Wood,176.5828421
WV,Wyoming,1.062986034
WI,Adams,2.758159005
WI,Ashland,17.97702902
WI,Barron,14.41907266
WI,Bayfield,17.74799831
WI,Brown,1187.73447
WI,Buffalo,4.999999973
WI,Burnett,1.523933543
WI,Calumet,421.1283707
WI,Chippewa,352.1231453
WI,Clark,12.00037618
WI,Columbia,14.46380659
WI,Crawford,8.541894176
WI,Dane,3544.407795
WI,Dodge,51.20439814
WI,Door,19.26845599
WI,Douglas,96.87386301
WI,Dunn,193.9857904
WI,Eau Claire,863.9040137
WI,Florence,1.231949826
WI,Fond du Lac,247.817901
WI,Forest,1.488949096
WI,Grant,48.82363057
WI,Green,29.64636239
WI,Green Lake,40.41396067
WI,Iowa,14.942839
WI,Iron,0.99999997
WI,Jackson,13.23322527
WI,Jefferson,27.87192463
WI,Juneau,14.17887286
WI,Kenosha,406.4203318
WI,Kewaunee,0.265482932
WI,La Crosse,1319.669378
WI,Lafayette,2.426500747
WI,Langlade,11.78165445
WI,Lincoln,17.70255541
WI,Manitowoc,521.9446683
WI,Marathon,1691.248617
WI,Marinette,61.90933761
WI,Marquette,0.023308558
WI,Menominee,0.999999989
WI,Milwaukee,2954.897073
WI,Monroe,57.7984279
WI,Oconto,4.961766579
WI,Oneida,23.38193957
WI,Outagamie,493.1989461
WI,Ozaukee,464.6816321
WI,Pepin,
WI,Pierce,29.39434443
WI,Polk,2.60962046
WI,Portage,376.2821122
WI,Price,6.999999953
WI,Racine,560.6128791
WI,Richland,30.40769857
WI,Rock,479.8248512
WI,Rusk,8.413886538
WI,St. Croix,109.7250011
WI,Sauk,46.73665808
WI,Sawyer,9.452633105
WI,Shawano,18.69596706
WI,Sheboygan,284.2068445
WI,Taylor,3.708782662
WI,Trempealeau,0.973925787
WI,Vernon,25.45584172
WI,Vilas,3.298749697
WI,Walworth,229.8231443
WI,Washburn,10.14631879
WI,Washington,450.3955002
WI,Waukesha,3374.079963
WI,Waupaca,42.29520645
WI,Waushara,0
WI,Winnebago,871.3561254
WI,Wood,209.6523026
WY,Albany,274.4839543
WY,Big Horn,5.000000208
WY,Campbell,43.97932761
WY,Carbon,61.97750935
WY,Converse,0.56171968
WY,Crook,3.987352749
WY,Fremont,24.89864625
WY,Goshen,8.707942736
WY,Hot Springs,0.001066363
WY,Johnson,4.012330078
WY,Laramie,379.2365009
WY,Lincoln,4.230431486
WY,Natrona,232.4746398
WY,Niobrara,0
WY,Park,23.9157355
WY,Platte,2.768555864
WY,Sheridan,97.07896057
WY,Sublette,3.29552806
WY,Sweetwater,114.7220856
WY,Teton,53.48977977
WY,Uinta,13.83170906
WY,Washakie,6.36677471
WY,Weston,2.771749551