State,County,LACCESS_WHITE15
AL,Autauga,12640.61541
AL,Baldwin,25483.18681
AL,Barbour,2828.876711
AL,Bibb,540.5122387
AL,Blount,3387.241266
AL,Bullock,1462.196457
AL,Butler,729.7324117
AL,Calhoun,21058.35896
AL,Chambers,4281.110416
AL,Cherokee,100.8908362
AL,Chilton,1125.956187
AL,Choctaw,743.8167363
AL,Clarke,2229.402621
AL,Clay,558.463331
AL,Cleburne,771.7754258
AL,Coffee,8462.375776
AL,Colbert,9455.683577
AL,Conecuh,2548.220255
AL,Coosa,2311.026408
AL,Covington,3387.282897
AL,Crenshaw,3871.50898
AL,Cullman,5594.810444
AL,Dale,10039.80009
AL,Dallas,1865.149459
AL,DeKalb,1727.096467
AL,Elmore,9447.677189
AL,Escambia,3014.965811
AL,Etowah,18781.92115
AL,Fayette,287.7605748
AL,Franklin,3072.714228
AL,Geneva,537.236358
AL,Greene,409.2722489
AL,Hale,1261.208751
AL,Henry,603.0660375
AL,Houston,13377.854
AL,Jackson,3664.925587
AL,Jefferson,94905.921
AL,Lamar,220.0886158
AL,Lauderdale,10957.01665
AL,Lawrence,1367.633699
AL,Lee,26724.41127
AL,Limestone,6814.984993
AL,Lowndes,608.9155986
AL,Macon,570.9875049
AL,Madison,57839.33621
AL,Marengo,2038.559208
AL,Marion,1871.566598
AL,Marshall,8632.03877
AL,Mobile,64581.59954
AL,Monroe,2315.948512
AL,Montgomery,19163.7968
AL,Morgan,12662.05422
AL,Perry,567.8617242
AL,Pickens,291.9661605
AL,Pike,2767.694595
AL,Randolph,2204.843872
AL,Russell,3353.236078
AL,St. Clair,3950.901428
AL,Shelby,40786.1146
AL,Sumter,470.0280741
AL,Talladega,7740.310074
AL,Tallapoosa,2543.950304
AL,Tuscaloosa,21741.21039
AL,Walker,6112.44696
AL,Washington,1081.172873
AL,Wilcox,960.387047
AL,Winston,1399.383853
AK,Aleutians East,507.9999964
AK,Aleutians West,305.8104071
AK,Anchorage,58056.93975
AK,Bethel,722.8114388
AK,Bristol Bay,481.0000026
AK,Denali,1636.999998
AK,Dillingham,141.5106503
AK,Fairbanks North Star,26236.60015
AK,Haines,445.8412396
AK,Hoonah-Angoon,1003.904793
AK,Juneau,7191.302594
AK,Kenai Peninsula,8810.116016
AK,Ketchikan Gateway,726.0677969
AK,Kodiak Island,1328.227571
AK,Lake and Peninsula,378.0588606
AK,Matanuska-Susitna,19619.08116
AK,Nome,357.1649774
AK,North Slope,2472.653193
AK,Northwest Arctic,333.9346488
AK,Petersburg,148.8864658
AK,Prince of Wales-Hyder,1273.478025
AK,Sitka,1136.608498
AK,Skagway,2.999953762
AK,Southeast Fairbanks,2353.661293
AK,Valdez-Cordova,3750.730685
AK,Wade Hampton,123.9999998
AK,Wrangell,419.428259
AK,Yakutat,281.000001
AK,Yukon-Koyukuk,1243.000003
AZ,Apache,8602.417554
AZ,Cochise,44249.76395
AZ,Coconino,19894.87407
AZ,Gila,10837.60865
AZ,Graham,7617.013936
AZ,Greenlee,4669.455571
AZ,La Paz,7540.850722
AZ,Maricopa,389366.236
AZ,Mohave,78105.86996
AZ,Navajo,12403.1012
AZ,Pima,163852.6549
AZ,Pinal,62934.68694
AZ,Santa Cruz,9690.899721
AZ,Yavapai,61621.02175
AZ,Yuma,29074.18127
AR,Arkansas,4234.900193
AR,Ashley,2524.831404
AR,Baxter,4470.31635
AR,Benton,27677.80308
AR,Boone,8111.533814
AR,Bradley,856.9740876
AR,Calhoun,2556.742603
AR,Carroll,1707.387816
AR,Chicot,3179.27288
AR,Clark,6488.849882
AR,Clay,1614.691689
AR,Cleburne,2291.417324
AR,Cleveland,1596.343125
AR,Columbia,2863.505117
AR,Conway,3218.279864
AR,Craighead,12013.8279
AR,Crawford,8864.742552
AR,Crittenden,3637.804949
AR,Cross,2064.919666
AR,Dallas,1715.1576
AR,Desha,2094.389717
AR,Drew,2879.319175
AR,Faulkner,15010.28451
AR,Franklin,1069.623689
AR,Fulton,2298.191685
AR,Garland,23831.21249
AR,Grant,1921.037964
AR,Greene,9240.211761
AR,Hempstead,3894.140971
AR,Hot Spring,4692.07264
AR,Howard,4538.412845
AR,Independence,5042.864951
AR,Izard,142.8009085
AR,Jackson,1984.577112
AR,Jefferson,6284.831096
AR,Johnson,1334.8019
AR,Lafayette,980.3635551
AR,Lawrence,5105.244208
AR,Lee,2186.207613
AR,Lincoln,2181.855933
AR,Little River,1170.495188
AR,Logan,1934.308435
AR,Lonoke,10452.44376
AR,Madison,3674.267351
AR,Marion,2179.686647
AR,Miller,11345.63161
AR,Mississippi,3682.369945
AR,Monroe,657.553685
AR,Montgomery,2032.584404
AR,Nevada,1843.840609
AR,Newton,3485.238175
AR,Ouachita,3642.197502
AR,Perry,1438.500908
AR,Phillips,3593.316546
AR,Pike,2326.042883
AR,Poinsett,7146.554454
AR,Polk,7114.016993
AR,Pope,7122.843534
AR,Prairie,2938.723618
AR,Pulaski,53323.32519
AR,Randolph,5515.181809
AR,St. Francis,2467.522279
AR,Saline,21380.99738
AR,Scott,1771.104823
AR,Searcy,2637.040802
AR,Sebastian,10656.9961
AR,Sevier,2681.97319
AR,Sharp,3768.461796
AR,Stone,3016.686904
AR,Union,6071.99494
AR,Van Buren,1700.669987
AR,Washington,23217.81195
AR,White,8397.757162
AR,Woodruff,336.5594103
AR,Yell,2630.141434
CA,Alameda,54933.87207
CA,Alpine,523.5815745
CA,Amador,4057.974244
CA,Butte,39334.99858
CA,Calaveras,4042.739031
CA,Colusa,1311.437951
CA,Contra Costa,139112.2888
CA,Del Norte,6860.841288
CA,El Dorado,45782.31832
CA,Fresno,45655.06967
CA,Glenn,1881.82139
CA,Humboldt,17738.8169
CA,Imperial,18909.01897
CA,Inyo,5801.776497
CA,Kern,80935.05553
CA,Kings,15226.9088
CA,Lake,9365.737678
CA,Lassen,10539.46288
CA,Los Angeles,371843.5904
CA,Madera,19028.80686
CA,Marin,25955.78616
CA,Mariposa,2769.394891
CA,Mendocino,11761.40494
CA,Merced,24044.84076
CA,Modoc,2160.997941
CA,Mono,6072.841103
CA,Monterey,34770.55473
CA,Napa,11939.04174
CA,Nevada,24281.2753
CA,Orange,146456.7507
CA,Placer,46336.25674
CA,Plumas,1405.199676
CA,Riverside,282166.16
CA,Sacramento,118689.8455
CA,San Benito,7312.558187
CA,San Bernardino,272384.1722
CA,San Diego,316783.3742
CA,San Francisco,1685.636183
CA,San Joaquin,43070.47422
CA,San Luis Obispo,35441.69226
CA,San Mateo,49173.60802
CA,Santa Barbara,43916.58949
CA,Santa Clara,70759.74117
CA,Santa Cruz,27414.27324
CA,Shasta,35834.41435
CA,Sierra,2671.32585
CA,Siskiyou,7309.517237
CA,Solano,36838.695
CA,Sonoma,60087.02798
CA,Stanislaus,40549.35418
CA,Sutter,19729.14037
CA,Tehama,10533.33884
CA,Trinity,2091.767496
CA,Tulare,34336.66958
CA,Tuolumne,14496.48621
CA,Ventura,99159.80955
CA,Yolo,8776.878038
CA,Yuba,9495.236345
CO,Adams,49177.28295
CO,Alamosa,764.7170554
CO,Arapahoe,53940.28298
CO,Archuleta,2940.743088
CO,Baca,887.0607142
CO,Bent,1317.636183
CO,Boulder,37956.28647
CO,Broomfield,14287.37887
CO,Chaffee,1709.512044
CO,Cheyenne,557.1438896
CO,Clear Creek,1184.876768
CO,Conejos,373.2895622
CO,Costilla,2395.275441
CO,Crowley,425.2460892
CO,Custer,1055.674466
CO,Delta,2260.605692
CO,Denver,26244.13827
CO,Dolores,1919.999996
CO,Douglas,50027.82163
CO,Eagle,6706.3382
CO,Elbert,5688.154226
CO,El Paso,134251.4393
CO,Fremont,14818.70488
CO,Garfield,6751.05403
CO,Gilpin,0
CO,Grand,405.7440155
CO,Gunnison,1766.852659
CO,Hinsdale,92.81431912
CO,Huerfano,2219.053
CO,Jackson,358.0607211
CO,Jefferson,110523.3678
CO,Kiowa,1346.000001
CO,Kit Carson,865.3279817
CO,Lake,1087.915999
CO,La Plata,6739.297532
CO,Larimer,52004.82096
CO,Las Animas,5150.869509
CO,Lincoln,1159.064004
CO,Logan,4197.488006
CO,Mesa,41428.78738
CO,Mineral,88.78421016
CO,Moffat,2952.604233
CO,Montezuma,2354.399874
CO,Montrose,6759.776601
CO,Morgan,2440.077527
CO,Otero,4272.641398
CO,Ouray,266.3927214
CO,Park,8281.893979
CO,Phillips,205.2095874
CO,Pitkin,1472.228881
CO,Prowers,2407.795385
CO,Pueblo,47006.85158
CO,Rio Blanco,544.5906783
CO,Rio Grande,1340.995963
CO,Routt,4957.969474
CO,Saguache,1141.671899
CO,San Juan,641.9566516
CO,San Miguel,698.4616662
CO,Sedgwick,405.8077176
CO,Summit,4556.925708
CO,Teller,2853.083155
CO,Washington,2348.281508
CO,Weld,30834.62883
CO,Yuma,2139.145436
CT,Fairfield,240479.1183
CT,Hartford,220093.0776
CT,Litchfield,32474.57704
CT,Middlesex,47054.53977
CT,New Haven,217022.8974
CT,New London,81920.38434
CT,Tolland,47484.47624
CT,Windham,16909.81998
DE,Kent,18141.53265
DE,New Castle,83716.76676
DE,Sussex,22145.05093
DC,District of Columbia,4633.446468
FL,Alachua,25249.39827
FL,Baker,7276.874305
FL,Bay,48026.9672
FL,Bradford,1123.054335
FL,Brevard,183609.1781
FL,Broward,113167.2211
FL,Calhoun,2182.588123
FL,Charlotte,60271.49401
FL,Citrus,41222.25085
FL,Clay,39475.90867
FL,Collier,77342.95524
FL,Columbia,8735.734977
FL,DeSoto,2324.381528
FL,Dixie,1469.684151
FL,Duval,131349.9256
FL,Escambia,76844.9968
FL,Flagler,26635.05428
FL,Franklin,266.1366847
FL,Gadsden,778.7869846
FL,Gilchrist,74.31729494
FL,Glades,4746.850397
FL,Gulf,2735.740238
FL,Hamilton,2383.454517
FL,Hardee,6685.293168
FL,Hendry,4031.260467
FL,Hernando,55850.64377
FL,Highlands,26825.81066
FL,Hillsborough,228697.544
FL,Holmes,2978.54934
FL,Indian River,42601.69262
FL,Jackson,2156.909016
FL,Jefferson,1414.616075
FL,Lafayette,551.2851539
FL,Lake,67150.71946
FL,Lee,129383.8296
FL,Leon,55689.61729
FL,Levy,3002.542179
FL,Liberty,1991.714053
FL,Madison,2585.187585
FL,Manatee,61208.79626
FL,Marion,73494.04487
FL,Martin,40693.02062
FL,Miami-Dade,103702.8454
FL,Monroe,19087.79816
FL,Nassau,15724.39935
FL,Okaloosa,51237.05366
FL,Okeechobee,14238.51423
FL,Orange,144876.753
FL,Osceola,40944.33493
FL,Palm Beach,178887.2364
FL,Pasco,99023.25867
FL,Pinellas,108023.7238
FL,Polk,158410.9033
FL,Putnam,12679.64978
FL,St. Johns,42934.20935
FL,St. Lucie,77167.11488
FL,Santa Rosa,54951.39167
FL,Sarasota,93955.20084
FL,Seminole,91477.09117
FL,Sumter,10815.26815
FL,Suwannee,5645.718067
FL,Taylor,5700.26214
FL,Union,2448.118992
FL,Volusia,145617.6963
FL,Wakulla,377.1911825
FL,Walton,6239.055609
FL,Washington,7848.7803
GA,Appling,3067.598131
GA,Atkinson,1066.506806
GA,Bacon,935.6910085
GA,Baker,1320.631541
GA,Baldwin,3476.56878
GA,Banks,485.3126829
GA,Barrow,7386.845044
GA,Bartow,26086.98891
GA,Ben Hill,2622.979324
GA,Berrien,3044.123826
GA,Bibb,18215.95782
GA,Bleckley,724.4429005
GA,Brantley,744.4781959
GA,Brooks,862.76308
GA,Bryan,6112.40038
GA,Bulloch,3070.765857
GA,Burke,812.5036577
GA,Butts,474.7328677
GA,Calhoun,342.3733114
GA,Camden,16047.32135
GA,Candler,176.1109178
GA,Carroll,16128.43314
GA,Catoosa,20914.13824
GA,Charlton,1614.392099
GA,Chatham,36500.54914
GA,Chattahoochee,7497.157145
GA,Chattooga,1081.808443
GA,Cherokee,54247.71175
GA,Clarke,22378.06295
GA,Clay,716.6190925
GA,Clayton,19331.48331
GA,Clinch,531.7355954
GA,Cobb,173964.1182
GA,Coffee,4434.446649
GA,Colquitt,5775.903816
GA,Columbia,16805.38084
GA,Cook,1288.117078
GA,Coweta,24566.26416
GA,Crawford,12.58572415
GA,Crisp,781.5579277
GA,Dade,881.5251673
GA,Dawson,112.7346096
GA,Decatur,2277.820131
GA,DeKalb,32729.22335
GA,Dodge,406.64716
GA,Dooly,226.0945226
GA,Dougherty,8731.520986
GA,Douglas,21721.91782
GA,Early,523.1486202
GA,Echols,165.2538447
GA,Effingham,4858.438936
GA,Elbert,2397.991736
GA,Emanuel,4035.654962
GA,Evans,474.5064861
GA,Fannin,258.3608537
GA,Fayette,23809.38053
GA,Floyd,15108.32363
GA,Forsyth,40524.46439
GA,Franklin,153.2185694
GA,Fulton,84748.68935
GA,Gilmer,1553.959818
GA,Glascock,1916.714492
GA,Glynn,14538.67083
GA,Gordon,6053.127382
GA,Grady,1390.835686
GA,Greene,330.9131421
GA,Gwinnett,137600.8403
GA,Habersham,5865.363036
GA,Hall,36926.24684
GA,Hancock,515.5977779
GA,Haralson,1410.385436
GA,Harris,63.54731963
GA,Hart,1896.241987
GA,Heard,723.1383339
GA,Henry,37196.58678
GA,Houston,35235.74801
GA,Irwin,578.0097231
GA,Jackson,2083.007687
GA,Jasper,2419.09607
GA,Jeff Davis,1338.645166
GA,Jefferson,123.9428735
GA,Jenkins,264.9300179
GA,Johnson,826.0622106
GA,Jones,1054.871533
GA,Lamar,737.2322275
GA,Lanier,319.9369044
GA,Laurens,2223.81521
GA,Lee,3455.466728
GA,Liberty,12739.67372
GA,Lincoln,279.7631361
GA,Long,1015.481288
GA,Lowndes,14000.30301
GA,Lumpkin,307.9334881
GA,McDuffie,689.243576
GA,McIntosh,929.2781904
GA,Macon,598.3243021
GA,Madison,645.1071765
GA,Marion,4.887431071
GA,Meriwether,574.8216743
GA,Miller,121.7551352
GA,Mitchell,1173.552743
GA,Monroe,920.3395447
GA,Montgomery,853.4883594
GA,Morgan,1532.518486
GA,Murray,4570.966044
GA,Muscogee,22438.26468
GA,Newton,10899.04394
GA,Oconee,8607.842973
GA,Oglethorpe,448.1993815
GA,Paulding,26099.09771
GA,Peach,2480.731966
GA,Pickens,1581.389572
GA,Pierce,2003.100087
GA,Pike,5.078306864
GA,Polk,3703.475422
GA,Pulaski,812.9623171
GA,Putnam,312.8542317
GA,Quitman,326.3123206
GA,Rabun,95.85653553
GA,Randolph,721.2689605
GA,Richmond,29001.81665
GA,Rockdale,15925.81216
GA,Schley,21.28304
GA,Screven,1627.277197
GA,Seminole,382.4221112
GA,Spalding,5803.514749
GA,Stephens,2368.307204
GA,Stewart,301.5303579
GA,Sumter,2715.518528
GA,Talbot,360.3406374
GA,Taliaferro,431.7246343
GA,Tattnall,740.0855551
GA,Taylor,195.5633157
GA,Telfair,241.74596
GA,Terrell,89.36766404
GA,Thomas,6913.536905
GA,Tift,1225.274217
GA,Toombs,3374.030901
GA,Towns,1.416200713
GA,Treutlen,198.8966453
GA,Troup,6122.458891
GA,Turner,294.3669883
GA,Twiggs,8.541753828
GA,Union,290.5092749
GA,Upson,3906.30912
GA,Walker,16274.35327
GA,Walton,11258.75134
GA,Ware,10431.04043
GA,Warren,38.61576152
GA,Washington,2690.943768
GA,Wayne,7120.298518
GA,Webster,39.03181017
GA,Wheeler,314.4840282
GA,White,
GA,Whitfield,17341.75034
GA,Wilcox,55.9646149
GA,Wilkes,1008.049865
GA,Wilkinson,1182.501323
GA,Worth,1013.09556
HI,Hawaii,23540.41323
HI,Honolulu,58744.76847
HI,Kalawao,0
HI,Kauai,7664.918689
HI,Maui,19041.44713
ID,Ada,62105.87525
ID,Adams,401.8736857
ID,Bannock,22095.74111
ID,Bear Lake,1480.400864
ID,Benewah,2069.734779
ID,Bingham,7987.997227
ID,Blaine,4633.457522
ID,Boise,4286.841402
ID,Bonner,7858.105774
ID,Bonneville,21622.28662
ID,Boundary,1524.864488
ID,Butte,581.0788182
ID,Camas,1050.999992
ID,Canyon,30862.22409
ID,Caribou,2030.300831
ID,Cassia,5572.760324
ID,Clark,711.0000035
ID,Clearwater,1452.941133
ID,Custer,1833.359576
ID,Elmore,7156.37394
ID,Franklin,880.2917025
ID,Fremont,1447.554636
ID,Gem,4776.512247
ID,Gooding,122.5328907
ID,Idaho,5346.983146
ID,Jefferson,2506.059467
ID,Jerome,3974.714806
ID,Kootenai,32450.97584
ID,Latah,4181.550376
ID,Lemhi,2786.705735
ID,Lewis,1754.424646
ID,Lincoln,4062.454692
ID,Madison,6681.434691
ID,Minidoka,2693.835554
ID,Nez Perce,6813.438611
ID,Oneida,479.071594
ID,Owyhee,1785.610159
ID,Payette,4740.793657
ID,Power,884.0079294
ID,Shoshone,1093.115835
ID,Teton,753.1417474
ID,Twin Falls,4153.366669
ID,Valley,1770.566939
ID,Washington,2015.253618
IL,Adams,10034.80289
IL,Alexander,1241.430075
IL,Bond,1200.692302
IL,Boone,9993.996549
IL,Brown,532.9248974
IL,Bureau,12175.07823
IL,Calhoun,573.5033644
IL,Carroll,2789.552413
IL,Cass,1497.327288
IL,Champaign,24844.63416
IL,Christian,3481.287946
IL,Clark,1398.883837
IL,Clay,2121.84794
IL,Clinton,4489.197001
IL,Coles,7854.454553
IL,Cook,256596.3134
IL,Crawford,2044.96295
IL,Cumberland,
IL,DeKalb,24367.34539
IL,De Witt,632.2472243
IL,Douglas,1932.570214
IL,DuPage,169679.1171
IL,Edgar,6583.943345
IL,Edwards,1213.459944
IL,Effingham,5761.789029
IL,Fayette,7504.126517
IL,Ford,2522.061266
IL,Franklin,4172.634324
IL,Fulton,6194.840668
IL,Gallatin,4103.368237
IL,Greene,1626.624402
IL,Grundy,8789.950084
IL,Hamilton,1162.014887
IL,Hancock,7229.223298
IL,Hardin,701.4155794
IL,Henderson,98.58614039
IL,Henry,8808.830551
IL,Iroquois,6000.999503
IL,Jackson,11186.00254
IL,Jasper,1421.345679
IL,Jefferson,7680.508841
IL,Jersey,3490.004101
IL,Jo Daviess,4370.168313
IL,Johnson,1679.185006
IL,Kane,77701.65731
IL,Kankakee,10406.31082
IL,Kendall,15546.21465
IL,Knox,7755.357502
IL,Lake,203780.2507
IL,LaSalle,22268.45041
IL,Lawrence,2345.250233
IL,Lee,3530.519703
IL,Livingston,3213.714414
IL,Logan,8998.916199
IL,McDonough,3658.101553
IL,McHenry,120133.867
IL,McLean,38272.04284
IL,Macon,26055.96029
IL,Macoupin,7564.263057
IL,Madison,82464.29482
IL,Marion,10181.13694
IL,Marshall,2285.992659
IL,Mason,4458.279512
IL,Massac,1378.598141
IL,Menard,345.8883226
IL,Mercer,2919.552572
IL,Monroe,9427.159482
IL,Montgomery,6912.278325
IL,Morgan,10579.96325
IL,Moultrie,439.7446876
IL,Ogle,8437.841945
IL,Peoria,37423.00536
IL,Perry,4345.686035
IL,Piatt,490.3529704
IL,Pike,3001.215999
IL,Pope,1039.063185
IL,Pulaski,900.1494023
IL,Putnam,644.8607038
IL,Randolph,3430.909373
IL,Richland,917.6638306
IL,Rock Island,20454.08094
IL,St. Clair,59832.62424
IL,Saline,8888.157734
IL,Sangamon,44221.78288
IL,Schuyler,1049.398884
IL,Scott,217.8140307
IL,Shelby,5357.204484
IL,Stark,1753.580099
IL,Stephenson,3135.792715
IL,Tazewell,55950.7017
IL,Union,2267.971414
IL,Vermilion,10864.69012
IL,Wabash,984.0785467
IL,Warren,1024.276762
IL,Washington,1598.210832
IL,Wayne,3305.153748
IL,White,4173.154317
IL,Whiteside,12310.61381
IL,Will,166260.3268
IL,Williamson,8980.881209
IL,Winnebago,65636.1001
IL,Woodford,4405.207254
IN,Adams,2856.47004
IN,Allen,88931.85608
IN,Bartholomew,18672.42073
IN,Benton,128.3939409
IN,Blackford,263.1120011
IN,Boone,6452.017862
IN,Brown,458.2946564
IN,Carroll,849.5027536
IN,Cass,1440.440708
IN,Clark,21122.79907
IN,Clay,1041.466089
IN,Clinton,556.8858832
IN,Crawford,1523.613126
IN,Daviess,2483.918002
IN,Dearborn,12686.69408
IN,Decatur,3849.164294
IN,DeKalb,8742.053004
IN,Delaware,26466.71174
IN,Dubois,2376.471395
IN,Elkhart,34852.51748
IN,Fayette,4984.609234
IN,Floyd,20371.75556
IN,Fountain,3150.962949
IN,Franklin,2048.014446
IN,Fulton,2612.756432
IN,Gibson,1233.944345
IN,Grant,11424.57806
IN,Greene,3885.826293
IN,Hamilton,78880.14946
IN,Hancock,19751.54524
IN,Harrison,1801.075474
IN,Hendricks,37099.42183
IN,Henry,1786.723489
IN,Howard,19984.93638
IN,Huntington,8007.446074
IN,Jackson,6240.698482
IN,Jasper,2869.448155
IN,Jay,3999.877982
IN,Jefferson,5103.125778
IN,Jennings,7637.098771
IN,Johnson,38248.66128
IN,Knox,10290.40287
IN,Kosciusko,12802.4016
IN,LaGrange,56.46838854
IN,Lake,95314.50955
IN,LaPorte,20016.41845
IN,Lawrence,4282.982142
IN,Madison,29363.07937
IN,Marion,136521.3866
IN,Marshall,6723.564604
IN,Martin,268.200827
IN,Miami,6807.302288
IN,Monroe,18238.15298
IN,Montgomery,5227.825791
IN,Morgan,9828.496478
IN,Newton,2191.140439
IN,Noble,2477.249834
IN,Ohio,
IN,Orange,1865.880629
IN,Owen,165.0344739
IN,Parke,2114.811172
IN,Perry,5457.589462
IN,Pike,970.5292505
IN,Porter,47954.65871
IN,Posey,5604.355121
IN,Pulaski,340.72443
IN,Putnam,1747.220293
IN,Randolph,3539.344807
IN,Ripley,684.9826016
IN,Rush,555.8366133
IN,St. Joseph,70537.6011
IN,Scott,807.4472888
IN,Shelby,5512.825205
IN,Spencer,2.095516111
IN,Starke,1259.827095
IN,Steuben,6086.617446
IN,Sullivan,1011.376727
IN,Switzerland,477.6244514
IN,Tippecanoe,27482.7567
IN,Tipton,1842.164791
IN,Union,
IN,Vanderburgh,33733.24288
IN,Vermillion,2036.579958
IN,Vigo,31618.24755
IN,Wabash,3253.385219
IN,Warren,390.9378296
IN,Warrick,16489.96654
IN,Washington,2658.297027
IN,Wayne,8909.12365
IN,Wells,2425.324311
IN,White,3669.931088
IN,Whitley,1634.074787
IA,Adair,477.972933
IA,Adams,258.2089052
IA,Allamakee,1151.264682
IA,Appanoose,1583.470072
IA,Audubon,448.1260442
IA,Benton,3513.1283
IA,Black Hawk,32348.02699
IA,Boone,2975.162086
IA,Bremer,2172.40144
IA,Buchanan,4039.238573
IA,Buena Vista,1783.630477
IA,Butler,6567.144144
IA,Calhoun,261.0821401
IA,Carroll,1025.184973
IA,Cass,3507.678083
IA,Cedar,3666.746825
IA,Cerro Gordo,7065.063217
IA,Cherokee,921.5314938
IA,Chickasaw,1855.385147
IA,Clarke,713.7105689
IA,Clay,1705.511749
IA,Clayton,612.1475146
IA,Clinton,9734.227434
IA,Crawford,4088.798416
IA,Dallas,2995.994247
IA,Davis,933.1917227
IA,Decatur,817.4135138
IA,Delaware,1535.102446
IA,Des Moines,10662.25155
IA,Dickinson,3275.309946
IA,Dubuque,17696.00576
IA,Emmet,2775.760425
IA,Fayette,1119.156356
IA,Floyd,2943.027407
IA,Franklin,1779.827199
IA,Fremont,5424.112512
IA,Greene,1203.072389
IA,Grundy,1354.856582
IA,Guthrie,1187.734116
IA,Hamilton,2615.132336
IA,Hancock,1383.136219
IA,Hardin,2483.523043
IA,Harrison,2608.728706
IA,Henry,5635.887705
IA,Howard,3474.36911
IA,Humboldt,1414.401537
IA,Ida,75.24486844
IA,Iowa,2551.506882
IA,Jackson,4458.04017
IA,Jasper,6052.386234
IA,Jefferson,1981.764452
IA,Johnson,17072.00509
IA,Jones,3257.454568
IA,Keokuk,2636.772115
IA,Kossuth,8086.280053
IA,Lee,6517.287394
IA,Linn,48362.33973
IA,Louisa,127.5751604
IA,Lucas,1898.156582
IA,Lyon,1270.746384
IA,Madison,2529.824922
IA,Mahaska,5012.859885
IA,Marion,4213.412931
IA,Marshall,8192.14423
IA,Mills,1533.729689
IA,Mitchell,2194.511242
IA,Monona,1374.298732
IA,Monroe,1937.02546
IA,Montgomery,2101.328923
IA,Muscatine,7651.361284
IA,O'Brien,3963.213419
IA,Osceola,1167.464198
IA,Page,3307.787833
IA,Palo Alto,2001.278502
IA,Plymouth,716.8124781
IA,Pocahontas,1275.511492
IA,Polk,57922.66762
IA,Pottawattamie,29843.72738
IA,Poweshiek,3456.254498
IA,Ringgold,553.267445
IA,Sac,3650.80216
IA,Scott,16129.86516
IA,Shelby,3101.040492
IA,Sioux,1342.270139
IA,Story,15755.07244
IA,Tama,2671.971681
IA,Taylor,263.0828342
IA,Union,2392.607698
IA,Van Buren,3880.887004
IA,Wapello,14066.35991
IA,Warren,6329.197674
IA,Washington,1452.024779
IA,Wayne,2499.460466
IA,Webster,7926.441483
IA,Winnebago,1841.876081
IA,Winneshiek,2558.347391
IA,Woodbury,23616.87569
IA,Worth,605.9740426
IA,Wright,859.3396944
KS,Allen,4950.969263
KS,Anderson,1748.158878
KS,Atchison,2324.393999
KS,Barber,532.9727016
KS,Barton,5535.57364
KS,Bourbon,3014.460408
KS,Brown,645.8877364
KS,Butler,16062.00416
KS,Chase,2500.44659
KS,Chautauqua,1234.885588
KS,Cherokee,2453.172692
KS,Cheyenne,256.3009823
KS,Clark,2046.999995
KS,Clay,2187.251218
KS,Cloud,3145.370784
KS,Coffey,3242.14514
KS,Comanche,324.6382072
KS,Cowley,10031.18618
KS,Crawford,10478.47807
KS,Decatur,808.6811968
KS,Dickinson,1494.707593
KS,Doniphan,4494.02184
KS,Douglas,12334.10408
KS,Edwards,463.9001371
KS,Elk,2724.998298
KS,Ellis,3810.16069
KS,Ellsworth,1906.204505
KS,Finney,5146.858539
KS,Ford,6035.262436
KS,Franklin,11196.53924
KS,Geary,8328.455681
KS,Gove,1104.70812
KS,Graham,512.5834576
KS,Grant,655.6899755
KS,Gray,2590.320286
KS,Greeley,1142.999999
KS,Greenwood,2986.344311
KS,Hamilton,2134.000003
KS,Harper,1501.89913
KS,Harvey,4586.285203
KS,Haskell,3641.000006
KS,Hodgeman,572.5453382
KS,Jackson,1322.400007
KS,Jefferson,160.9219231
KS,Jewell,807.44413
KS,Johnson,82629.03068
KS,Kearny,3471.999998
KS,Kingman,2608.947584
KS,Kiowa,2432.870629
KS,Labette,3755.496495
KS,Lane,362.8995814
KS,Leavenworth,17866.62955
KS,Lincoln,1000.662741
KS,Linn,1314.451581
KS,Logan,477.8313059
KS,Lyon,5084.555835
KS,McPherson,7103.560665
KS,Marion,2754.382586
KS,Marshall,1376.282394
KS,Meade,2100.942116
KS,Miami,2368.15636
KS,Mitchell,1262.746431
KS,Montgomery,7291.336417
KS,Morris,1852.461479
KS,Morton,736.9548847
KS,Nemaha,1359.289598
KS,Neosho,1015.658967
KS,Ness,766.4566486
KS,Norton,1833.453813
KS,Osage,1966.863928
KS,Osborne,859.7577856
KS,Ottawa,1669.718379
KS,Pawnee,1119.242898
KS,Phillips,1931.511192
KS,Pottawatomie,555.8377811
KS,Pratt,2111.095441
KS,Rawlins,689.9249414
KS,Reno,14253.72079
KS,Republic,1256.560937
KS,Rice,1826.030318
KS,Riley,24776.70543
KS,Rooks,723.1870251
KS,Rush,676.4916713
KS,Russell,1693.484958
KS,Saline,9278.855945
KS,Scott,537.1269739
KS,Sedgwick,104145.1394
KS,Seward,1062.815162
KS,Shawnee,33827.37407
KS,Sheridan,788.14206
KS,Sherman,3994.283807
KS,Smith,1381.437496
KS,Stafford,1204.481022
KS,Stanton,211.6983395
KS,Stevens,790.4788104
KS,Sumner,6535.990287
KS,Thomas,3512.601327
KS,Trego,202.3032158
KS,Wabaunsee,2836.539409
KS,Wallace,1395.000004
KS,Washington,2823.491401
KS,Wichita,1971.999997
KS,Wilson,1113.277129
KS,Woodson,577.6320818
KS,Wyandotte,20022.81696
KY,Adair,1667.686204
KY,Allen,186.7053
KY,Anderson,4326.023716
KY,Ballard,400.3233956
KY,Barren,2685.119276
KY,Bath,13.90552064
KY,Bell,4707.621932
KY,Boone,38197.12781
KY,Bourbon,2500.104253
KY,Boyd,10376.25265
KY,Boyle,6839.816314
KY,Bracken,46.97732977
KY,Breathitt,2021.922729
KY,Breckinridge,1762.000758
KY,Bullitt,23486.20211
KY,Butler,1016.096891
KY,Caldwell,1325.9623
KY,Calloway,5071.22581
KY,Campbell,25936.21928
KY,Carlisle,111.2565487
KY,Carroll,3699.540742
KY,Carter,1509.303994
KY,Casey,675.772297
KY,Christian,13516.26197
KY,Clark,3457.696622
KY,Clay,1521.513918
KY,Clinton,10.69641443
KY,Crittenden,261.9348072
KY,Cumberland,104.7945209
KY,Daviess,15037.35236
KY,Edmonson,297.481318
KY,Elliott,4.531888127
KY,Estill,1316.635395
KY,Fayette,32397.5176
KY,Fleming,828.3950359
KY,Floyd,1920.118291
KY,Franklin,5447.541655
KY,Fulton,4.518642786
KY,Gallatin,
KY,Garrard,121.0588617
KY,Grant,4357.229423
KY,Graves,3393.570583
KY,Grayson,5700.231819
KY,Green,1201.904427
KY,Greenup,8445.842429
KY,Hancock,267.5711106
KY,Hardin,21481.97418
KY,Harlan,5478.991282
KY,Harrison,930.3120653
KY,Hart,1642.280293
KY,Henderson,3964.637452
KY,Henry,315.5504006
KY,Hickman,0
KY,Hopkins,9288.878748
KY,Jackson,23.83527519
KY,Jefferson,91861.03725
KY,Jessamine,7135.269188
KY,Johnson,3845.069362
KY,Kenton,47158.46509
KY,Knott,138.0638252
KY,Knox,2676.859976
KY,Larue,188.2252066
KY,Laurel,5342.654204
KY,Lawrence,2473.839413
KY,Lee,1.825958288
KY,Leslie,342.2498889
KY,Letcher,
KY,Lewis,159.6075342
KY,Lincoln,4241.421303
KY,Livingston,1400.632743
KY,Logan,3548.804237
KY,Lyon,254.1592685
KY,McCracken,14039.56837
KY,McCreary,356.6803948
KY,McLean,49.8843908
KY,Madison,16528.872
KY,Magoffin,231.2508935
KY,Marion,301.0530792
KY,Marshall,1050.073028
KY,Martin,5.052766085
KY,Mason,2517.274926
KY,Meade,3217.227242
KY,Menifee,93.35341381
KY,Mercer,4066.856836
KY,Metcalfe,78.33588567
KY,Monroe,362.7374595
KY,Montgomery,2674.755817
KY,Morgan,2097.923022
KY,Muhlenberg,1512.653561
KY,Nelson,5281.717644
KY,Nicholas,36.11987876
KY,Ohio,3990.334423
KY,Oldham,21857.96336
KY,Owen,1086.886562
KY,Owsley,33.37490561
KY,Pendleton,115.1076166
KY,Perry,683.4143026
KY,Pike,943.9353493
KY,Powell,368.7210405
KY,Pulaski,10658.17222
KY,Robertson,1583.80529
KY,Rockcastle,273.5516657
KY,Rowan,1893.756938
KY,Russell,172.1629371
KY,Scott,11755.33823
KY,Shelby,3888.65151
KY,Simpson,1998.910049
KY,Spencer,
KY,Taylor,3753.178972
KY,Todd,59.2503128
KY,Trigg,1513.005614
KY,Trimble,492.3288187
KY,Union,659.7959036
KY,Warren,11285.69923
KY,Washington,1978.301877
KY,Wayne,2450.842818
KY,Webster,411.6880539
KY,Whitley,4382.287401
KY,Wolfe,124.1867371
KY,Woodford,7450.542052
LA,Acadia,1005.982221
LA,Allen,5392.701893
LA,Ascension,26914.10874
LA,Assumption,6294.749768
LA,Avoyelles,4384.412536
LA,Beauregard,11492.29555
LA,Bienville,2450.993456
LA,Bossier,19083.18075
LA,Caddo,35183.71199
LA,Calcasieu,24492.83019
LA,Caldwell,791.1386359
LA,Cameron,1663.51783
LA,Catahoula,1912.848316
LA,Claiborne,809.0156123
LA,Concordia,3948.83006
LA,De Soto,4236.183378
LA,East Baton Rouge,49655.85138
LA,East Carroll,667.5690426
LA,East Feliciana,829.7681097
LA,Evangeline,5377.208012
LA,Franklin,1652.878556
LA,Grant,4042.213225
LA,Iberia,9632.8897
LA,Iberville,2430.171943
LA,Jackson,2537.319534
LA,Jefferson,27980.72123
LA,Jefferson Davis,1392.780988
LA,Lafayette,36647.81548
LA,Lafourche,19266.01928
LA,La Salle,1885.117921
LA,Lincoln,5309.274714
LA,Livingston,17919.9034
LA,Madison,697.0549928
LA,Morehouse,2698.297125
LA,Natchitoches,7344.825375
LA,Orleans,7899.469946
LA,Ouachita,28186.76484
LA,Plaquemines,4016.902831
LA,Pointe Coupee,1591.699319
LA,Rapides,29418.69388
LA,Red River,1220.965859
LA,Richland,893.887023
LA,Sabine,4782.090635
LA,St. Bernard,11627.21559
LA,St. Charles,20090.09028
LA,St. Helena,336.2463864
LA,St. James,2551.589586
LA,St. John the Baptist,7166.117462
LA,St. Landry,6680.074562
LA,St. Martin,1349.638782
LA,St. Mary,11619.49558
LA,St. Tammany,51778.6142
LA,Tangipahoa,19178.30855
LA,Tensas,440.8680577
LA,Terrebonne,23089.98225
LA,Union,2401.574791
LA,Vermilion,3281.977327
LA,Vernon,20428.20386
LA,Washington,3566.45866
LA,Webster,5785.260791
LA,West Baton Rouge,3322.739446
LA,West Carroll,534.0089996
LA,West Feliciana,2206.786989
LA,Winn,3151.902599
ME,Androscoggin,12327.80327
ME,Aroostook,7650.741963
ME,Cumberland,55902.02726
ME,Franklin,755.1995146
ME,Hancock,2148.632196
ME,Kennebec,8322.994304
ME,Knox,6153.619307
ME,Lincoln,1341.487969
ME,Oxford,3735.636776
ME,Penobscot,17743.13644
ME,Piscataquis,762.2262524
ME,Sagadahoc,3018.837588
ME,Somerset,7736.886377
ME,Waldo,2630.682978
ME,Washington,3637.418889
ME,York,28859.79017
MD,Allegany,20728.88467
MD,Anne Arundel,148923.4376
MD,Baltimore,95697.86629
MD,Calvert,26365.52465
MD,Caroline,1093.590567
MD,Carroll,37138.40007
MD,Cecil,19639.82769
MD,Charles,19462.12535
MD,Dorchester,4435.676482
MD,Frederick,48652.47174
MD,Garrett,964.4344398
MD,Harford,43345.75175
MD,Howard,35854.0793
MD,Kent,2.548473453
MD,Montgomery,120555.7429
MD,Prince George's,42500.79407
MD,Queen Anne's,10239.26402
MD,St. Mary's,14021.31815
MD,Somerset,2181.044417
MD,Talbot,3503.914387
MD,Washington,27810.5568
MD,Wicomico,17505.78498
MD,Worcester,9498.24717
MD,Baltimore,7619.661581
MA,Barnstable,97977.40534
MA,Berkshire,29971.92973
MA,Bristol,148594.0428
MA,Dukes,1026.455261
MA,Essex,202790.0395
MA,Franklin,10178.66872
MA,Hampden,92396.01255
MA,Hampshire,52355.30486
MA,Middlesex,328930.3753
MA,Nantucket,899.6038623
MA,Norfolk,187882.8778
MA,Plymouth,190703.4371
MA,Suffolk,3949.684777
MA,Worcester,205301.7768
MI,Alcona,1182.954164
MI,Alger,3186.094347
MI,Allegan,4334.702404
MI,Alpena,1794.90089
MI,Antrim,32.11169251
MI,Arenac,4457.411399
MI,Baraga,1373.45322
MI,Barry,1602.457348
MI,Bay,22135.12693
MI,Benzie,
MI,Berrien,29570.75101
MI,Branch,1447.400592
MI,Calhoun,26774.00124
MI,Cass,3953.400456
MI,Charlevoix,1351.655942
MI,Cheboygan,2624.361624
MI,Chippewa,5508.161744
MI,Clare,803.237607
MI,Clinton,15482.51126
MI,Crawford,2564.289677
MI,Delta,9001.426719
MI,Dickinson,8319.521824
MI,Eaton,23484.31587
MI,Emmet,3378.12394
MI,Genesee,104370.0588
MI,Gladwin,276.903903
MI,Gogebic,1398.586638
MI,Grand Traverse,15290.86711
MI,Gratiot,10148.06444
MI,Hillsdale,3104.893355
MI,Houghton,3625.694492
MI,Huron,8364.760477
MI,Ingham,60226.16273
MI,Ionia,3985.881227
MI,Iosco,5434.163355
MI,Iron,1259.71572
MI,Isabella,4071.583134
MI,Jackson,30847.33053
MI,Kalamazoo,57182.20899
MI,Kalkaska,1026.071245
MI,Kent,112268.973
MI,Keweenaw,613.3774248
MI,Lake,1764.194828
MI,Lapeer,7337.622302
MI,Leelanau,501.0769584
MI,Lenawee,16634.89858
MI,Livingston,54771.23222
MI,Luce,768.7616674
MI,Mackinac,2878.631237
MI,Macomb,169797.8528
MI,Manistee,1775.293044
MI,Marquette,9887.702601
MI,Mason,1746.169985
MI,Mecosta,6926.043404
MI,Menominee,9544.009183
MI,Midland,15545.06323
MI,Missaukee,651.2316131
MI,Monroe,27033.41543
MI,Montcalm,4434.219565
MI,Montmorency,367.7825942
MI,Muskegon,44841.12816
MI,Newaygo,2658.451708
MI,Oakland,300791.6386
MI,Oceana,855.8641103
MI,Ogemaw,10.66546788
MI,Ontonagon,2146.295434
MI,Osceola,3573.43701
MI,Oscoda,135.6710563
MI,Otsego,3163.629186
MI,Ottawa,77257.36255
MI,Presque Isle,3620.704712
MI,Roscommon,5248.249517
MI,Saginaw,33005.52082
MI,St. Clair,50781.61683
MI,St. Joseph,6424.983274
MI,Sanilac,2732.923632
MI,Schoolcraft,1989.973964
MI,Shiawassee,11132.49151
MI,Tuscola,1777.280725
MI,Van Buren,3788.567135
MI,Washtenaw,53860.90465
MI,Wayne,171768.1382
MI,Wexford,3137.360455
MN,Aitkin,4925.66394
MN,Anoka,99449.85773
MN,Becker,8580.204211
MN,Beltrami,5997.277267
MN,Benton,5826.953594
MN,Big Stone,2251.915921
MN,Blue Earth,19337.94403
MN,Brown,6721.726459
MN,Carlton,8681.339055
MN,Carver,23054.80813
MN,Cass,2744.7363
MN,Chippewa,903.3397273
MN,Chisago,5175.834454
MN,Clay,5402.899975
MN,Clearwater,2848.373823
MN,Cook,1045.77736
MN,Cottonwood,3782.812372
MN,Crow Wing,4057.774051
MN,Dakota,114037.3118
MN,Dodge,1740.878648
MN,Douglas,9115.431774
MN,Faribault,1818.250864
MN,Fillmore,452.3770799
MN,Freeborn,8111.644346
MN,Goodhue,7620.774911
MN,Grant,2555.842855
MN,Hennepin,247646.2091
MN,Houston,1940.130443
MN,Hubbard,4163.906027
MN,Isanti,3321.468552
MN,Itasca,6499.762732
MN,Jackson,1303.462455
MN,Kanabec,1149.96169
MN,Kandiyohi,11014.2047
MN,Kittson,3253.71685
MN,Koochiching,5685.410554
MN,Lac qui Parle,806.5715807
MN,Lake,882.010075
MN,Lake of the Woods,1600.057182
MN,Le Sueur,1833.789056
MN,Lincoln,700.1876587
MN,Lyon,6188.431844
MN,McLeod,8597.155984
MN,Mahnomen,565.4563391
MN,Marshall,5754.505232
MN,Martin,8991.116745
MN,Meeker,4835.926557
MN,Mille Lacs,424.7697674
MN,Morrison,9551.12882
MN,Mower,5500.36173
MN,Murray,1203.569034
MN,Nicollet,9526.717997
MN,Nobles,5494.06083
MN,Norman,2051.273007
MN,Olmsted,24695.72203
MN,Otter Tail,10995.5022
MN,Pennington,2414.175019
MN,Pine,2545.232072
MN,Pipestone,2595.543964
MN,Polk,10501.67964
MN,Pope,1382.994101
MN,Ramsey,88402.5506
MN,Red Lake,3900.975709
MN,Redwood,6596.401933
MN,Renville,5025.65905
MN,Rice,12168.46842
MN,Rock,1376.230546
MN,Roseau,4491.911149
MN,St. Louis,47210.95027
MN,Scott,20748.79044
MN,Sherburne,13404.8094
MN,Sibley,236.7864188
MN,Stearns,24054.47666
MN,Steele,7400.852082
MN,Stevens,1292.125675
MN,Swift,2394.601834
MN,Todd,8078.792302
MN,Traverse,1227.299101
MN,Wabasha,2154.296896
MN,Wadena,3272.946075
MN,Waseca,5384.896272
MN,Washington,82407.78301
MN,Watonwan,505.0079928
MN,Wilkin,1845.572753
MN,Winona,6947.764853
MN,Wright,14225.13852
MN,Yellow Medicine,3256.564765
MS,Adams,1662.370649
MS,Alcorn,3245.318124
MS,Amite,1586.359825
MS,Attala,2329.796345
MS,Benton,2068.261549
MS,Bolivar,4484.281598
MS,Calhoun,998.5589515
MS,Carroll,2770.842766
MS,Chickasaw,181.0185928
MS,Choctaw,261.9649351
MS,Claiborne,175.021904
MS,Clarke,1346.062781
MS,Clay,2180.60891
MS,Coahoma,1616.238997
MS,Copiah,2737.58441
MS,Covington,
MS,DeSoto,30853.51728
MS,Forrest,4754.203815
MS,Franklin,1534.808371
MS,George,1924.163302
MS,Greene,610.8885
MS,Grenada,2102.029859
MS,Hancock,13038.26117
MS,Harrison,43400.55348
MS,Hinds,14990.60886
MS,Holmes,992.0832416
MS,Humphreys,421.1247534
MS,Issaquena,300.5410225
MS,Itawamba,2265.471982
MS,Jackson,26133.9197
MS,Jasper,1045.279782
MS,Jefferson,413.089365
MS,Jefferson Davis,754.9156122
MS,Jones,3475.733411
MS,Kemper,1653.96226
MS,Lafayette,12000.34527
MS,Lamar,5748.094788
MS,Lauderdale,7712.606889
MS,Lawrence,1434.772752
MS,Leake,2940.530262
MS,Lee,10770.85554
MS,Leflore,2154.436886
MS,Lincoln,4234.105575
MS,Lowndes,5431.142128
MS,Madison,12607.44692
MS,Marion,4927.372806
MS,Marshall,3965.174711
MS,Monroe,1497.018893
MS,Montgomery,1160.409517
MS,Neshoba,1524.874674
MS,Newton,1478.463335
MS,Noxubee,695.1655075
MS,Oktibbeha,7851.020825
MS,Panola,2698.154864
MS,Pearl River,6262.990032
MS,Perry,1004.572485
MS,Pike,1090.396384
MS,Pontotoc,2675.193394
MS,Prentiss,1478.670544
MS,Quitman,415.2661001
MS,Rankin,29056.93865
MS,Scott,1432.532007
MS,Sharkey,408.3980783
MS,Simpson,1764.884775
MS,Smith,2296.957984
MS,Stone,3340.358904
MS,Sunflower,1723.396323
MS,Tallahatchie,2271.51689
MS,Tate,5609.575228
MS,Tippah,1844.958096
MS,Tishomingo,0
MS,Tunica,535.0987512
MS,Union,2496.224488
MS,Walthall,1056.686979
MS,Warren,4803.137641
MS,Washington,3864.050986
MS,Wayne,279.5938355
MS,Webster,1054.589878
MS,Wilkinson,708.6665597
MS,Winston,1485.96064
MS,Yalobusha,608.2458638
MS,Yazoo,3082.034397
MO,Adair,4287.573929
MO,Andrew,1784.803576
MO,Atchison,698.8023377
MO,Audrain,3558.403179
MO,Barry,3543.776618
MO,Barton,2648.332872
MO,Bates,751.2333065
MO,Benton,1849.210734
MO,Bollinger,3449.823645
MO,Boone,33144.08388
MO,Buchanan,18533.09712
MO,Butler,6580.364222
MO,Caldwell,1701.896546
MO,Callaway,7207.275461
MO,Camden,5512.890834
MO,Cape Girardeau,17393.72726
MO,Carroll,1671.482856
MO,Carter,3053.217687
MO,Cass,27176.05446
MO,Cedar,1594.001292
MO,Chariton,791.9437699
MO,Christian,14844.96494
MO,Clark,945.3667398
MO,Clay,54661.16624
MO,Clinton,1488.013176
MO,Cole,16992.41303
MO,Cooper,4092.657687
MO,Crawford,1244.012105
MO,Dade,739.0365424
MO,Dallas,2079.065338
MO,Daviess,1812.113007
MO,DeKalb,4691.552591
MO,Dent,3071.364745
MO,Douglas,3560.442936
MO,Dunklin,5977.586684
MO,Franklin,10765.39953
MO,Gasconade,330.6997367
MO,Gentry,204.4848766
MO,Greene,45188.01439
MO,Grundy,3015.938733
MO,Harrison,2505.383188
MO,Henry,6641.053402
MO,Hickory,1274.65608
MO,Holt,4777.102801
MO,Howard,1733.585689
MO,Howell,7430.612611
MO,Iron,2280.934804
MO,Jackson,106945.7438
MO,Jasper,29412.21269
MO,Jefferson,63873.33796
MO,Johnson,7759.582645
MO,Knox,761.8410634
MO,Laclede,7014.495349
MO,Lafayette,5325.028185
MO,Lawrence,4002.768135
MO,Lewis,4065.997616
MO,Lincoln,3849.175975
MO,Linn,3320.553468
MO,Livingston,1706.490174
MO,McDonald,1547.292375
MO,Macon,2417.572558
MO,Madison,1655.325425
MO,Maries,519.7441483
MO,Marion,4227.18486
MO,Mercer,3691.222723
MO,Miller,1902.501982
MO,Mississippi,43.19129357
MO,Moniteau,768.2060923
MO,Monroe,1199.016197
MO,Montgomery,1223.898405
MO,Morgan,617.184326
MO,New Madrid,192.2951554
MO,Newton,7722.329887
MO,Nodaway,9841.610664
MO,Oregon,1960.255448
MO,Osage,1399.305706
MO,Ozark,5241.266593
MO,Pemiscot,385.1522953
MO,Perry,2931.128971
MO,Pettis,6436.289147
MO,Phelps,5671.821551
MO,Pike,4145.323057
MO,Platte,26655.50227
MO,Polk,1717.158386
MO,Pulaski,12635.93437
MO,Putnam,1311.594009
MO,Ralls,892.8810062
MO,Randolph,2918.015051
MO,Ray,4236.395262
MO,Reynolds,2864.04524
MO,Ripley,2821.237734
MO,St. Charles,123895.1229
MO,St. Clair,885.1714681
MO,Ste. Genevieve,3561.976058
MO,St. Francois,8711.718899
MO,St. Louis,191480.9385
MO,Saline,5391.593769
MO,Schuyler,3597.759173
MO,Scotland,462.8718481
MO,Scott,6991.347355
MO,Shannon,1342.367254
MO,Shelby,2381.694249
MO,Stoddard,1808.142909
MO,Stone,493.0997806
MO,Sullivan,1734.766716
MO,Taney,14492.52457
MO,Texas,4487.738007
MO,Vernon,6540.213057
MO,Warren,1492.85834
MO,Washington,4117.278934
MO,Wayne,4567.113304
MO,Webster,2749.405452
MO,Worth,292.6328284
MO,Wright,2259.350791
MO,St. Louis,4886.908605
MT,Beaverhead,2292.066121
MT,Big Horn,1407.348719
MT,Blaine,828.2883382
MT,Broadwater,1383.151724
MT,Carbon,3528.210241
MT,Carter,1134.999998
MT,Cascade,18449.34456
MT,Chouteau,2786.150357
MT,Custer,5545.75221
MT,Daniels,451.5075746
MT,Dawson,2867.14911
MT,Deer Lodge,505.060039
MT,Fallon,630.9660249
MT,Fergus,3342.55579
MT,Flathead,9015.956475
MT,Gallatin,11051.35196
MT,Garfield,657.9303573
MT,Glacier,1260.286458
MT,Golden Valley,831.0000038
MT,Granite,660.2885039
MT,Hill,4795.648835
MT,Jefferson,1281.216733
MT,Judith Basin,1233.976243
MT,Lake,1498.87361
MT,Lewis and Clark,14183.36966
MT,Liberty,1298.929807
MT,Lincoln,2950.055642
MT,McCone,703.3425686
MT,Madison,2266.827468
MT,Meagher,1851.999999
MT,Mineral,1858.885414
MT,Missoula,22731.54483
MT,Musselshell,1400.115679
MT,Park,4456.665366
MT,Petroleum,488.0000028
MT,Phillips,873.4871027
MT,Pondera,1889.923348
MT,Powder River,870.3093087
MT,Powell,1318.874341
MT,Prairie,1136.000002
MT,Ravalli,1752.906926
MT,Richland,2757.894259
MT,Roosevelt,2198.211106
MT,Rosebud,1294.544977
MT,Sanders,4276.317923
MT,Sheridan,1134.917969
MT,Silver Bow,3876.126227
MT,Stillwater,1404.212102
MT,Sweet Grass,800.9241153
MT,Teton,1859.377529
MT,Toole,1871.964412
MT,Treasure,674.0000005
MT,Valley,2270.759043
MT,Wheatland,2077.999994
MT,Wibaux,992.9999956
MT,Yellowstone,35018.47243
NE,Adams,8276.58366
NE,Antelope,1320.410224
NE,Arthur,439.0000039
NE,Banner,649.9258652
NE,Blaine,473.999998
NE,Boone,1001.968174
NE,Box Butte,3399.747411
NE,Boyd,2035.000003
NE,Brown,314.7452484
NE,Buffalo,8018.664668
NE,Burt,39.29630695
NE,Butler,1324.259794
NE,Cass,6043.096603
NE,Cedar,1383.13482
NE,Chase,1112.199939
NE,Cherry,2243.928645
NE,Cheyenne,1840.457359
NE,Clay,2762.96949
NE,Colfax,2724.777533
NE,Cuming,409.3472135
NE,Custer,5543.224033
NE,Dakota,3955.655553
NE,Dawes,2008.715451
NE,Dawson,5407.026686
NE,Deuel,492.0808109
NE,Dixon,1961.342322
NE,Dodge,10641.62316
NE,Douglas,47572.09452
NE,Dundy,625.9138636
NE,Fillmore,1134.499031
NE,Franklin,1499.6556
NE,Frontier,2629.085581
NE,Furnas,1045.26518
NE,Gage,6588.734069
NE,Garden,1984.142102
NE,Garfield,202.6568475
NE,Gosper,1267.289343
NE,Grant,603.9999991
NE,Greeley,2477.065575
NE,Hall,16234.82209
NE,Hamilton,983.4843836
NE,Harlan,207.8685346
NE,Hayes,939.0000029
NE,Hitchcock,2693.529679
NE,Holt,2628.264535
NE,Hooker,117.1390055
NE,Howard,1108.684788
NE,Jefferson,1739.680012
NE,Johnson,1333.409945
NE,Kearney,719.6007117
NE,Keith,1783.494837
NE,Keya Paha,816.0450368
NE,Kimball,264.6788723
NE,Knox,610.0794812
NE,Lancaster,25761.01739
NE,Lincoln,7177.071589
NE,Logan,105.0660797
NE,Loup,499.378343
NE,McPherson,529.0000038
NE,Madison,8042.512698
NE,Merrick,2837.319257
NE,Morrill,2372.270804
NE,Nance,1355.557409
NE,Nemaha,173.2693133
NE,Nuckolls,1572.127848
NE,Otoe,2057.553742
NE,Pawnee,497.1677185
NE,Perkins,842.4309744
NE,Phelps,1375.324467
NE,Pierce,4731.43385
NE,Platte,8218.119756
NE,Polk,308.0728291
NE,Red Willow,5122.926464
NE,Richardson,2217.909225
NE,Rock,422.8137555
NE,Saline,2431.800323
NE,Sarpy,28611.14957
NE,Saunders,3610.811737
NE,Scotts Bluff,2727.569627
NE,Seward,1569.203095
NE,Sheridan,1802.90114
NE,Sherman,2606.402727
NE,Sioux,833.5560591
NE,Stanton,3348.672329
NE,Thayer,880.4583479
NE,Thomas,634.6486812
NE,Thurston,1664.674889
NE,Valley,1003.544401
NE,Washington,621.830302
NE,Wayne,637.6131272
NE,Webster,1915.757715
NE,Wheeler,803.9999982
NE,York,2680.595231
NV,Churchill,5207.635468
NV,Clark,130788.106
NV,Douglas,19223.88687
NV,Elko,10546.84716
NV,Esmeralda,647.9999995
NV,Eureka,1775.000007
NV,Humboldt,3831.490038
NV,Lander,778.2455799
NV,Lincoln,3786.538465
NV,Lyon,10457.7055
NV,Mineral,2845.644471
NV,Nye,15926.56988
NV,Pershing,922.2675664
NV,Storey,202.0703245
NV,Washoe,80078.06212
NV,White Pine,3807.363203
NV,Carson City,9544.726231
NH,Belknap,9477.835388
NH,Carroll,854.5816733
NH,Cheshire,10388.10012
NH,Coos,4575.572938
NH,Grafton,10782.05093
NH,Hillsborough,123639.7083
NH,Merrimack,27471.26212
NH,Rockingham,106754.1439
NH,Strafford,21877.66363
NH,Sullivan,5906.510555
NJ,Atlantic,54223.03629
NJ,Bergen,81138.50345
NJ,Burlington,126310.4681
NJ,Camden,82367.74556
NJ,Cape May,34227.55148
NJ,Cumberland,28756.32914
NJ,Essex,47456.92931
NJ,Gloucester,104819.7221
NJ,Hudson,2253.057491
NJ,Hunterdon,24473.77621
NJ,Mercer,68454.38054
NJ,Middlesex,124991.9494
NJ,Monmouth,177591.5945
NJ,Morris,142664.0654
NJ,Ocean,228073.0929
NJ,Passaic,57689.96953
NJ,Salem,8137.000797
NJ,Somerset,86838.15934
NJ,Sussex,52679.73241
NJ,Union,41018.37658
NJ,Warren,26292.27446
NM,Bernalillo,88037.65031
NM,Catron,3344.000022
NM,Chaves,11306.3173
NM,Cibola,2026.889693
NM,Colfax,6454.877516
NM,Curry,13158.76686
NM,De Baca,320.0261989
NM,Doña Ana,61932.04178
NM,Eddy,15217.62324
NM,Grant,8694.693445
NM,Guadalupe,1317.402578
NM,Harding,570.7157919
NM,Hidalgo,1545.129756
NM,Lea,8220.692554
NM,Lincoln,5935.968139
NM,Los Alamos,6684.792213
NM,Luna,4920.263421
NM,McKinley,4323.6773
NM,Mora,918.2393945
NM,Otero,15993.2259
NM,Quay,1415.411345
NM,Rio Arriba,11465.2287
NM,Roosevelt,4323.661816
NM,Sandoval,30423.94978
NM,San Juan,16980.16868
NM,San Miguel,9582.917923
NM,Santa Fe,31390.79378
NM,Sierra,4466.452336
NM,Socorro,4305.751981
NM,Taos,8418.828551
NM,Torrance,4870.849539
NM,Union,1133.742524
NM,Valencia,29762.40429
NY,Albany,69238.47229
NY,Allegany,3282.243268
NY,Bronx,1183.114167
NY,Broome,23486.94825
NY,Cattaraugus,5549.32421
NY,Cayuga,5093.683653
NY,Chautauqua,22150.5861
NY,Chemung,18041.01858
NY,Chenango,2034.31093
NY,Clinton,19199.77397
NY,Columbia,7224.659146
NY,Cortland,5082.649701
NY,Delaware,1128.000615
NY,Dutchess,83275.39404
NY,Erie,168771.3005
NY,Essex,2555.180811
NY,Franklin,8749.290927
NY,Fulton,5197.374301
NY,Genesee,2251.402982
NY,Greene,7865.572514
NY,Hamilton,2526.906639
NY,Herkimer,11774.85893
NY,Jefferson,16374.38543
NY,Kings,367.1694596
NY,Lewis,4377.472542
NY,Livingston,10533.86438
NY,Madison,13173.12364
NY,Monroe,195017.8257
NY,Montgomery,9679.922378
NY,Nassau,59541.3364
NY,New York,0
NY,Niagara,34013.10312
NY,Oneida,34145.14043
NY,Onondaga,86714.37759
NY,Ontario,16317.04707
NY,Orange,79998.54934
NY,Orleans,4801.143996
NY,Oswego,12196.12355
NY,Otsego,16889.22067
NY,Putnam,33388.7678
NY,Queens,7437.473364
NY,Rensselaer,30574.48808
NY,Richmond,3903.085997
NY,Rockland,51561.08096
NY,St. Lawrence,18745.11675
NY,Saratoga,56397.98849
NY,Schenectady,29888.90457
NY,Schoharie,6716.201437
NY,Schuyler,1296.114761
NY,Seneca,5067.920483
NY,Steuben,7800.517977
NY,Suffolk,323421.2152
NY,Sullivan,5149.854555
NY,Tioga,7136.945468
NY,Tompkins,11422.10428
NY,Ulster,40867.46357
NY,Warren,12467.09714
NY,Washington,6729.903997
NY,Wayne,12219.3839
NY,Westchester,121401.474
NY,Wyoming,6870.725296
NY,Yates,501.370125
NC,Alamance,23463.9207
NC,Alexander,2162.521827
NC,Alleghany,417.1569808
NC,Anson,547.2484785
NC,Ashe,1405.839
NC,Avery,115.6882743
NC,Beaufort,3357.844827
NC,Bertie,574.2168788
NC,Bladen,1155.82357
NC,Brunswick,13987.04372
NC,Buncombe,45625.24542
NC,Burke,22730.6098
NC,Cabarrus,30943.86819
NC,Caldwell,26481.48719
NC,Camden,374.7682579
NC,Carteret,15237.40693
NC,Caswell,1223.649547
NC,Catawba,26464.01908
NC,Chatham,2129.581679
NC,Cherokee,2003.781512
NC,Chowan,2530.580296
NC,Clay,333.9165784
NC,Cleveland,11770.21511
NC,Columbus,1638.287906
NC,Craven,22882.28801
NC,Cumberland,49818.89675
NC,Currituck,2900.801177
NC,Dare,9792.81689
NC,Davidson,20889.24355
NC,Davie,3742.454205
NC,Duplin,774.605551
NC,Durham,36467.5343
NC,Edgecombe,1370.187274
NC,Forsyth,79350.71042
NC,Franklin,1786.639915
NC,Gaston,46358.21569
NC,Gates,3.093907303
NC,Graham,248.4228506
NC,Granville,4451.608986
NC,Greene,
NC,Guilford,55782.61804
NC,Halifax,2425.291063
NC,Harnett,6467.741975
NC,Haywood,12135.02978
NC,Henderson,20711.30447
NC,Hertford,1021.766339
NC,Hoke,4615.820981
NC,Hyde,3264.468467
NC,Iredell,17761.24865
NC,Jackson,6390.899154
NC,Johnston,6131.807756
NC,Jones,0.301616579
NC,Lee,5903.36173
NC,Lenoir,3928.140799
NC,Lincoln,9781.157397
NC,McDowell,1701.403352
NC,Macon,2032.080203
NC,Madison,2478.35794
NC,Martin,519.4393715
NC,Mecklenburg,95901.00715
NC,Mitchell,
NC,Montgomery,438.0782739
NC,Moore,15610.92433
NC,Nash,6476.751993
NC,New Hanover,51611.54727
NC,Northampton,904.3319372
NC,Onslow,39725.65689
NC,Orange,18823.59075
NC,Pamlico,573.1405384
NC,Pasquotank,4528.142828
NC,Pender,1931.600367
NC,Perquimans,390.3112538
NC,Person,2672.592564
NC,Pitt,9037.663458
NC,Polk,64.6133271
NC,Randolph,22526.24264
NC,Richmond,4158.751186
NC,Robeson,2990.532631
NC,Rockingham,12038.91902
NC,Rowan,26462.66674
NC,Rutherford,11798.83593
NC,Sampson,1116.887094
NC,Scotland,3383.018642
NC,Stanly,2591.764311
NC,Stokes,7809.121903
NC,Surry,5021.072864
NC,Swain,209.1242401
NC,Transylvania,2170.584281
NC,Tyrrell,293.6675458
NC,Union,24330.57656
NC,Vance,2072.079029
NC,Wake,111737.8872
NC,Warren,141.4341219
NC,Washington,1874.060512
NC,Watauga,3237.214871
NC,Wayne,10473.34392
NC,Wilkes,7035.880433
NC,Wilson,1942.637328
NC,Yadkin,552.7414707
NC,Yancey,185.1309529
ND,Adams,507.5891124
ND,Barnes,3037.535095
ND,Benson,2539.130404
ND,Billings,771.9999967
ND,Bottineau,2845.094825
ND,Bowman,924.6821924
ND,Burke,1923.999992
ND,Burleigh,16802.2887
ND,Cass,19811.19338
ND,Cavalier,1434.356529
ND,Dickey,658.4804014
ND,Divide,669.7050351
ND,Dunn,1412.539929
ND,Eddy,638.503907
ND,Emmons,1562.003059
ND,Foster,599.8319291
ND,Golden Valley,1637
ND,Grand Forks,11935.24136
ND,Grant,1204.976747
ND,Griggs,785.3917285
ND,Hettinger,2381.492585
ND,Kidder,2333.288157
ND,LaMoure,1519.81944
ND,Logan,823.9076373
ND,McHenry,3627.72089
ND,McIntosh,548.9309543
ND,McKenzie,1560.29906
ND,McLean,4293.479331
ND,Mercer,1481.392266
ND,Morton,7894.189273
ND,Mountrail,925.6159831
ND,Nelson,3036.999996
ND,Oliver,1510.000715
ND,Pembina,3311.756258
ND,Pierce,826.8637156
ND,Ramsey,1806.181939
ND,Ransom,876.4894164
ND,Renville,1428.987936
ND,Richland,6363.856496
ND,Rolette,976.1601429
ND,Sargent,818.3095588
ND,Sheridan,1038.585079
ND,Sioux,413.7723232
ND,Slope,674.3788528
ND,Stark,3939.298839
ND,Steele,1688.751783
ND,Stutsman,6742.104851
ND,Towner,761.8553548
ND,Traill,1451.884762
ND,Walsh,1971.242051
ND,Ward,17928.17863
ND,Wells,1575.626203
ND,Williams,4214.007368
OH,Adams,1979.593943
OH,Allen,16961.32605
OH,Ashland,1747.999208
OH,Ashtabula,17907.3941
OH,Athens,13143.55451
OH,Auglaize,2222.246562
OH,Belmont,8258.563908
OH,Brown,3117.374097
OH,Butler,110868.959
OH,Carroll,1672.919307
OH,Champaign,583.7366361
OH,Clark,28407.03766
OH,Clermont,74495.75022
OH,Clinton,6599.699205
OH,Columbiana,19349.06311
OH,Coshocton,6670.403072
OH,Crawford,9722.035729
OH,Cuyahoga,198557.1601
OH,Darke,3031.775485
OH,Defiance,4370.476288
OH,Delaware,41565.48756
OH,Erie,19126.15665
OH,Fairfield,27456.9997
OH,Fayette,865.2090612
OH,Franklin,192030.4282
OH,Fulton,5975.679466
OH,Gallia,3516.650422
OH,Geauga,17451.02243
OH,Greene,41745.07267
OH,Guernsey,6000.808969
OH,Hamilton,175694.6707
OH,Hancock,11070.97305
OH,Hardin,2939.835733
OH,Harrison,327.8367796
OH,Henry,3452.749613
OH,Highland,2390.05338
OH,Hocking,4936.672774
OH,Holmes,861.6961253
OH,Huron,7086.405717
OH,Jackson,1391.643347
OH,Jefferson,14325.28149
OH,Knox,8353.344829
OH,Lake,74357.25228
OH,Lawrence,8829.272359
OH,Licking,31474.87111
OH,Logan,3590.43513
OH,Lorain,69770.68695
OH,Lucas,56344.75304
OH,Madison,11774.59179
OH,Mahoning,45805.40294
OH,Marion,19240.82188
OH,Medina,40674.95707
OH,Meigs,3739.932464
OH,Mercer,1382.488146
OH,Miami,13331.2374
OH,Monroe,821.0844174
OH,Montgomery,101092.2969
OH,Morgan,667.1851492
OH,Morrow,164.5510978
OH,Muskingum,14448.66831
OH,Noble,3454.593368
OH,Ottawa,10618.3005
OH,Paulding,2466.483088
OH,Perry,1379.528648
OH,Pickaway,6184.632147
OH,Pike,3985.269684
OH,Portage,39331.20562
OH,Preble,304.0362644
OH,Putnam,5511.090372
OH,Richland,25136.96145
OH,Ross,8967.161509
OH,Sandusky,5557.740687
OH,Scioto,13678.89362
OH,Seneca,7467.974166
OH,Shelby,7464.701028
OH,Stark,97214.48105
OH,Summit,144231.7612
OH,Trumbull,38325.24305
OH,Tuscarawas,17260.16528
OH,Union,10011.82806
OH,Van Wert,4480.787048
OH,Vinton,6349.27655
OH,Warren,68676.11279
OH,Washington,5411.114502
OH,Wayne,17812.184
OH,Williams,5100.204043
OH,Wood,38568.6821
OH,Wyandot,959.9245493
OK,Adair,763.4476097
OK,Alfalfa,2847.983795
OK,Atoka,4287.859922
OK,Beaver,1891.626397
OK,Beckham,2353.535331
OK,Blaine,5517.046978
OK,Bryan,6369.742261
OK,Caddo,6287.729057
OK,Canadian,22081.18228
OK,Carter,3258.43286
OK,Cherokee,5599.06939
OK,Choctaw,4518.302574
OK,Cimarron,904.2440949
OK,Cleveland,38587.70656
OK,Coal,1189.422707
OK,Comanche,25156.47799
OK,Cotton,4135.524116
OK,Craig,1781.67343
OK,Creek,11857.37166
OK,Custer,7510.248505
OK,Delaware,4622.23551
OK,Dewey,4285.000003
OK,Ellis,3901.15333
OK,Garfield,8850.523757
OK,Garvin,3883.817238
OK,Grady,5815.930058
OK,Grant,2753.755029
OK,Greer,509.7050054
OK,Harmon,227.000277
OK,Harper,1725.188398
OK,Haskell,3649.395572
OK,Hughes,2744.520316
OK,Jackson,5035.19408
OK,Jefferson,1247.857855
OK,Johnston,2915.619857
OK,Kay,11132.29616
OK,Kingfisher,1538.102777
OK,Kiowa,3808.849311
OK,Latimer,1885.378228
OK,Le Flore,5805.205108
OK,Lincoln,2105.607285
OK,Logan,6190.516464
OK,Love,1655.488862
OK,McClain,2639.270492
OK,McCurtain,3702.450323
OK,McIntosh,1685.336544
OK,Major,1282.135685
OK,Marshall,2386.974477
OK,Mayes,3118.755577
OK,Murray,378.2938993
OK,Muskogee,5913.629072
OK,Noble,2528.083385
OK,Nowata,1542.064476
OK,Okfuskee,1437.56956
OK,Oklahoma,93689.73225
OK,Okmulgee,5592.755119
OK,Osage,7403.712111
OK,Ottawa,3279.358148
OK,Pawnee,211.4174994
OK,Payne,13280.69272
OK,Pittsburg,13879.28644
OK,Pontotoc,6163.005728
OK,Pottawatomie,6517.270643
OK,Pushmataha,3718.592612
OK,Roger Mills,1738.755145
OK,Rogers,13628.71248
OK,Seminole,1238.628474
OK,Sequoyah,3330.692974
OK,Stephens,5862.12292
OK,Texas,5617.362893
OK,Tillman,2061.401772
OK,Tulsa,96993.88992
OK,Wagoner,16058.00487
OK,Washington,12572.42777
OK,Washita,3845.504236
OK,Woods,2603.372463
OK,Woodward,4490.221866
OR,Baker,6838.712911
OR,Benton,20085.09711
OR,Clackamas,46689.66476
OR,Clatsop,5750.581794
OR,Columbia,6784.211639
OR,Coos,6427.044752
OR,Crook,3144.717176
OR,Curry,2540.748973
OR,Deschutes,23053.02834
OR,Douglas,25148.41851
OR,Gilliam,959.8773757
OR,Grant,2804.295029
OR,Harney,2585.229195
OR,Hood River,1256.895504
OR,Jackson,34254.25455
OR,Jefferson,1733.103753
OR,Josephine,15217.34419
OR,Klamath,21173.06202
OR,Lake,3121.970109
OR,Lane,56564.95319
OR,Lincoln,7046.1151
OR,Linn,23160.65656
OR,Malheur,2798.080117
OR,Marion,35850.61469
OR,Morrow,2856.201878
OR,Multnomah,52272.15985
OR,Polk,19122.72757
OR,Sherman,1368.397438
OR,Tillamook,1980.926205
OR,Umatilla,18636.66573
OR,Union,4761.704287
OR,Wallowa,1831.011169
OR,Wasco,8731.181467
OR,Washington,48150.68188
OR,Wheeler,1331.999994
OR,Yamhill,14817.71121
PA,Adams,10434.41381
PA,Allegheny,275513.925
PA,Armstrong,5334.503114
PA,Beaver,54173.60027
PA,Bedford,3322.173389
PA,Berks,60783.87004
PA,Blair,28724.86857
PA,Bradford,6096.63467
PA,Bucks,171970.7837
PA,Butler,34009.79299
PA,Cambria,35005.02412
PA,Cameron,456.5512286
PA,Carbon,6850.505078
PA,Centre,22407.19365
PA,Chester,167312.4622
PA,Clarion,1998.715945
PA,Clearfield,10652.12417
PA,Clinton,6764.285248
PA,Columbia,6462.695608
PA,Crawford,10113.06965
PA,Cumberland,47700.48999
PA,Dauphin,65155.10558
PA,Delaware,76830.3025
PA,Elk,3543.659438
PA,Erie,66716.76255
PA,Fayette,25533.28702
PA,Forest,104.314608
PA,Franklin,24664.98442
PA,Fulton,1592.656171
PA,Greene,6191.438485
PA,Huntingdon,913.0444061
PA,Indiana,16207.02685
PA,Jefferson,1972.193901
PA,Juniata,4194.527472
PA,Lackawanna,25649.24085
PA,Lancaster,112192.8039
PA,Lawrence,21179.92689
PA,Lebanon,18864.9382
PA,Lehigh,78337.53241
PA,Luzerne,47683.27806
PA,Lycoming,19781.4699
PA,McKean,1603.934119
PA,Mercer,15136.45942
PA,Mifflin,2356.553414
PA,Monroe,34891.44436
PA,Montgomery,195621.7331
PA,Montour,1884.905859
PA,Northampton,61056.55973
PA,Northumberland,9918.453509
PA,Perry,5643.367826
PA,Philadelphia,12334.3862
PA,Pike,2460.433432
PA,Potter,3065.048837
PA,Schuylkill,11493.44022
PA,Snyder,2635.857189
PA,Somerset,11806.46218
PA,Sullivan,1946.682888
PA,Susquehanna,2122.958138
PA,Tioga,4075.098636
PA,Union,10820.32492
PA,Venango,4867.515313
PA,Warren,6000.090188
PA,Washington,54705.54259
PA,Wayne,1924.333517
PA,Westmoreland,113440.0696
PA,Wyoming,851.8376604
PA,York,97951.95175
RI,Bristol,24387.20051
RI,Kent,43880.24673
RI,Newport,23750.93618
RI,Providence,87538.36947
RI,Washington,38025.38928
SC,Abbeville,57.94482527
SC,Aiken,25712.33803
SC,Allendale,352.4915238
SC,Anderson,39023.70926
SC,Bamberg,1609.260844
SC,Barnwell,383.0443301
SC,Beaufort,37228.37978
SC,Berkeley,28445.46773
SC,Calhoun,122.665428
SC,Charleston,40904.53531
SC,Cherokee,5363.785275
SC,Chester,2094.191228
SC,Chesterfield,3975.315424
SC,Clarendon,1021.788354
SC,Colleton,4560.773724
SC,Darlington,7290.2953
SC,Dillon,1287.669831
SC,Dorchester,19715.90632
SC,Edgefield,1250.411662
SC,Fairfield,2110.925368
SC,Florence,10924.00152
SC,Georgetown,8102.740616
SC,Greenville,114556.3114
SC,Greenwood,7860.894841
SC,Hampton,1200.563656
SC,Horry,31501.78817
SC,Jasper,1000.283351
SC,Kershaw,7025.789368
SC,Lancaster,7685.501878
SC,Laurens,6955.601724
SC,Lee,302.3565744
SC,Lexington,50846.42564
SC,McCormick,182.6662612
SC,Marion,585.2859717
SC,Marlboro,2189.556217
SC,Newberry,3232.968871
SC,Oconee,8681.911313
SC,Orangeburg,2348.020371
SC,Pickens,28972.66433
SC,Richland,42951.80757
SC,Saluda,957.2839688
SC,Spartanburg,59718.98668
SC,Sumter,13584.79727
SC,Union,1356.023099
SC,Williamsburg,444.2855514
SC,York,34036.94834
SD,Aurora,1903.885211
SD,Beadle,3692.62197
SD,Bennett,1154.549213
SD,Bon Homme,955.0508797
SD,Brookings,11743.85223
SD,Brown,10834.96358
SD,Brule,1576.368462
SD,Buffalo,281.5774047
SD,Butte,2273.425124
SD,Campbell,1345.063675
SD,Charles Mix,762.3409742
SD,Clark,1666.548969
SD,Clay,3766.649037
SD,Codington,9568.02491
SD,Corson,1163.622354
SD,Custer,2726.04388
SD,Davison,4437.53597
SD,Day,2223.100062
SD,Deuel,3828.883009
SD,Dewey,759.6044843
SD,Douglas,2582.406681
SD,Edmunds,2528.523158
SD,Fall River,2379.897065
SD,Faulk,1135.917193
SD,Grant,1278.463054
SD,Gregory,999.838395
SD,Haakon,757.8220219
SD,Hamlin,5479.064816
SD,Hand,1163.08876
SD,Hanson,591.15644
SD,Harding,1203.999995
SD,Hughes,3369.549026
SD,Hutchinson,643.1683093
SD,Hyde,1265
SD,Jackson,541.0359187
SD,Jerauld,2009.000001
SD,Jones,961.9999979
SD,Kingsbury,2628.802296
SD,Lake,1096.109128
SD,Lawrence,3607.520716
SD,Lincoln,3802.94808
SD,Lyman,1636.612544
SD,McCook,1767.468284
SD,McPherson,1341.487631
SD,Marshall,1709.199564
SD,Meade,7753.791793
SD,Mellette,804.8224433
SD,Miner,895.8661399
SD,Minnehaha,27779.38182
SD,Moody,3804.637655
SD,Pennington,25162.73244
SD,Perkins,1426.762779
SD,Potter,2272.000002
SD,Roberts,2085.054077
SD,Sanborn,2280.43005
SD,Shannon,311.169839
SD,Spink,2751.122244
SD,Stanley,526.9454451
SD,Sully,1326.000001
SD,Todd,272.0171802
SD,Tripp,1352.250177
SD,Turner,188.8803575
SD,Union,2677.221115
SD,Walworth,1472.63802
SD,Yankton,5725.171264
SD,Ziebach,232.723643
TN,Anderson,20211.49747
TN,Bedford,4629.472097
TN,Benton,2038.852798
TN,Bledsoe,330.1640262
TN,Blount,39400.33492
TN,Bradley,26327.03516
TN,Campbell,7608.113802
TN,Cannon,300.244333
TN,Carroll,2257.380603
TN,Carter,22849.56296
TN,Cheatham,401.5274876
TN,Chester,2039.568698
TN,Claiborne,6592.020073
TN,Clay,10.77635759
TN,Cocke,7198.645353
TN,Coffee,8077.449581
TN,Crockett,104.0289606
TN,Cumberland,10404.39642
TN,Davidson,86943.91157
TN,Decatur,862.3127638
TN,DeKalb,357.0621747
TN,Dickson,5731.672809
TN,Dyer,8511.73227
TN,Fayette,1132.871725
TN,Fentress,36.59391179
TN,Franklin,7431.71159
TN,Gibson,4259.337708
TN,Giles,3162.89928
TN,Grainger,0
TN,Greene,6246.41795
TN,Grundy,132.9525442
TN,Hamblen,23576.13945
TN,Hamilton,97518.44297
TN,Hancock,62.50035942
TN,Hardeman,3300.752454
TN,Hardin,3487.053244
TN,Hawkins,11089.86398
TN,Haywood,1147.185707
TN,Henderson,3019.113382
TN,Henry,5383.575521
TN,Hickman,2025.51481
TN,Houston,206.0322733
TN,Humphreys,1109.454901
TN,Jackson,1.603703778
TN,Jefferson,2335.266277
TN,Johnson,2233.829962
TN,Knox,133500.4566
TN,Lake,14.70110096
TN,Lauderdale,810.0614501
TN,Lawrence,2993.60748
TN,Lewis,402.0665216
TN,Lincoln,4571.195018
TN,Loudon,13322.37156
TN,McMinn,6065.271268
TN,McNairy,2169.839511
TN,Macon,727.2535961
TN,Madison,11756.697
TN,Marion,2626.739867
TN,Marshall,2608.372768
TN,Maury,11987.35996
TN,Meigs,159.9161051
TN,Monroe,1798.273966
TN,Montgomery,38699.69201
TN,Moore,2003.641934
TN,Morgan,3882.435321
TN,Obion,2956.294408
TN,Overton,290.6348131
TN,Perry,1918.512537
TN,Pickett,37.78433222
TN,Polk,49.06955257
TN,Putnam,13613.22808
TN,Rhea,2917.284228
TN,Roane,13033.76903
TN,Robertson,4007.837059
TN,Rutherford,48594.40495
TN,Scott,765.2761444
TN,Sequatchie,8.954372345
TN,Sevier,10723.98536
TN,Shelby,115147.3819
TN,Smith,267.8290784
TN,Stewart,226.9105146
TN,Sullivan,49633.32602
TN,Sumner,42385.2751
TN,Tipton,7698.371771
TN,Trousdale,
TN,Unicoi,2319.622439
TN,Union,379.4624485
TN,Van Buren,39.32218773
TN,Warren,2962.232518
TN,Washington,24800.04542
TN,Wayne,2805.935272
TN,Weakley,3212.689639
TN,White,2301.481621
TN,Williamson,40097.83013
TN,Wilson,23117.44017
TX,Anderson,12297.47935
TX,Andrews,3881.103459
TX,Angelina,14134.49914
TX,Aransas,7432.27564
TX,Archer,1973.372068
TX,Armstrong,1769.207972
TX,Atascosa,8113.639985
TX,Austin,2793.245353
TX,Bailey,533.7440624
TX,Bandera,6711.425912
TX,Bastrop,14884.11533
TX,Baylor,423.5505594
TX,Bee,8578.907251
TX,Bell,61541.58273
TX,Bexar,325518.4687
TX,Blanco,454.0798673
TX,Borden,599.9999999
TX,Bosque,1622.31516
TX,Bowie,14362.46465
TX,Brazoria,48750.97463
TX,Brazos,39502.32747
TX,Brewster,2256.313928
TX,Briscoe,1433.000003
TX,Brooks,1042.712225
TX,Brown,12148.97367
TX,Burleson,1428.062636
TX,Burnet,12249.79026
TX,Caldwell,4479.942367
TX,Calhoun,6289.288206
TX,Callahan,3801.615107
TX,Cameron,87819.0143
TX,Camp,659.1177948
TX,Carson,1139.873173
TX,Cass,1357.711717
TX,Castro,891.0725936
TX,Chambers,5223.2146
TX,Cherokee,5830.292271
TX,Childress,2634.556825
TX,Clay,5268.197492
TX,Cochran,481.3441575
TX,Coke,3035.234729
TX,Coleman,1623.290007
TX,Collin,68766.34473
TX,Collingsworth,208.6331946
TX,Colorado,3848.71635
TX,Comal,20677.16716
TX,Comanche,1890.362571
TX,Concho,968.5899529
TX,Cooke,2379.180675
TX,Coryell,22143.58428
TX,Cottle,1211.117349
TX,Crane,300.6664502
TX,Crockett,246.7404519
TX,Crosby,271.6271371
TX,Culberson,158.1433386
TX,Dallam,2145.557768
TX,Dallas,187562.2393
TX,Dawson,2756.986055
TX,Deaf Smith,2901.251673
TX,Delta,360.7817023
TX,Denton,97491.36205
TX,DeWitt,1719.916232
TX,Dickens,424.7393632
TX,Dimmit,3485.796742
TX,Donley,533.6806926
TX,Duval,3544.433246
TX,Eastland,3680.184722
TX,Ector,22680.37461
TX,Edwards,608.8743271
TX,Ellis,27412.33205
TX,El Paso,119393.5695
TX,Erath,12118.71925
TX,Falls,1534.071174
TX,Fannin,8554.357547
TX,Fayette,4851.849474
TX,Fisher,624.1050274
TX,Floyd,352.0870909
TX,Foard,1211.000005
TX,Fort Bend,69807.58705
TX,Franklin,685.9248293
TX,Freestone,2148.553035
TX,Frio,1364.7752
TX,Gaines,491.3958331
TX,Galveston,68830.65799
TX,Garza,339.439319
TX,Gillespie,4409.898712
TX,Glasscock,1022.185537
TX,Goliad,2368.823697
TX,Gonzales,3725.844774
TX,Gray,3878.686607
TX,Grayson,18252.72262
TX,Gregg,17139.57717
TX,Grimes,8340.126046
TX,Guadalupe,34664.74988
TX,Hale,5280.094195
TX,Hall,676.9663455
TX,Hamilton,1999.822195
TX,Hansford,4035.349612
TX,Hardeman,1075.343362
TX,Hardin,14925.74839
TX,Harris,413148.2853
TX,Harrison,6751.075534
TX,Hartley,1260.075898
TX,Haskell,1160.424164
TX,Hays,20207.58701
TX,Hemphill,367.2814536
TX,Henderson,18781.68128
TX,Hidalgo,242936.6231
TX,Hill,1807.457553
TX,Hockley,8105.436358
TX,Hood,15435.961
TX,Hopkins,4878.921717
TX,Houston,5839.521227
TX,Howard,12174.68389
TX,Hudspeth,2727.094242
TX,Hunt,7019.117596
TX,Hutchinson,5749.693653
TX,Irion,1463.611724
TX,Jack,3895.868838
TX,Jackson,2600.577149
TX,Jasper,4474.839908
TX,Jeff Davis,624.6252759
TX,Jefferson,32262.9416
TX,Jim Hogg,1235.018572
TX,Jim Wells,6642.713033
TX,Johnson,28325.32821
TX,Jones,3708.790518
TX,Karnes,2198.149563
TX,Kaufman,5458.864779
TX,Kendall,4020.85594
TX,Kenedy,353.9432032
TX,Kent,734.4405034
TX,Kerr,12979.89417
TX,Kimble,1082.512592
TX,King,267.999999
TX,Kinney,130.5309779
TX,Kleberg,7449.159839
TX,Knox,1377.245716
TX,Lamar,11994.83143
TX,Lamb,366.5186277
TX,Lampasas,3637.702664
TX,La Salle,3583.844705
TX,Lavaca,2462.254927
TX,Lee,619.6878102
TX,Leon,1892.088901
TX,Liberty,12422.26815
TX,Limestone,3355.076528
TX,Lipscomb,2844.985263
TX,Live Oak,1068.551742
TX,Llano,5622.988858
TX,Loving,64.99999949
TX,Lubbock,30133.2031
TX,Lynn,1640.328788
TX,McCulloch,2227.885211
TX,McLennan,57548.84166
TX,McMullen,629.2697971
TX,Madison,1965.506765
TX,Marion,640.3010395
TX,Martin,932.6929868
TX,Mason,818.1748592
TX,Matagorda,9813.911438
TX,Maverick,16861.3426
TX,Medina,9042.655894
TX,Menard,411.9204381
TX,Midland,28843.83907
TX,Milam,4429.453283
TX,Mills,1135.520476
TX,Mitchell,1236.621684
TX,Montague,3052.44684
TX,Montgomery,81110.00215
TX,Moore,4083.31713
TX,Morris,174.4384402
TX,Motley,211.6312564
TX,Nacogdoches,12638.25947
TX,Navarro,8862.811195
TX,Newton,3039.990134
TX,Nolan,3202.253075
TX,Nueces,90780.31992
TX,Ochiltree,908.6563585
TX,Oldham,1850.000012
TX,Orange,18786.84771
TX,Palo Pinto,9822.794848
TX,Panola,3634.88266
TX,Parker,18956.48348
TX,Parmer,3696.869464
TX,Pecos,2299.471338
TX,Polk,5649.094239
TX,Potter,15804.02239
TX,Presidio,4603.798527
TX,Rains,
TX,Randall,13171.57743
TX,Reagan,167.8767708
TX,Real,2995.999993
TX,Red River,5460.148542
TX,Reeves,2418.598705
TX,Refugio,1279.798319
TX,Roberts,785.809347
TX,Robertson,4401.759398
TX,Rockwall,13149.92654
TX,Runnels,2422.737166
TX,Rusk,9643.817883
TX,Sabine,1592.575357
TX,San Augustine,385.1594884
TX,San Jacinto,1821.278474
TX,San Patricio,11537.06882
TX,San Saba,1725.356892
TX,Schleicher,316.8765243
TX,Scurry,3867.949387
TX,Shackelford,448.5471347
TX,Shelby,2687.355221
TX,Sherman,660.3259477
TX,Smith,24050.56185
TX,Somervell,0
TX,Starr,26440.85166
TX,Stephens,1830.397709
TX,Sterling,1013.000001
TX,Stonewall,192.2266788
TX,Sutton,387.8201467
TX,Swisher,1202.480625
TX,Tarrant,306947.8819
TX,Taylor,27793.42012
TX,Terrell,827.9999983
TX,Terry,3523.659256
TX,Throckmorton,1555.000004
TX,Titus,2762.88889
TX,Tom Green,36630.2484
TX,Travis,186915.5901
TX,Trinity,395.3217122
TX,Tyler,9728.010357
TX,Upshur,3636.24947
TX,Upton,918.0001731
TX,Uvalde,9011.537944
TX,Val Verde,16515.22542
TX,Van Zandt,4642.262969
TX,Victoria,19692.73521
TX,Walker,13335.8267
TX,Waller,1332.355111
TX,Ward,939.5495894
TX,Washington,2700.668967
TX,Webb,49485.5461
TX,Wharton,3941.112875
TX,Wheeler,573.3691944
TX,Wichita,35689.48345
TX,Wilbarger,2929.882499
TX,Willacy,2606.800256
TX,Williamson,112530.693
TX,Wilson,1704.030222
TX,Winkler,57.46500495
TX,Wise,3093.546717
TX,Wood,2463.376353
TX,Yoakum,1201.75938
TX,Young,5393.755458
TX,Zapata,5765.295794
TX,Zavala,3208.49801
UT,Beaver,839.4161065
UT,Box Elder,9324.488078
UT,Cache,34393.35737
UT,Carbon,5553.049561
UT,Daggett,1015.999997
UT,Davis,87300.72869
UT,Duchesne,4856.679162
UT,Emery,431.2207291
UT,Garfield,2885.873944
UT,Grand,1860.196761
UT,Iron,12024.36345
UT,Juab,4208.945945
UT,Kane,2961.291901
UT,Millard,4448.565442
UT,Morgan,38.80483927
UT,Piute,1474.000007
UT,Rich,2195.999989
UT,Salt Lake,74251.58732
UT,San Juan,1886.140212
UT,Sanpete,2326.872009
UT,Sevier,575.9779624
UT,Summit,9100.264856
UT,Tooele,17497.24106
UT,Uintah,6994.084842
UT,Utah,111100.4232
UT,Wasatch,987.038324
UT,Washington,33818.38983
UT,Wayne,958.0052126
UT,Weber,53073.67619
VT,Addison,797.3536146
VT,Bennington,4235.737402
VT,Caledonia,1963.14595
VT,Chittenden,25940.90448
VT,Essex,1839.797393
VT,Franklin,2035.842522
VT,Grand Isle,32.8720037
VT,Lamoille,563.5920637
VT,Orange,2903.991409
VT,Orleans,3659.847766
VT,Rutland,8922.343695
VT,Washington,7038.944705
VT,Windham,3967.251076
VT,Windsor,4556.219757
VA,Accomack,1623.708644
VA,Albemarle,12201.59497
VA,Alleghany,2086.63858
VA,Amelia,1438.151154
VA,Amherst,4219.001501
VA,Appomattox,282.5384471
VA,Arlington,3968.825352
VA,Augusta,8977.015878
VA,Bath,1027.166545
VA,Bedford,6024.712491
VA,Bland,1136.602422
VA,Botetourt,11035.79081
VA,Brunswick,1124.077498
VA,Buchanan,
VA,Buckingham,1088.472205
VA,Campbell,6918.058879
VA,Caroline,878.8796461
VA,Carroll,1417.378003
VA,Charles City,56.7321192
VA,Charlotte,2788.325295
VA,Chesterfield,83246.88763
VA,Clarke,172.8722525
VA,Craig,576.6773621
VA,Culpeper,1971.496623
VA,Cumberland,3513.197089
VA,Dickenson,
VA,Dinwiddie,4695.950666
VA,Essex,1231.152346
VA,Fairfax,149697.1744
VA,Fauquier,7458.499326
VA,Floyd,4090.336287
VA,Fluvanna,5755.273283
VA,Franklin,6812.350905
VA,Frederick,14789.27659
VA,Giles,151.92901
VA,Gloucester,3410.720043
VA,Goochland,2251.219276
VA,Grayson,2746.310307
VA,Greene,0
VA,Greensville,415.8338458
VA,Halifax,4812.916614
VA,Hanover,19248.72731
VA,Henrico,37830.05905
VA,Henry,6494.141807
VA,Highland,2289.00001
VA,Isle of Wight,4578.015175
VA,James City,18574.70278
VA,King and Queen,281.773522
VA,King George,
VA,King William,1344.154444
VA,Lancaster,181.8527142
VA,Lee,18.42302592
VA,Loudoun,31947.60767
VA,Louisa,623.4097128
VA,Lunenburg,5.695247393
VA,Madison,352.4702147
VA,Mathews,0
VA,Mecklenburg,1586.285603
VA,Middlesex,69.555065
VA,Montgomery,11853.40657
VA,Nelson,930.1101014
VA,New Kent,0
VA,Northampton,180.795801
VA,Northumberland,937.624836
VA,Nottoway,4317.597186
VA,Orange,7216.856094
VA,Page,842.5259227
VA,Patrick,1563.227976
VA,Pittsylvania,7738.268619
VA,Powhatan,1770.7434
VA,Prince Edward,3667.924659
VA,Prince George,5280.020144
VA,Prince William,53096.27348
VA,Pulaski,4637.76694
VA,Rappahannock,5132.445022
VA,Richmond,358.4505478
VA,Roanoke,16868.4922
VA,Rockbridge,4233.546869
VA,Rockingham,15270.51776
VA,Russell,1456.81349
VA,Scott,2401.379051
VA,Shenandoah,2687.39463
VA,Smyth,3591.680916
VA,Southampton,2183.92754
VA,Spotsylvania,20938.93329
VA,Stafford,23901.44926
VA,Surry,1180.33552
VA,Sussex,2548.510857
VA,Tazewell,7969.622113
VA,Warren,3719.777469
VA,Washington,6087.249319
VA,Westmoreland,822.302278
VA,Wise,2815.692043
VA,Wythe,1056.952138
VA,York,16685.715
VA,Alexandria,
VA,Bedford,495.7834367
VA,Bristol,4249.157205
VA,Buena Vista,5540.28824
VA,Charlottesville,2108.605231
VA,Chesapeake,27897.27713
VA,Colonial Heights,2758.625405
VA,Covington,1113.059048
VA,Danville,2914.189365
VA,Emporia,24.52708232
VA,Fairfax,486.2110409
VA,Falls Church,
VA,Franklin,2308.18515
VA,Fredericksburg,1055.307771
VA,Galax,197.5057507
VA,Hampton,17099.654
VA,Harrisonburg,962.6483808
VA,Hopewell,5495.138103
VA,Lexington,405.9486212
VA,Lynchburg,6053.122426
VA,Manassas,1347.386419
VA,Manassas Park,3056.170169
VA,Martinsville,1852.613437
VA,Newport News,23305.1964
VA,Norfolk,26164.08374
VA,Norton,232.9396099
VA,Petersburg,1254.923211
VA,Poquoson,4986.912359
VA,Portsmouth,6490.721392
VA,Radford,2136.06706
VA,Richmond,17826.90528
VA,Roanoke,11791.03658
VA,Salem,9410.069666
VA,Staunton,1244.03569
VA,Suffolk,8770.162276
VA,Virginia Beach,55277.3543
VA,Waynesboro,2127.187212
VA,Williamsburg,1870.908534
VA,Winchester,3737.64629
WA,Adams,2181.038154
WA,Asotin,3899.525482
WA,Benton,28318.14202
WA,Chelan,12483.13493
WA,Clallam,13463.93664
WA,Clark,74976.63678
WA,Columbia,1001.659568
WA,Cowlitz,20335.63452
WA,Douglas,12873.46393
WA,Ferry,2199.410586
WA,Franklin,12442.18598
WA,Garfield,2115.611812
WA,Grant,15194.98181
WA,Grays Harbor,20083.944
WA,Island,15998.12405
WA,Jefferson,5939.329811
WA,King,240847.841
WA,Kitsap,69474.05715
WA,Kittitas,7896.250271
WA,Klickitat,6141.282479
WA,Lewis,15883.46779
WA,Lincoln,5704.912779
WA,Mason,4605.413659
WA,Okanogan,5923.354401
WA,Pacific,5942.794482
WA,Pend Oreille,3857.054916
WA,Pierce,202506.0032
WA,San Juan,34.99999933
WA,Skagit,25605.50375
WA,Skamania,439.0079697
WA,Snohomish,133843.2631
WA,Spokane,67797.47468
WA,Stevens,10318.27619
WA,Thurston,64202.28191
WA,Wahkiakum,3008.612429
WA,Walla Walla,10109.07801
WA,Whatcom,50340.30984
WA,Whitman,8080.867399
WA,Yakima,23157.28038
WV,Barbour,994.2586883
WV,Berkeley,19734.89999
WV,Boone,1591.611625
WV,Braxton,2721.506861
WV,Brooke,5278.381918
WV,Cabell,12208.5334
WV,Calhoun,1156.008306
WV,Clay,1708.097059
WV,Doddridge,350.0448289
WV,Fayette,6161.57207
WV,Gilmer,479.6701934
WV,Grant,2490.604855
WV,Greenbrier,6063.974498
WV,Hampshire,8034.673247
WV,Hancock,8280.561439
WV,Hardy,4648.9219
WV,Harrison,8173.771609
WV,Jackson,3211.364771
WV,Jefferson,1941.687958
WV,Kanawha,40937.85383
WV,Lewis,867.3530356
WV,Lincoln,9.656258568
WV,Logan,1935.925962
WV,McDowell,217.4351708
WV,Marion,8347.724126
WV,Marshall,7739.935925
WV,Mason,4870.18754
WV,Mercer,11469.30433
WV,Mineral,3100.980939
WV,Mingo,1343.566137
WV,Monongalia,18765.01884
WV,Monroe,1620.242993
WV,Morgan,3279.324792
WV,Nicholas,1693.212523
WV,Ohio,10701.72366
WV,Pendleton,2931.004278
WV,Pleasants,524.2431702
WV,Pocahontas,3830.989833
WV,Preston,7110.941577
WV,Putnam,11459.46548
WV,Raleigh,22189.86016
WV,Randolph,2586.528706
WV,Ritchie,1181.759562
WV,Roane,2352.547468
WV,Summers,1551.736398
WV,Taylor,416.9237954
WV,Tucker,244.9024762
WV,Tyler,955.0578067
WV,Upshur,1538.806312
WV,Wayne,5350.85243
WV,Webster,117.8148105
WV,Wetzel,7105.750337
WV,Wirt,18.83382332
WV,Wood,17932.04297
WV,Wyoming,1944.073998
WI,Adams,1864.468264
WI,Ashland,4395.099845
WI,Barron,3523.071021
WI,Bayfield,4460.938515
WI,Brown,51199.54591
WI,Buffalo,3115.374767
WI,Burnett,1133.8162
WI,Calumet,11337.68765
WI,Chippewa,8525.630392
WI,Clark,1420.77455
WI,Columbia,3340.374264
WI,Crawford,2085.24441
WI,Dane,82044.26823
WI,Dodge,10306.8609
WI,Door,2498.789178
WI,Douglas,13266.22817
WI,Dunn,6089.277987
WI,Eau Claire,21001.91107
WI,Florence,512.6247955
WI,Fond du Lac,19877.81991
WI,Forest,3167.086705
WI,Grant,5471.998891
WI,Green,5067.706512
WI,Green Lake,3579.095844
WI,Iowa,4700.291695
WI,Iron,1103.4038
WI,Jackson,6227.588059
WI,Jefferson,6048.7394
WI,Juneau,5494.275494
WI,Kenosha,35820.21402
WI,Kewaunee,117.1989398
WI,La Crosse,22807.21156
WI,Lafayette,2561.508003
WI,Langlade,5864.699198
WI,Lincoln,3555.291289
WI,Manitowoc,12556.42334
WI,Marathon,27512.82331
WI,Marinette,10648.5384
WI,Marquette,256.9829464
WI,Menominee,21.69643492
WI,Milwaukee,60409.96637
WI,Monroe,7294.593678
WI,Oconto,4133.204069
WI,Oneida,3345.405227
WI,Outagamie,19195.63917
WI,Ozaukee,24109.20706
WI,Pepin,
WI,Pierce,7582.247279
WI,Polk,793.8545387
WI,Portage,12435.82959
WI,Price,1591.903086
WI,Racine,47648.64498
WI,Richland,3581.055822
WI,Rock,40873.2331
WI,Rusk,4845.913433
WI,St. Croix,10312.5918
WI,Sauk,3276.722653
WI,Sawyer,2992.179039
WI,Shawano,3184.007012
WI,Sheboygan,10028.91971
WI,Taylor,4160.191253
WI,Trempealeau,330.7972874
WI,Vernon,4389.404732
WI,Vilas,1362.139087
WI,Walworth,25888.38858
WI,Washburn,2721.965952
WI,Washington,23557.23016
WI,Waukesha,130659.3468
WI,Waupaca,6008.417433
WI,Waushara,382.7585965
WI,Winnebago,31896.49501
WI,Wood,17318.13354
WY,Albany,12271.53512
WY,Big Horn,2021.782215
WY,Campbell,10190.9801
WY,Carbon,7689.694677
WY,Converse,1656.233151
WY,Crook,1740.14474
WY,Fremont,4528.845596
WY,Goshen,3333.973336
WY,Hot Springs,357.1097126
WY,Johnson,1666.516412
WY,Laramie,27862.29161
WY,Lincoln,2338.518253
WY,Natrona,29792.10035
WY,Niobrara,533.0807042
WY,Park,5562.277107
WY,Platte,1747.605662
WY,Sheridan,12351.54334
WY,Sublette,1846.170622
WY,Sweetwater,16811.00394
WY,Teton,5648.425247
WY,Uinta,4259.949882
WY,Washakie,883.877353
WY,Weston,1198.804198