State,County,LACCESS_NHNA15
AL,Autauga,61.16986917
AL,Baldwin,181.6496483
AL,Barbour,39.96052669
AL,Bibb,2.513097181
AL,Blount,28.93824223
AL,Bullock,7.70528758
AL,Butler,7.298759186
AL,Calhoun,118.2965151
AL,Chambers,20.68814574
AL,Cherokee,0.217044921
AL,Chilton,9.4605826
AL,Choctaw,5.000000157
AL,Clarke,17.7697486
AL,Clay,2.767728446
AL,Cleburne,1.679663426
AL,Coffee,108.205788
AL,Colbert,38.72050789
AL,Conecuh,14.39512161
AL,Coosa,3.342021793
AL,Covington,18.7227853
AL,Crenshaw,15.7820747
AL,Cullman,24.17350347
AL,Dale,108.6346007
AL,Dallas,8.772131744
AL,DeKalb,37.25713771
AL,Elmore,58.96180271
AL,Escambia,111.9702098
AL,Etowah,61.23475166
AL,Fayette,0
AL,Franklin,41.60029678
AL,Geneva,0.042956206
AL,Greene,10.13443429
AL,Hale,1.019297795
AL,Henry,4.432499626
AL,Houston,56.85083658
AL,Jackson,62.36149315
AL,Jefferson,476.945542
AL,Lamar,0
AL,Lauderdale,56.00831915
AL,Lawrence,145.9137114
AL,Lee,114.4710798
AL,Limestone,60.60617422
AL,Lowndes,2.329790331
AL,Macon,1.810735915
AL,Madison,611.2013655
AL,Marengo,14.00154081
AL,Marion,2.634644657
AL,Marshall,79.38574487
AL,Mobile,565.076549
AL,Monroe,96.70832901
AL,Montgomery,186.4544664
AL,Morgan,115.2630118
AL,Perry,1.868662291
AL,Pickens,0.093319718
AL,Pike,24.23197596
AL,Randolph,13.52257442
AL,Russell,24.03185971
AL,St. Clair,10.42954333
AL,Shelby,127.4283648
AL,Sumter,0
AL,Talladega,33.04345153
AL,Tallapoosa,10.59607552
AL,Tuscaloosa,120.2607103
AL,Walker,22.66432761
AL,Washington,15.74998614
AL,Wilcox,5.304732492
AL,Winston,5.881634708
AK,Aleutians East,515.9999959
AK,Aleutians West,595.4608989
AK,Anchorage,4872.123999
AK,Bethel,10355.55162
AK,Bristol Bay,334.0000028
AK,Denali,64.9999996
AK,Dillingham,2136.99903
AK,Fairbanks North Star,2117.173845
AK,Haines,25.09822376
AK,Hoonah-Angoon,886.9999909
AK,Juneau,1115.93703
AK,Kenai Peninsula,1206.621774
AK,Ketchikan Gateway,198.7204565
AK,Kodiak Island,420.1571943
AK,Lake and Peninsula,1060.999998
AK,Matanuska-Susitna,1310.396354
AK,Nome,4749.968178
AK,North Slope,2728.893891
AK,Northwest Arctic,3766.128289
AK,Petersburg,10.17346134
AK,Prince of Wales-Hyder,361.2886708
AK,Sitka,259.8119466
AK,Skagway,0
AK,Southeast Fairbanks,713.9734646
AK,Valdez-Cordova,807.3210842
AK,Wade Hampton,4413.999997
AK,Wrangell,46.4066726
AK,Yakutat,236.9999984
AK,Yukon-Koyukuk,3992.000001
AZ,Apache,40350.80043
AZ,Cochise,592.8598658
AZ,Coconino,18956.7011
AZ,Gila,5704.252007
AZ,Graham,4937.86878
AZ,Greenlee,115.7266634
AZ,La Paz,454.2205115
AZ,Maricopa,10079.04036
AZ,Mohave,1751.832051
AZ,Navajo,27048.77059
AZ,Pima,14426.02863
AZ,Pinal,3662.712604
AZ,Santa Cruz,75.80244232
AZ,Yavapai,1020.663341
AZ,Yuma,474.9891799
AR,Arkansas,17.5659837
AR,Ashley,18.79874184
AR,Baxter,24.0709028
AR,Benton,568.9836053
AR,Boone,64.39890484
AR,Bradley,4.045704398
AR,Calhoun,11.88366008
AR,Carroll,18.67056075
AR,Chicot,10.00000003
AR,Clark,33.31174674
AR,Clay,2.276564085
AR,Cleburne,17.01799323
AR,Cleveland,13.99999974
AR,Columbia,27.84421783
AR,Conway,20.99495751
AR,Craighead,66.89125568
AR,Crawford,174.730722
AR,Crittenden,22.46571361
AR,Cross,9.464164698
AR,Dallas,13.00953906
AR,Desha,11.13148421
AR,Drew,8.988688241
AR,Faulkner,87.30018304
AR,Franklin,20.85964152
AR,Fulton,12.30142319
AR,Garland,161.397528
AR,Grant,13.93704076
AR,Greene,37.24493194
AR,Hempstead,24.24428271
AR,Hot Spring,33.860481
AR,Howard,52.91225849
AR,Independence,19.94222677
AR,Izard,3.354740711
AR,Jackson,11.37601553
AR,Jefferson,30.12769176
AR,Johnson,11.44196195
AR,Lafayette,3.759203072
AR,Lawrence,27.48789909
AR,Lee,11.58686076
AR,Lincoln,7.075723891
AR,Little River,22.77785201
AR,Logan,29.84126865
AR,Lonoke,61.11855821
AR,Madison,41.10438508
AR,Marion,14.00647125
AR,Miller,99.52287757
AR,Mississippi,16.59584073
AR,Monroe,1.728017036
AR,Montgomery,16.04495321
AR,Nevada,7.943009096
AR,Newton,36.8066954
AR,Ouachita,21.86012385
AR,Perry,7.161091241
AR,Phillips,21.59089579
AR,Pike,28.05019746
AR,Poinsett,31.41428006
AR,Polk,146.5063271
AR,Pope,35.7439407
AR,Prairie,12.08677891
AR,Pulaski,449.4096363
AR,Randolph,38.76500298
AR,St. Francis,46.04936824
AR,Saline,129.1933836
AR,Scott,51.66419201
AR,Searcy,42.46147254
AR,Sebastian,230.8177741
AR,Sevier,71.13213515
AR,Sharp,35.12959185
AR,Stone,30.55013592
AR,Union,35.75541548
AR,Van Buren,13.64380708
AR,Washington,303.5223773
AR,White,68.11715347
AR,Woodruff,0
AR,Yell,19.08775213
CA,Alameda,435.030355
CA,Alpine,24.85276757
CA,Amador,95.93766814
CA,Butte,914.6900507
CA,Calaveras,79.65927542
CA,Colusa,61.92619883
CA,Contra Costa,873.90674
CA,Del Norte,955.907233
CA,El Dorado,551.4836733
CA,Fresno,1611.222947
CA,Glenn,185.0583694
CA,Humboldt,996.6418562
CA,Imperial,390.7086042
CA,Inyo,985.6355812
CA,Kern,1592.524194
CA,Kings,305.0184163
CA,Lake,575.4101745
CA,Lassen,484.5935484
CA,Los Angeles,3943.964203
CA,Madera,657.4068643
CA,Marin,112.9146012
CA,Mariposa,85.81163881
CA,Mendocino,690.7496239
CA,Merced,401.1124244
CA,Modoc,144.5680927
CA,Mono,252.4142384
CA,Monterey,527.4885899
CA,Napa,98.62438626
CA,Nevada,254.5559531
CA,Orange,643.4226257
CA,Placer,444.3938962
CA,Plumas,31.36840583
CA,Riverside,4259.109773
CA,Sacramento,1688.813189
CA,San Benito,93.56524716
CA,San Bernardino,5020.117741
CA,San Diego,3034.525144
CA,San Francisco,45.15235746
CA,San Joaquin,794.7744371
CA,San Luis Obispo,355.7283991
CA,San Mateo,206.4974801
CA,Santa Barbara,652.755414
CA,Santa Clara,688.5499927
CA,Santa Cruz,276.7437895
CA,Shasta,1193.913207
CA,Sierra,40.99026302
CA,Siskiyou,489.9145621
CA,Solano,442.2600629
CA,Sonoma,870.9023305
CA,Stanislaus,683.6678093
CA,Sutter,389.0220819
CA,Tehama,309.4007797
CA,Trinity,105.8851348
CA,Tulare,995.7148722
CA,Tuolumne,304.3518197
CA,Ventura,1024.239778
CA,Yolo,180.8269736
CA,Yuba,442.3977177
CO,Adams,794.5509037
CO,Alamosa,19.42689909
CO,Arapahoe,433.4508146
CO,Archuleta,90.2917592
CO,Baca,15.63913076
CO,Bent,34.6866276
CO,Boulder,308.2928614
CO,Broomfield,101.0053708
CO,Chaffee,9.292341089
CO,Cheyenne,5.000000045
CO,Clear Creek,18.95306697
CO,Conejos,4.536820892
CO,Costilla,103.9999997
CO,Crowley,6.999999995
CO,Custer,7.653107675
CO,Delta,17.66715904
CO,Denver,782.0733163
CO,Dolores,59.99999972
CO,Douglas,211.4144027
CO,Eagle,39.50180968
CO,Elbert,41.06170209
CO,El Paso,1526.291916
CO,Fremont,236.4426952
CO,Garfield,168.1878009
CO,Gilpin,0
CO,Grand,0
CO,Gunnison,13.54281824
CO,Hinsdale,2.99999988
CO,Huerfano,30.09855714
CO,Jackson,2.760586429
CO,Jefferson,812.8617447
CO,Kiowa,7.000000004
CO,Kit Carson,1.000000062
CO,Lake,9.965535428
CO,La Plata,153.5546647
CO,Larimer,411.91803
CO,Las Animas,175.5753637
CO,Lincoln,1.000000027
CO,Logan,20.16970342
CO,Mesa,497.5373733
CO,Mineral,0
CO,Moffat,36.85986705
CO,Montezuma,1614.141297
CO,Montrose,109.8692033
CO,Morgan,15.23183783
CO,Otero,103.3353849
CO,Ouray,2.743636474
CO,Park,96.3654357
CO,Phillips,1.000281872
CO,Pitkin,8.413767578
CO,Prowers,30.06004853
CO,Pueblo,989.9192344
CO,Rio Blanco,6.997687048
CO,Rio Grande,21.77729807
CO,Routt,18.01867911
CO,Saguache,16.30051157
CO,San Juan,1.999999982
CO,San Miguel,2.262124509
CO,Sedgwick,1
CO,Summit,28.57064648
CO,Teller,17.40659848
CO,Washington,1.999999899
CO,Weld,392.5943304
CO,Yuma,14.38694261
CT,Fairfield,342.4751823
CT,Hartford,384.4348535
CT,Litchfield,75.27670817
CT,Middlesex,65.78170906
CT,New Haven,405.2353606
CT,New London,748.5812799
CT,Tolland,89.66635948
CT,Windham,100.8707943
DE,Kent,159.9717552
DE,New Castle,318.1016215
DE,Sussex,233.2234698
DC,District of Columbia,42.35568819
FL,Alachua,109.9096879
FL,Baker,21.79826835
FL,Bay,383.2814456
FL,Bradford,4.331655993
FL,Brevard,891.4055786
FL,Broward,369.9695194
FL,Calhoun,27.83983796
FL,Charlotte,145.7352488
FL,Citrus,131.1776036
FL,Clay,202.666706
FL,Collier,375.892258
FL,Columbia,78.76670615
FL,DeSoto,18.66482944
FL,Dixie,2.951575728
FL,Duval,846.6064047
FL,Escambia,851.5558663
FL,Flagler,101.8013682
FL,Franklin,0.21236493
FL,Gadsden,6.700313238
FL,Gilchrist,0
FL,Glades,544.2018363
FL,Gulf,11.90468657
FL,Hamilton,12.2589529
FL,Hardee,34.75329338
FL,Hendry,449.9955395
FL,Hernando,186.5325091
FL,Highlands,173.4835784
FL,Hillsborough,1113.108953
FL,Holmes,19.5938094
FL,Indian River,109.6286866
FL,Jackson,21.80124644
FL,Jefferson,4.453817661
FL,Lafayette,0.906080952
FL,Lake,316.9719053
FL,Lee,497.0994397
FL,Leon,222.7240503
FL,Levy,20.88132979
FL,Liberty,12.78762268
FL,Madison,14.33333497
FL,Manatee,213.9761971
FL,Marion,317.0042461
FL,Martin,81.88866066
FL,Miami-Dade,186.8801452
FL,Monroe,75.14565139
FL,Nassau,79.92438188
FL,Okaloosa,312.8906792
FL,Okeechobee,157.5172734
FL,Orange,828.1971805
FL,Osceola,312.9819683
FL,Palm Beach,451.7969342
FL,Pasco,375.2512512
FL,Pinellas,348.4750525
FL,Polk,824.5035013
FL,Putnam,53.33215906
FL,St. Johns,144.8682206
FL,St. Lucie,340.0728849
FL,Santa Rosa,496.7579568
FL,Sarasota,212.3048142
FL,Seminole,289.7942232
FL,Sumter,36.06971854
FL,Suwannee,16.25656923
FL,Taylor,46.87787923
FL,Union,5.205220229
FL,Volusia,622.1075435
FL,Wakulla,5.674737025
FL,Walton,115.74517
FL,Washington,140.6148458
GA,Appling,7.0916466
GA,Atkinson,16.30294677
GA,Bacon,1.703606978
GA,Baker,7.000000067
GA,Baldwin,17.54861396
GA,Banks,0
GA,Barrow,33.61041602
GA,Bartow,120.7953773
GA,Ben Hill,4.800370001
GA,Berrien,6.90973368
GA,Bibb,91.65815292
GA,Bleckley,1.060422204
GA,Brantley,0.002406014
GA,Brooks,4.153605569
GA,Bryan,30.1902513
GA,Bulloch,7.519926678
GA,Burke,8.31644838
GA,Butts,1.880226717
GA,Calhoun,2.000000113
GA,Camden,118.1690929
GA,Candler,0.303520292
GA,Carroll,101.9142836
GA,Catoosa,86.13941482
GA,Charlton,9.20270146
GA,Chatham,144.4754254
GA,Chattahoochee,76.04967522
GA,Chattooga,0.098511048
GA,Cherokee,232.8217385
GA,Clarke,106.9647283
GA,Clay,7.999999822
GA,Clayton,319.5754783
GA,Clinch,17.73138714
GA,Cobb,914.0416156
GA,Coffee,6.225432652
GA,Colquitt,49.80440015
GA,Columbia,77.02151977
GA,Cook,1.895067
GA,Coweta,93.28581842
GA,Crawford,0.091840712
GA,Crisp,0.596886502
GA,Dade,0.781564862
GA,Dawson,1.775468892
GA,Decatur,21.54682978
GA,DeKalb,328.2944605
GA,Dodge,0.380903051
GA,Dooly,0
GA,Dougherty,80.13062916
GA,Douglas,125.1767212
GA,Early,4.478883141
GA,Echols,15.54203994
GA,Effingham,30.09715576
GA,Elbert,14.84279401
GA,Emanuel,11.58735994
GA,Evans,0
GA,Fannin,2.087672293
GA,Fayette,108.8272162
GA,Floyd,69.17840348
GA,Forsyth,135.3368187
GA,Franklin,0.196962209
GA,Fulton,438.7018489
GA,Gilmer,3.784391557
GA,Glascock,6.138235456
GA,Glynn,50.89336531
GA,Gordon,58.32196669
GA,Grady,7.469403819
GA,Greene,2.889895243
GA,Gwinnett,914.8655953
GA,Habersham,59.46229993
GA,Hall,185.2067457
GA,Hancock,11.37938685
GA,Haralson,3.129415617
GA,Harris,2.640245042
GA,Hart,6.710314597
GA,Heard,0.079564858
GA,Henry,179.2029154
GA,Houston,165.8183333
GA,Irwin,0
GA,Jackson,14.20030908
GA,Jasper,17.48774411
GA,Jeff Davis,1.228250212
GA,Jefferson,0
GA,Jenkins,0.008337365
GA,Johnson,2.000000006
GA,Jones,4.391190723
GA,Lamar,5.910494205
GA,Lanier,0.401619834
GA,Laurens,11.74483471
GA,Lee,8.063027889
GA,Liberty,184.8254499
GA,Lincoln,3.08890373
GA,Long,14.19797414
GA,Lowndes,120.4960061
GA,Lumpkin,1.590250868
GA,McDuffie,1.811501687
GA,McIntosh,3.04756734
GA,Macon,8.860398991
GA,Madison,2
GA,Marion,0
GA,Meriwether,4.214169089
GA,Miller,0.089342917
GA,Mitchell,0.257191421
GA,Monroe,9.708093097
GA,Montgomery,0
GA,Morgan,2.473254705
GA,Murray,26.72438545
GA,Muscogee,235.1414255
GA,Newton,42.95252011
GA,Oconee,14.02167722
GA,Oglethorpe,0.976077478
GA,Paulding,111.2594026
GA,Peach,14.30630181
GA,Pickens,4.023818754
GA,Pierce,16.04303681
GA,Pike,0
GA,Polk,14.25208897
GA,Pulaski,3.9146736
GA,Putnam,1.468998048
GA,Quitman,1.083396695
GA,Rabun,0
GA,Randolph,0.023562202
GA,Richmond,287.255788
GA,Rockdale,129.5801746
GA,Schley,0
GA,Screven,7.277326076
GA,Seminole,1.941019518
GA,Spalding,15.26786135
GA,Stephens,10.17685257
GA,Stewart,0.982821209
GA,Sumter,8.612140574
GA,Talbot,1.999999982
GA,Taliaferro,1.91316282
GA,Tattnall,1.695670237
GA,Taylor,0.821477605
GA,Telfair,0
GA,Terrell,0.651206732
GA,Thomas,50.31802347
GA,Tift,6.945781716
GA,Toombs,12.87592589
GA,Towns,0
GA,Treutlen,0
GA,Troup,31.43521494
GA,Turner,1.178120777
GA,Twiggs,0
GA,Union,0.401546386
GA,Upson,15.91051204
GA,Walker,36.21964202
GA,Walton,34.86868694
GA,Ware,35.1836342
GA,Warren,0.266007996
GA,Washington,4.428719773
GA,Wayne,33.54264251
GA,Webster,0
GA,Wheeler,0
GA,White,
GA,Whitfield,180.8160243
GA,Wilcox,0
GA,Wilkes,0
GA,Wilkinson,3.999999963
GA,Worth,4.384792384
HI,Hawaii,282.1497771
HI,Honolulu,770.2030508
HI,Kalawao,0
HI,Kauai,87.41674667
HI,Maui,219.6671456
ID,Ada,397.3782666
ID,Adams,6.14758695
ID,Bannock,332.3611648
ID,Bear Lake,7.999999791
ID,Benewah,213.3623683
ID,Bingham,170.2660617
ID,Blaine,57.69158334
ID,Boise,29.48084432
ID,Bonner,69.83932831
ID,Bonneville,152.9442398
ID,Boundary,21.11649118
ID,Butte,0.99999995
ID,Camas,5.99999991
ID,Canyon,328.7785913
ID,Caribou,7.000000016
ID,Cassia,20.70871845
ID,Clark,10.00000018
ID,Clearwater,26.51346283
ID,Custer,9.559375914
ID,Elmore,68.00126059
ID,Franklin,4.999999925
ID,Fremont,5.848116327
ID,Gem,30.38582601
ID,Gooding,1.461900452
ID,Idaho,60.62488337
ID,Jefferson,20.74245469
ID,Jerome,62.84315731
ID,Kootenai,297.5552653
ID,Latah,19.95974388
ID,Lemhi,20.60870099
ID,Lewis,48.09957224
ID,Lincoln,36.99999993
ID,Madison,13.52222307
ID,Minidoka,56.51019923
ID,Nez Perce,66.98660279
ID,Oneida,0
ID,Owyhee,52.75942484
ID,Payette,61.78486796
ID,Power,67.01135993
ID,Shoshone,13.42056859
ID,Teton,2.00000003
ID,Twin Falls,30.35297475
ID,Valley,7.649468059
ID,Washington,23.52887364
IL,Adams,6.172523897
IL,Alexander,7.445494482
IL,Bond,8.937366962
IL,Boone,17.6795919
IL,Brown,6.41866231
IL,Bureau,18.12555678
IL,Calhoun,0
IL,Carroll,3.074287135
IL,Cass,4.999999944
IL,Champaign,91.80211873
IL,Christian,5.63121014
IL,Clark,4.745737102
IL,Clay,1.999999946
IL,Clinton,19.82001872
IL,Coles,22.15731281
IL,Cook,977.2203136
IL,Crawford,5.208711348
IL,Cumberland,
IL,DeKalb,56.05277224
IL,De Witt,0
IL,Douglas,1.154239845
IL,DuPage,523.3028244
IL,Edgar,8.204053595
IL,Edwards,0
IL,Effingham,2.173723203
IL,Fayette,17.90175915
IL,Ford,13.4363302
IL,Franklin,11.37180786
IL,Fulton,10.95409271
IL,Gallatin,12.00000005
IL,Greene,2.277403862
IL,Grundy,24.41612638
IL,Hamilton,0.552986314
IL,Hancock,8.001227247
IL,Hardin,0
IL,Henderson,0
IL,Henry,17.94396344
IL,Iroquois,10.04353553
IL,Jackson,39.65315665
IL,Jasper,4.078094133
IL,Jefferson,18.83914937
IL,Jersey,6.137587023
IL,Jo Daviess,11.35111112
IL,Johnson,2.32628008
IL,Kane,352.4541107
IL,Kankakee,34.33049704
IL,Kendall,55.71180166
IL,Knox,16.17141908
IL,Lake,753.3114722
IL,LaSalle,65.96189681
IL,Lawrence,3.788500555
IL,Lee,6.2508858
IL,Livingston,6.67912127
IL,Logan,24.00168288
IL,McDonough,1.20686297
IL,McHenry,424.0931685
IL,McLean,112.5692131
IL,Macon,56.79991841
IL,Macoupin,18.98330968
IL,Madison,249.5923465
IL,Marion,38.33641982
IL,Marshall,4
IL,Mason,13.68604406
IL,Massac,5.724013044
IL,Menard,1.05833273
IL,Mercer,0.075392671
IL,Monroe,16.21064168
IL,Montgomery,15.7016903
IL,Morgan,28.87789431
IL,Moultrie,0.409298345
IL,Ogle,28.93224717
IL,Peoria,95.43186535
IL,Perry,10.43842048
IL,Piatt,0.242607102
IL,Pike,1.117043711
IL,Pope,2.774951366
IL,Pulaski,9.439585222
IL,Putnam,0
IL,Randolph,7.417818334
IL,Richland,3.644796398
IL,Rock Island,70.58485405
IL,St. Clair,238.8752694
IL,Saline,31.05033654
IL,Sangamon,75.461692
IL,Schuyler,0.999999963
IL,Scott,0
IL,Shelby,9.103763643
IL,Stark,2.656896875
IL,Stephenson,8.752514271
IL,Tazewell,177.6280781
IL,Union,12.26695155
IL,Vermilion,23.21136285
IL,Wabash,0.905024283
IL,Warren,4.323540118
IL,Washington,1.999999933
IL,Wayne,2.000000022
IL,White,15.97550647
IL,Whiteside,41.35239438
IL,Will,572.6299302
IL,Williamson,17.59473065
IL,Winnebago,208.3487834
IL,Woodford,3.580628574
IN,Adams,9.121537559
IN,Allen,309.6879068
IN,Bartholomew,49.21557933
IN,Benton,0
IN,Blackford,0.78613545
IN,Boone,5.278055611
IN,Brown,0.144516835
IN,Carroll,2.741344105
IN,Cass,5.525306621
IN,Clark,69.00219168
IN,Clay,6.074892906
IN,Clinton,0.581927359
IN,Crawford,5.258781904
IN,Daviess,10.24511752
IN,Dearborn,25.33801217
IN,Decatur,6.859019832
IN,DeKalb,22.03310842
IN,Delaware,65.1793815
IN,Dubois,3.758517031
IN,Elkhart,135.8809457
IN,Fayette,7.344694581
IN,Floyd,57.27865155
IN,Fountain,13.32606461
IN,Franklin,7.846888114
IN,Fulton,4.499330887
IN,Gibson,1.846048176
IN,Grant,47.96477231
IN,Greene,15.58807434
IN,Hamilton,190.3107952
IN,Hancock,57.43989809
IN,Harrison,5.225019703
IN,Hendricks,68.41818416
IN,Henry,0.025963441
IN,Howard,84.05240947
IN,Huntington,20.5232943
IN,Jackson,15.47243039
IN,Jasper,4.36447338
IN,Jay,4.522436973
IN,Jefferson,5.746556973
IN,Jennings,13.84993542
IN,Johnson,84.72932273
IN,Knox,9.599801829
IN,Kosciusko,31.96870244
IN,LaGrange,0
IN,Lake,410.323467
IN,LaPorte,91.94061085
IN,Lawrence,4.804171166
IN,Madison,79.24824772
IN,Marion,638.902767
IN,Marshall,29.14454791
IN,Martin,2.843876357
IN,Miami,56.87177657
IN,Monroe,48.20592747
IN,Montgomery,17.97025748
IN,Morgan,24.91221226
IN,Newton,10.75353503
IN,Noble,7.658821732
IN,Ohio,
IN,Orange,7.351668588
IN,Owen,2.600699701
IN,Parke,8.805315877
IN,Perry,4.928660397
IN,Pike,1.467892081
IN,Porter,128.5450441
IN,Posey,14.00676379
IN,Pulaski,0.392631324
IN,Putnam,7.27398546
IN,Randolph,13.64874445
IN,Ripley,0
IN,Rush,2.770382047
IN,St. Joseph,329.2485989
IN,Scott,2.972773592
IN,Shelby,9.917217444
IN,Spencer,0
IN,Starke,3.481618647
IN,Steuben,16.26616575
IN,Sullivan,5.981940459
IN,Switzerland,0
IN,Tippecanoe,76.2359703
IN,Tipton,5.498203434
IN,Union,
IN,Vanderburgh,50.96776827
IN,Vermillion,6.231283806
IN,Vigo,146.6135892
IN,Wabash,20.63587739
IN,Warren,2
IN,Warrick,33.15561426
IN,Washington,7.165746424
IN,Wayne,18.83819719
IN,Wells,21.63397964
IN,White,13.99289256
IN,Whitley,1.468978381
IA,Adair,0.849778916
IA,Adams,0
IA,Allamakee,2.2498136
IA,Appanoose,5.621084727
IA,Audubon,0
IA,Benton,6.938583636
IA,Black Hawk,87.45674433
IA,Boone,11.72971847
IA,Bremer,1.072954677
IA,Buchanan,7.458584041
IA,Buena Vista,1.822231442
IA,Butler,5.352069524
IA,Calhoun,0
IA,Carroll,0.228812784
IA,Cass,4.353891182
IA,Cedar,5.999999834
IA,Cerro Gordo,5.288921046
IA,Cherokee,0.028323162
IA,Chickasaw,0
IA,Clarke,7.152742156
IA,Clay,2.566828693
IA,Clayton,2.396017678
IA,Clinton,23.81032853
IA,Crawford,13.11295249
IA,Dallas,3.515660609
IA,Davis,1.134614473
IA,Decatur,1.99711188
IA,Delaware,1.305912865
IA,Des Moines,22.88035114
IA,Dickinson,1.306138213
IA,Dubuque,17.1744988
IA,Emmet,15.53869929
IA,Fayette,0.895798199
IA,Floyd,6.002444889
IA,Franklin,3.99999997
IA,Fremont,22.00000008
IA,Greene,2.940240636
IA,Grundy,2.00000003
IA,Guthrie,5
IA,Hamilton,0
IA,Hancock,5.999999902
IA,Hardin,2.151935413
IA,Harrison,8.856667421
IA,Henry,18.25425827
IA,Howard,3.440320817
IA,Humboldt,4
IA,Ida,0
IA,Iowa,1.197913432
IA,Jackson,3.519824639
IA,Jasper,13.0640341
IA,Jefferson,4.745726073
IA,Johnson,43.93709988
IA,Jones,19.55330421
IA,Keokuk,3.999999851
IA,Kossuth,15.63178702
IA,Lee,18.4815838
IA,Linn,149.6640584
IA,Louisa,0
IA,Lucas,1.492205417
IA,Lyon,0.99999994
IA,Madison,3.378121164
IA,Mahaska,16.40809332
IA,Marion,11.81071465
IA,Marshall,33.83319061
IA,Mills,2.850237629
IA,Mitchell,1.02369462
IA,Monona,1.99999997
IA,Monroe,3.153277803
IA,Montgomery,13.00000005
IA,Muscatine,10.06561398
IA,O'Brien,5.262301173
IA,Osceola,4.081700412
IA,Page,52.26196452
IA,Palo Alto,7.352756607
IA,Plymouth,0.431994487
IA,Pocahontas,0.195460762
IA,Polk,191.0347594
IA,Pottawattamie,148.2973138
IA,Poweshiek,6.69144959
IA,Ringgold,1.984655124
IA,Sac,3.00000003
IA,Scott,55.97929815
IA,Shelby,11.65487876
IA,Sioux,4.001483688
IA,Story,24.02219189
IA,Tama,110.5344358
IA,Taylor,0
IA,Union,8.999999852
IA,Van Buren,10.00000019
IA,Wapello,101.8139579
IA,Warren,23.37783048
IA,Washington,1.166336817
IA,Wayne,2.999999883
IA,Webster,50.20159538
IA,Winnebago,7.00000003
IA,Winneshiek,0.115617831
IA,Woodbury,345.1799629
IA,Worth,1.730910991
IA,Wright,0.078227738
KS,Allen,58.38709611
KS,Anderson,11.20640226
KS,Atchison,11.61937706
KS,Barber,0
KS,Barton,32.59784743
KS,Bourbon,18.87993831
KS,Brown,100.3775333
KS,Butler,159.3059735
KS,Chase,5.999999842
KS,Chautauqua,50.8041513
KS,Cherokee,85.04803049
KS,Cheyenne,0
KS,Clark,13.99999982
KS,Clay,9.000000054
KS,Cloud,8.15463879
KS,Coffey,18.66719166
KS,Comanche,0
KS,Cowley,196.7776731
KS,Crawford,98.71635983
KS,Decatur,0.99999997
KS,Dickinson,8.589325018
KS,Doniphan,68.63332134
KS,Douglas,432.4813959
KS,Edwards,4.000000005
KS,Elk,42.00000025
KS,Ellis,19.77133091
KS,Ellsworth,4.999999965
KS,Finney,47.88580408
KS,Ford,50.83422314
KS,Franklin,130.0816474
KS,Geary,118.9444568
KS,Gove,0
KS,Graham,4.156590769
KS,Grant,3.240710333
KS,Gray,15.48327021
KS,Greeley,6.999999883
KS,Greenwood,35.22347502
KS,Hamilton,33.0000001
KS,Harper,15.99658013
KS,Harvey,47.32718549
KS,Haskell,27.99999988
KS,Hodgeman,0.999984936
KS,Jackson,380.4716047
KS,Jefferson,0
KS,Jewell,5.999999919
KS,Johnson,366.8716103
KS,Kearny,38.99999989
KS,Kingman,16.01471458
KS,Kiowa,23.99999996
KS,Labette,82.94503112
KS,Lane,4.999999953
KS,Leavenworth,239.7625733
KS,Lincoln,2.999999956
KS,Linn,3.879912746
KS,Logan,0
KS,Lyon,23.86803645
KS,McPherson,29.5416752
KS,Marion,31.00000014
KS,Marshall,0
KS,Meade,23.00000004
KS,Miami,3.136946075
KS,Mitchell,4.99999997
KS,Montgomery,311.4529745
KS,Morris,17.00000031
KS,Morton,6.999999911
KS,Nemaha,18.95287187
KS,Neosho,5.199953553
KS,Ness,8
KS,Norton,6.987095844
KS,Osage,14.38181895
KS,Osborne,0
KS,Ottawa,6.999999983
KS,Pawnee,9.520578327
KS,Phillips,17.0000001
KS,Pottawatomie,5.085629412
KS,Pratt,15.14373111
KS,Rawlins,0
KS,Reno,108.9568191
KS,Republic,3.999999929
KS,Rice,10.99999999
KS,Riley,195.7761231
KS,Rooks,3.00000009
KS,Rush,4
KS,Russell,12.90666618
KS,Saline,39.6583617
KS,Scott,6.620534403
KS,Sedgwick,1710.445491
KS,Seward,10.46327195
KS,Shawnee,628.0234853
KS,Sheridan,10.00000007
KS,Sherman,10.35567495
KS,Smith,3.436466365
KS,Stafford,16.00000003
KS,Stanton,1.939524559
KS,Stevens,13.99397092
KS,Sumner,81.88347775
KS,Thomas,22.67173366
KS,Trego,0
KS,Wabaunsee,15.0712229
KS,Wallace,7.000000019
KS,Washington,7.499163672
KS,Wichita,10.99999994
KS,Wilson,8.397877354
KS,Woodson,8.980357257
KS,Wyandotte,290.3799491
KY,Adair,0.136815474
KY,Allen,0.702428834
KY,Anderson,5.95734668
KY,Ballard,0
KY,Barren,8.138286492
KY,Bath,0
KY,Bell,3.013520555
KY,Boone,69.60597976
KY,Bourbon,5.082661904
KY,Boyd,16.04371733
KY,Boyle,23.77960799
KY,Bracken,0.264908396
KY,Breathitt,6.513193587
KY,Breckinridge,3.96756431
KY,Bullitt,74.25680833
KY,Butler,5.895957548
KY,Caldwell,0.239743741
KY,Calloway,10.04472818
KY,Campbell,29.95138284
KY,Carlisle,2.864391938
KY,Carroll,8.011564478
KY,Carter,2.021489166
KY,Casey,1.046718477
KY,Christian,157.3413105
KY,Clark,7.608518741
KY,Clay,8.489376926
KY,Clinton,0
KY,Crittenden,0.387512622
KY,Cumberland,0
KY,Daviess,12.68991427
KY,Edmonson,0.658058267
KY,Elliott,0
KY,Estill,7.412499262
KY,Fayette,139.9424613
KY,Fleming,1.435461281
KY,Floyd,1.178361795
KY,Franklin,18.00838387
KY,Fulton,0
KY,Gallatin,
KY,Garrard,0
KY,Grant,12.31853808
KY,Graves,8.471075712
KY,Grayson,15.43943772
KY,Green,2.509123825
KY,Greenup,17.02230082
KY,Hancock,0.865387526
KY,Hardin,200.6530591
KY,Harlan,12.28206077
KY,Harrison,0.222588723
KY,Hart,0.383133703
KY,Henderson,4.17465957
KY,Henry,0.429364001
KY,Hickman,0
KY,Hopkins,10.75233112
KY,Jackson,0.005254139
KY,Jefferson,255.8654676
KY,Jessamine,14.78470515
KY,Johnson,5.235465208
KY,Kenton,82.40195003
KY,Knott,0
KY,Knox,11.3568132
KY,Larue,0.879470751
KY,Laurel,23.20385107
KY,Lawrence,1.693789234
KY,Lee,0
KY,Leslie,0
KY,Letcher,
KY,Lewis,0
KY,Lincoln,9.169621673
KY,Livingston,3.4982646
KY,Logan,12.76781311
KY,Lyon,0
KY,McCracken,36.55354623
KY,McCreary,0.022965278
KY,McLean,0
KY,Madison,50.78204024
KY,Magoffin,0
KY,Marion,0
KY,Marshall,2.81463899
KY,Martin,0
KY,Mason,4.017040079
KY,Meade,43.83243037
KY,Menifee,0
KY,Mercer,6.017150922
KY,Metcalfe,0.050234081
KY,Monroe,0
KY,Montgomery,2.597479581
KY,Morgan,0.20510876
KY,Muhlenberg,1.658296222
KY,Nelson,2.72718267
KY,Nicholas,0
KY,Ohio,12.61329774
KY,Oldham,68.67167862
KY,Owen,0.698996258
KY,Owsley,0
KY,Pendleton,0
KY,Perry,0.465051971
KY,Pike,0.917937489
KY,Powell,1.015839815
KY,Pulaski,33.21204468
KY,Robertson,1.20478134
KY,Rockcastle,0
KY,Rowan,3.310018495
KY,Russell,0.999999975
KY,Scott,34.76748425
KY,Shelby,6.505485512
KY,Simpson,9.435198105
KY,Spencer,
KY,Taylor,4.196268535
KY,Todd,0
KY,Trigg,10.4034649
KY,Trimble,1.710540002
KY,Union,4.16439639
KY,Warren,29.88424691
KY,Washington,3.87285987
KY,Wayne,2.485769474
KY,Webster,6.994175322
KY,Whitley,23.33297626
KY,Wolfe,0
KY,Woodford,13.09570465
LA,Acadia,2.044377422
LA,Allen,107.9264259
LA,Ascension,103.3810842
LA,Assumption,26.16270989
LA,Avoyelles,34.60361227
LA,Beauregard,136.5673257
LA,Bienville,5.259105241
LA,Bossier,145.8471814
LA,Caddo,314.1304516
LA,Calcasieu,181.1648641
LA,Caldwell,5.602798848
LA,Cameron,13.99999977
LA,Catahoula,5.374663523
LA,Claiborne,10.0278622
LA,Concordia,24.34224367
LA,De Soto,59.11086804
LA,East Baton Rouge,297.3118656
LA,East Carroll,2.993012596
LA,East Feliciana,2.66896087
LA,Evangeline,14.01587544
LA,Franklin,4.166239716
LA,Grant,38.01423273
LA,Iberia,51.59087701
LA,Iberville,6.686887516
LA,Jackson,7.782596876
LA,Jefferson,284.2295024
LA,Jefferson Davis,20.86609253
LA,Lafayette,169.1276407
LA,Lafourche,680.0566892
LA,La Salle,26.33009145
LA,Lincoln,31.71346663
LA,Livingston,99.23454955
LA,Madison,1.703965171
LA,Morehouse,14.41861142
LA,Natchitoches,183.7349221
LA,Orleans,134.1231086
LA,Ouachita,123.8603117
LA,Plaquemines,79.51224846
LA,Pointe Coupee,1.060740583
LA,Rapides,499.9470646
LA,Red River,4.451565335
LA,Richland,4.506304624
LA,Sabine,151.4803901
LA,St. Bernard,126.0787462
LA,St. Charles,67.68724302
LA,St. Helena,0
LA,St. James,13.72543809
LA,St. John the Baptist,48.95563175
LA,St. Landry,51.782491
LA,St. Martin,9.010717297
LA,St. Mary,227.7522399
LA,St. Tammany,362.0107906
LA,Tangipahoa,94.67871881
LA,Tensas,0.105906136
LA,Terrebonne,1276.00349
LA,Union,10.12823758
LA,Vermilion,22.45916197
LA,Vernon,408.1090655
LA,Washington,13.04931832
LA,Webster,31.26727643
LA,West Baton Rouge,3.179948949
LA,West Carroll,0.030699005
LA,West Feliciana,3.999999929
LA,Winn,14.30309833
ME,Androscoggin,42.88472931
ME,Aroostook,121.9032053
ME,Cumberland,165.3691378
ME,Franklin,0.689503041
ME,Hancock,25.82446872
ME,Kennebec,39.03241799
ME,Knox,28.00896393
ME,Lincoln,11.73595141
ME,Oxford,15.42069044
ME,Penobscot,599.6612259
ME,Piscataquis,1.89313333
ME,Sagadahoc,11.58764758
ME,Somerset,41.94304381
ME,Waldo,6.037499331
ME,Washington,58.06797073
ME,York,48.25874687
MD,Allegany,23.38509949
MD,Anne Arundel,601.6385468
MD,Baltimore,326.0796099
MD,Calvert,131.9843303
MD,Caroline,2.528610258
MD,Carroll,65.97396568
MD,Cecil,70.7700044
MD,Charles,272.0237564
MD,Dorchester,23.28067687
MD,Frederick,127.5993163
MD,Garrett,0.441963772
MD,Harford,147.1291556
MD,Howard,103.6173988
MD,Kent,0
MD,Montgomery,437.9335768
MD,Prince George's,672.735776
MD,Queen Anne's,21.44440235
MD,St. Mary's,106.0396623
MD,Somerset,10.42948501
MD,Talbot,13.43246084
MD,Washington,68.22735182
MD,Wicomico,39.2051511
MD,Worcester,21.88718893
MD,Baltimore,68.481585
MA,Barnstable,609.2542559
MA,Berkshire,34.54203957
MA,Bristol,227.0075043
MA,Dukes,8.651694274
MA,Essex,402.0486872
MA,Franklin,37.19815536
MA,Hampden,195.2189546
MA,Hampshire,143.2574881
MA,Middlesex,455.0087609
MA,Nantucket,0
MA,Norfolk,288.3532767
MA,Plymouth,437.0791783
MA,Suffolk,13.23143339
MA,Worcester,388.5255864
MI,Alcona,4.6065738
MI,Alger,58.89377902
MI,Allegan,12.78102394
MI,Alpena,5.217164624
MI,Antrim,0
MI,Arenac,39.05465885
MI,Baraga,24.83177599
MI,Barry,7.468391279
MI,Bay,125.0843324
MI,Benzie,
MI,Berrien,186.0297986
MI,Branch,5.770929485
MI,Calhoun,156.3671769
MI,Cass,34.76744366
MI,Charlevoix,17.7858094
MI,Cheboygan,94.32761615
MI,Chippewa,1822.08008
MI,Clare,3.677859636
MI,Clinton,101.2043641
MI,Crawford,14.83722326
MI,Delta,261.0819852
MI,Dickinson,43.33253426
MI,Eaton,131.1608478
MI,Emmet,231.6336063
MI,Genesee,652.4487208
MI,Gladwin,2.643332503
MI,Gogebic,18.92906702
MI,Grand Traverse,195.2964743
MI,Gratiot,67.39049188
MI,Hillsdale,8.80158891
MI,Houghton,35.75148996
MI,Huron,31.86964072
MI,Ingham,416.608646
MI,Ionia,32.4072757
MI,Iosco,35.72539062
MI,Iron,17.10537742
MI,Isabella,426.0950046
MI,Jackson,155.6963222
MI,Kalamazoo,259.8220046
MI,Kalkaska,8.57101726
MI,Kent,471.7267551
MI,Keweenaw,0.999999979
MI,Lake,23.22188378
MI,Lapeer,36.30465694
MI,Leelanau,0.604775425
MI,Lenawee,128.6522806
MI,Livingston,190.6950572
MI,Luce,12.04134907
MI,Mackinac,325.2904279
MI,Macomb,532.7356608
MI,Manistee,34.11935904
MI,Marquette,149.7117147
MI,Mason,18.64357271
MI,Mecosta,44.52528252
MI,Menominee,62.89107567
MI,Midland,51.96683755
MI,Missaukee,7.000000221
MI,Monroe,78.79055081
MI,Montcalm,24.32296242
MI,Montmorency,2
MI,Muskegon,499.438203
MI,Newaygo,21.76917633
MI,Oakland,849.4777272
MI,Oceana,15.91249642
MI,Ogemaw,0.326002984
MI,Ontonagon,18.25787044
MI,Osceola,28.06920609
MI,Oscoda,0.465867649
MI,Otsego,22.62594757
MI,Ottawa,323.5561398
MI,Presque Isle,17.15722709
MI,Roscommon,27.55323268
MI,Saginaw,184.8517232
MI,St. Clair,266.868544
MI,St. Joseph,29.96143947
MI,Sanilac,10.7121861
MI,Schoolcraft,117.2923631
MI,Shiawassee,80.74088894
MI,Tuscola,9.626924641
MI,Van Buren,16.69292696
MI,Washtenaw,294.1297803
MI,Wayne,960.0956956
MI,Wexford,18.17078636
MN,Aitkin,180.4309538
MN,Anoka,724.8338092
MN,Becker,1793.27332
MN,Beltrami,1368.493086
MN,Benton,15.11184953
MN,Big Stone,5.000000091
MN,Blue Earth,81.76070006
MN,Brown,3.968447294
MN,Carlton,381.1631088
MN,Carver,40.27591088
MN,Cass,515.9013998
MN,Chippewa,12.62821329
MN,Chisago,22.36464349
MN,Clay,73.04575813
MN,Clearwater,369.1887688
MN,Cook,392.8404982
MN,Cottonwood,11.82708388
MN,Crow Wing,29.8618959
MN,Dakota,489.5185578
MN,Dodge,3.326186484
MN,Douglas,26.34532699
MN,Faribault,7.000000268
MN,Fillmore,0
MN,Freeborn,20.78088951
MN,Goodhue,103.3159706
MN,Grant,4.460654711
MN,Hennepin,1352.803184
MN,Houston,0.889155575
MN,Hubbard,103.3965266
MN,Isanti,25.71650488
MN,Itasca,567.5226975
MN,Jackson,9.000000264
MN,Kanabec,7.398930387
MN,Kandiyohi,27.60882062
MN,Kittson,1.999999952
MN,Koochiching,183.9353167
MN,Lac qui Parle,0
MN,Lake,9.446330969
MN,Lake of the Woods,17.91753749
MN,Le Sueur,3.885112656
MN,Lincoln,2.00000002
MN,Lyon,23.72003287
MN,McLeod,28.78118002
MN,Mahnomen,1201.106722
MN,Marshall,27.77698139
MN,Martin,20.18627761
MN,Meeker,9.171815713
MN,Mille Lacs,1.785124437
MN,Morrison,22.90750614
MN,Mower,9.641645525
MN,Murray,0
MN,Nicollet,42.29183586
MN,Nobles,21.36265173
MN,Norman,30.29897401
MN,Olmsted,35.82816346
MN,Otter Tail,41.36532029
MN,Pennington,25.36324202
MN,Pine,39.77803002
MN,Pipestone,9.000000141
MN,Polk,125.8227905
MN,Pope,1.000000054
MN,Ramsey,545.736401
MN,Red Lake,51.99999982
MN,Redwood,78.43153176
MN,Renville,11.87911784
MN,Rice,142.2514702
MN,Rock,1.000000045
MN,Roseau,16.7396317
MN,St. Louis,1340.435024
MN,Scott,217.2958022
MN,Sherburne,112.4154375
MN,Sibley,0
MN,Stearns,97.68856565
MN,Steele,12.01414769
MN,Stevens,0.398626387
MN,Swift,3.444177278
MN,Todd,20.12944442
MN,Traverse,127.0000001
MN,Wabasha,3.488254075
MN,Wadena,10.83265762
MN,Waseca,38.17581006
MN,Washington,601.9412982
MN,Watonwan,0
MN,Wilkin,5.632130359
MN,Winona,12.58970667
MN,Wright,71.19603479
MN,Yellow Medicine,33.99999992
MS,Adams,27.24151691
MS,Alcorn,18.12759491
MS,Amite,2.479603146
MS,Attala,9.554319141
MS,Benton,11.46910474
MS,Bolivar,15.37540573
MS,Calhoun,0.347537547
MS,Carroll,5.087533733
MS,Chickasaw,0
MS,Choctaw,5.000000186
MS,Claiborne,2.899746169
MS,Clarke,5.518130783
MS,Clay,6.477203907
MS,Coahoma,3.33310627
MS,Copiah,16.72910279
MS,Covington,
MS,DeSoto,137.9983549
MS,Forrest,25.50224187
MS,Franklin,3.000000075
MS,George,6.871030933
MS,Greene,5.532024434
MS,Grenada,6.035848717
MS,Hancock,78.41585045
MS,Harrison,338.464586
MS,Hinds,105.586472
MS,Holmes,4.644186282
MS,Humphreys,0
MS,Issaquena,2.999999948
MS,Itawamba,1.901605695
MS,Jackson,140.5198266
MS,Jasper,1.999999917
MS,Jefferson,0
MS,Jefferson Davis,0
MS,Jones,20.05495154
MS,Kemper,372.5333799
MS,Lafayette,31.91506395
MS,Lamar,11.52238139
MS,Lauderdale,61.51972522
MS,Lawrence,1.995477854
MS,Leake,49.51880864
MS,Lee,22.936361
MS,Leflore,29.47822165
MS,Lincoln,8.057535264
MS,Lowndes,15.05641331
MS,Madison,29.5224665
MS,Marion,16.39175413
MS,Marshall,6.620285112
MS,Monroe,2.175113002
MS,Montgomery,2.002840731
MS,Neshoba,740.1297862
MS,Newton,0.470716052
MS,Noxubee,11.03381876
MS,Oktibbeha,28.29604937
MS,Panola,12.20500069
MS,Pearl River,21.70529704
MS,Perry,3.207818689
MS,Pike,3.489114389
MS,Pontotoc,6.378441737
MS,Prentiss,0
MS,Quitman,9.871987385
MS,Rankin,51.71078747
MS,Scott,3.321273674
MS,Sharkey,1.000000045
MS,Simpson,0.545787239
MS,Smith,1.818890107
MS,Stone,24.28303085
MS,Sunflower,15.21478062
MS,Tallahatchie,33.99999875
MS,Tate,20.35976184
MS,Tippah,11.35269197
MS,Tishomingo,0
MS,Tunica,3.742388934
MS,Union,7.854758479
MS,Walthall,2.258951688
MS,Warren,27.20979317
MS,Washington,31.88394789
MS,Wayne,0
MS,Webster,0
MS,Wilkinson,3.000000007
MS,Winston,14.11339535
MS,Yalobusha,4.18294866
MS,Yazoo,10.50346283
MO,Adair,10.25823325
MO,Andrew,2.956673945
MO,Atchison,0
MO,Audrain,10.27242669
MO,Barry,26.45069363
MO,Barton,29.60682034
MO,Bates,6.815153789
MO,Benton,12.7661869
MO,Bollinger,14.45273773
MO,Boone,147.7756727
MO,Buchanan,77.72091916
MO,Butler,31.4596335
MO,Caldwell,8.211477775
MO,Callaway,45.03773954
MO,Camden,28.47900719
MO,Cape Girardeau,33.98711258
MO,Carroll,7.672563435
MO,Carter,28.2467603
MO,Cass,178.6714367
MO,Cedar,8.278015244
MO,Chariton,2.000000056
MO,Christian,91.43953371
MO,Clark,0
MO,Clay,306.1385147
MO,Clinton,8.457245984
MO,Cole,79.74197051
MO,Cooper,10.96582269
MO,Crawford,3.562086382
MO,Dade,3.36232437
MO,Dallas,17.77824757
MO,Daviess,5
MO,DeKalb,31.16999025
MO,Dent,24.89340691
MO,Douglas,36.67517633
MO,Dunklin,20.54365819
MO,Franklin,24.81575146
MO,Gasconade,0
MO,Gentry,0
MO,Greene,354.9523423
MO,Grundy,11.92488742
MO,Harrison,6.48876667
MO,Henry,26.63973442
MO,Hickory,8.825249253
MO,Holt,47.99999966
MO,Howard,15.51583131
MO,Howell,60.07132303
MO,Iron,9.388857042
MO,Jackson,652.5118913
MO,Jasper,452.4484894
MO,Jefferson,230.3572066
MO,Johnson,45.54396666
MO,Knox,1
MO,Laclede,44.53689697
MO,Lafayette,24.18064394
MO,Lawrence,21.02119276
MO,Lewis,14.39856137
MO,Lincoln,15.97845693
MO,Linn,6.942513938
MO,Livingston,1.730103079
MO,McDonald,34.23203929
MO,Macon,9.591976573
MO,Madison,2.000337187
MO,Maries,0
MO,Marion,5.321755447
MO,Mercer,17
MO,Miller,2.034867423
MO,Mississippi,0
MO,Moniteau,3.997663719
MO,Monroe,4.035276849
MO,Montgomery,2.000000021
MO,Morgan,1.057961654
MO,New Madrid,0.066201165
MO,Newton,178.1434435
MO,Nodaway,20.14179224
MO,Oregon,16.73573906
MO,Osage,4.185076249
MO,Ozark,26.61848236
MO,Pemiscot,2.963621169
MO,Perry,6.539245445
MO,Pettis,30.38603014
MO,Phelps,50.76121524
MO,Pike,10.01347524
MO,Platte,175.3491951
MO,Polk,6.817822331
MO,Pulaski,165.7280575
MO,Putnam,2.000000045
MO,Ralls,1.205413724
MO,Randolph,7.437494458
MO,Ray,20.86184074
MO,Reynolds,24.95275182
MO,Ripley,20.95479277
MO,St. Charles,271.9380106
MO,St. Clair,8.014968937
MO,Ste. Genevieve,10.86690109
MO,St. Francois,27.20489049
MO,St. Louis,467.736738
MO,Saline,19.34793501
MO,Schuyler,6.687962416
MO,Scotland,0.999999968
MO,Scott,19.05190382
MO,Shannon,6.836213098
MO,Shelby,3.862517522
MO,Stoddard,3.545645007
MO,Stone,0.258951902
MO,Sullivan,25.75112516
MO,Taney,140.1629954
MO,Texas,33.51043
MO,Vernon,43.31757622
MO,Warren,18.69225342
MO,Washington,7.439132592
MO,Wayne,17.93905975
MO,Webster,25.88881068
MO,Worth,0
MO,Wright,6.983943864
MO,St. Louis,31.44374859
MT,Beaverhead,33.43747758
MT,Big Horn,4477.904868
MT,Blaine,1337.009942
MT,Broadwater,19.13232243
MT,Carbon,27.5414641
MT,Carter,10.99999973
MT,Cascade,647.6870828
MT,Chouteau,1259.999977
MT,Custer,102.7511472
MT,Daniels,6.999999976
MT,Dawson,30.33627191
MT,Deer Lodge,16.36215956
MT,Fallon,1.999999925
MT,Fergus,19.53477762
MT,Flathead,107.8443477
MT,Gallatin,58.47666009
MT,Garfield,2.999999981
MT,Glacier,1744.634223
MT,Golden Valley,9.000000111
MT,Granite,3.257803278
MT,Hill,2474.013157
MT,Jefferson,20.67642441
MT,Judith Basin,7.979003106
MT,Lake,343.865075
MT,Lewis and Clark,292.5822569
MT,Liberty,2.99999992
MT,Lincoln,22.30165599
MT,McCone,3.591754521
MT,Madison,10.07417642
MT,Meagher,4.999999949
MT,Mineral,36.77001927
MT,Missoula,501.5608221
MT,Musselshell,20.04272817
MT,Park,46.02473925
MT,Petroleum,0
MT,Phillips,221.2663382
MT,Pondera,831.3468555
MT,Powder River,18.62468877
MT,Powell,18.24993772
MT,Prairie,1.999999949
MT,Ravalli,9.568807993
MT,Richland,53.51996891
MT,Roosevelt,3660.171529
MT,Rosebud,833.7997539
MT,Sanders,270.7756641
MT,Sheridan,23.96696949
MT,Silver Bow,29.11916439
MT,Stillwater,12.8552557
MT,Sweet Grass,1.341595486
MT,Teton,27.00000014
MT,Toole,69.79703464
MT,Treasure,6.00000006
MT,Valley,533.0008764
MT,Wheatland,10.00000004
MT,Wibaux,3.999999968
MT,Yellowstone,1244.123808
NE,Adams,31.92006447
NE,Antelope,0.999999959
NE,Arthur,2
NE,Banner,3.000000059
NE,Blaine,0
NE,Boone,0.513084002
NE,Box Butte,104.8168203
NE,Boyd,11.99999993
NE,Brown,0.580277934
NE,Buffalo,39.72185184
NE,Burt,6.786647566
NE,Butler,5.000000062
NE,Cass,25.0450093
NE,Cedar,3.280893906
NE,Chase,0
NE,Cherry,60.68859528
NE,Cheyenne,9.000000043
NE,Clay,11.00000017
NE,Colfax,5.689640963
NE,Cuming,0
NE,Custer,4.999999885
NE,Dakota,136.5532287
NE,Dawes,13.82594249
NE,Dawson,73.63145474
NE,Deuel,4.999999953
NE,Dixon,6.000000077
NE,Dodge,34.75725198
NE,Douglas,345.596433
NE,Dundy,5.000000006
NE,Fillmore,3
NE,Franklin,3.999999948
NE,Frontier,8.000000235
NE,Furnas,9.99999997
NE,Gage,29.2990741
NE,Garden,12.00000001
NE,Garfield,0
NE,Gosper,1
NE,Grant,1.000000017
NE,Greeley,5
NE,Hall,155.6331587
NE,Hamilton,1.839377999
NE,Harlan,0
NE,Hayes,1.999999983
NE,Hitchcock,11.99999983
NE,Holt,2
NE,Hooker,0
NE,Howard,6.000000179
NE,Jefferson,1.999999955
NE,Johnson,0
NE,Kearney,2.784755871
NE,Keith,4.219774504
NE,Keya Paha,0.999999996
NE,Kimball,5.40689791
NE,Knox,54.13028554
NE,Lancaster,228.4493284
NE,Lincoln,46.36224903
NE,Logan,1.000000029
NE,Loup,1.000000019
NE,McPherson,0
NE,Madison,79.20332432
NE,Merrick,12.98908316
NE,Morrill,23.99999992
NE,Nance,3.999999803
NE,Nemaha,0
NE,Nuckolls,0.99999997
NE,Otoe,0.679288554
NE,Pawnee,0
NE,Perkins,1
NE,Phelps,4.531817853
NE,Pierce,13.99999969
NE,Platte,45.16348621
NE,Polk,0.70804888
NE,Red Willow,26.09368165
NE,Richardson,21.47417159
NE,Rock,1.999999955
NE,Saline,3.582332753
NE,Sarpy,191.5271206
NE,Saunders,12.02091372
NE,Scotts Bluff,20.35886849
NE,Seward,7.469585693
NE,Sheridan,61.0665678
NE,Sherman,2.00000003
NE,Sioux,0.999999951
NE,Stanton,9.225525722
NE,Thayer,2.000000015
NE,Thomas,0.968160242
NE,Thurston,52.30407042
NE,Valley,0.999999955
NE,Washington,0.937467277
NE,Wayne,3.000000196
NE,Webster,1.997558531
NE,Wheeler,1.000000011
NE,York,5.236549567
NV,Churchill,242.0090434
NV,Clark,1866.792927
NV,Douglas,487.851555
NV,Elko,563.6483532
NV,Esmeralda,32.9999997
NV,Eureka,46.99999989
NV,Humboldt,453.5838954
NV,Lander,7.394460431
NV,Lincoln,55.4008641
NV,Lyon,285.9940783
NV,Mineral,703.2939444
NV,Nye,435.8097377
NV,Pershing,19.9999998
NV,Storey,1.058589734
NV,Washoe,1926.796532
NV,White Pine,120.7335745
NV,Carson City,204.396493
NH,Belknap,21.99037655
NH,Carroll,1.114270508
NH,Cheshire,20.12800754
NH,Coos,13.84318846
NH,Grafton,23.91551765
NH,Hillsborough,250.3047013
NH,Merrimack,92.65195152
NH,Rockingham,166.6315295
NH,Strafford,58.96076775
NH,Sullivan,13.17416676
NJ,Atlantic,258.8419103
NJ,Bergen,91.56236158
NJ,Burlington,371.4493369
NJ,Camden,220.0291187
NJ,Cape May,52.83399689
NJ,Cumberland,411.5972679
NJ,Essex,50.98732826
NJ,Gloucester,226.0318454
NJ,Hudson,4.498963058
NJ,Hunterdon,33.2131163
NJ,Mercer,235.7141214
NJ,Middlesex,452.0622419
NJ,Monmouth,226.7352745
NJ,Morris,167.5520475
NJ,Ocean,337.3560204
NJ,Passaic,201.1376657
NJ,Salem,27.30992491
NJ,Somerset,100.8780491
NJ,Sussex,68.53860293
NJ,Union,56.49753873
NJ,Warren,51.04915527
NM,Bernalillo,6939.137621
NM,Catron,99.00000051
NM,Chaves,229.9456802
NM,Cibola,6865.426738
NM,Colfax,134.4435344
NM,Curry,202.0130193
NM,De Baca,3.000000052
NM,Doña Ana,1059.839321
NM,Eddy,255.2862489
NM,Grant,120.9713604
NM,Guadalupe,47.94037607
NM,Harding,7.999999927
NM,Hidalgo,18.05034497
NM,Lea,99.65997565
NM,Lincoln,178.9100295
NM,Los Alamos,67.57807247
NM,Luna,90.80599917
NM,McKinley,36272.90423
NM,Mora,19.37643277
NM,Otero,298.9457691
NM,Quay,20.94974879
NM,Rio Arriba,1937.415835
NM,Roosevelt,79.48197734
NM,Sandoval,8356.505617
NM,San Juan,25152.17829
NM,San Miguel,232.709252
NM,Santa Fe,985.1049811
NM,Sierra,90.57169389
NM,Socorro,1715.162373
NM,Taos,800.7969774
NM,Torrance,141.8899507
NM,Union,3.999999967
NM,Valencia,1037.090789
NY,Albany,79.83248259
NY,Allegany,11.93418574
NY,Bronx,82.95507026
NY,Broome,41.56881938
NY,Cattaraugus,127.476434
NY,Cayuga,8.35112634
NY,Chautauqua,100.6076574
NY,Chemung,41.81319716
NY,Chenango,8.728991616
NY,Clinton,111.2326884
NY,Columbia,27.18346134
NY,Cortland,18.3023267
NY,Delaware,1.172634811
NY,Dutchess,181.570844
NY,Erie,646.5907718
NY,Essex,38.24272805
NY,Franklin,526.7902046
NY,Fulton,8.087657272
NY,Genesee,0.556763328
NY,Greene,51.48801684
NY,Hamilton,6.276705038
NY,Herkimer,28.36168496
NY,Jefferson,124.6427824
NY,Kings,0
NY,Lewis,10.85771507
NY,Livingston,30.05117085
NY,Madison,104.6169257
NY,Monroe,472.1765003
NY,Montgomery,23.05982108
NY,Nassau,95.84337687
NY,New York,0
NY,Niagara,254.2344323
NY,Oneida,95.22136151
NY,Onondaga,640.5974744
NY,Ontario,49.54980328
NY,Orange,358.752531
NY,Orleans,14.4910061
NY,Oswego,55.52425561
NY,Otsego,22.38786434
NY,Putnam,57.67642491
NY,Queens,10.10636277
NY,Rensselaer,67.91362879
NY,Richmond,6.081522741
NY,Rockland,178.9613645
NY,St. Lawrence,207.1610771
NY,Saratoga,87.49703136
NY,Schenectady,67.22874387
NY,Schoharie,28.75694501
NY,Schuyler,1.237825632
NY,Seneca,13.5905756
NY,Steuben,20.80644681
NY,Suffolk,1063.609224
NY,Sullivan,56.66814499
NY,Tioga,6.955454593
NY,Tompkins,34.51659517
NY,Ulster,189.0191999
NY,Warren,21.39755908
NY,Washington,14.66109368
NY,Wayne,26.39265625
NY,Westchester,151.5430341
NY,Wyoming,52.29881022
NY,Yates,1.628151504
NC,Alamance,250.1368672
NC,Alexander,10.34541753
NC,Alleghany,0.104861423
NC,Anson,4.250548582
NC,Ashe,0.216278717
NC,Avery,0.046075258
NC,Beaufort,37.63205312
NC,Bertie,3.707567858
NC,Bladen,26.86256531
NC,Brunswick,122.6906294
NC,Buncombe,231.2489117
NC,Burke,102.6399741
NC,Cabarrus,117.627043
NC,Caldwell,109.5867468
NC,Camden,2.106299839
NC,Carteret,67.91041054
NC,Caswell,1.25050518
NC,Catawba,103.1146821
NC,Chatham,32.00112751
NC,Cherokee,17.10167319
NC,Chowan,15.47179108
NC,Clay,0.686614483
NC,Cleveland,38.43864504
NC,Columbus,37.58233582
NC,Craven,131.4358676
NC,Cumberland,1489.348368
NC,Currituck,7.154382977
NC,Dare,27.98768139
NC,Davidson,145.7048403
NC,Davie,20.10516137
NC,Duplin,1.699031219
NC,Durham,294.8357025
NC,Edgecombe,23.05002348
NC,Forsyth,560.0986852
NC,Franklin,31.34136782
NC,Gaston,259.7923328
NC,Gates,0
NC,Graham,2.857832116
NC,Granville,120.0521788
NC,Greene,
NC,Guilford,521.2566038
NC,Halifax,1655.904918
NC,Harnett,116.3059292
NC,Haywood,66.96313219
NC,Henderson,74.85168914
NC,Hertford,34.21326356
NC,Hoke,232.1016105
NC,Hyde,22.00000007
NC,Iredell,99.1842803
NC,Jackson,56.88114601
NC,Johnston,36.87087978
NC,Jones,0.004468394
NC,Lee,49.47157393
NC,Lenoir,38.19801289
NC,Lincoln,24.58790425
NC,McDowell,7.706383645
NC,Macon,10.30259213
NC,Madison,9.1696283
NC,Martin,4.764982111
NC,Mecklenburg,774.4640581
NC,Mitchell,
NC,Montgomery,0.031841237
NC,Moore,92.99598773
NC,Nash,130.7130604
NC,New Hanover,295.890917
NC,Northampton,10.48890196
NC,Onslow,394.0325065
NC,Orange,109.2775882
NC,Pamlico,0.130846351
NC,Pasquotank,40.78082181
NC,Pender,5.934735273
NC,Perquimans,1.620059719
NC,Person,84.3598315
NC,Pitt,81.84411417
NC,Polk,0
NC,Randolph,194.0584849
NC,Richmond,145.5528201
NC,Robeson,3398.717417
NC,Rockingham,91.90710398
NC,Rowan,80.91418597
NC,Rutherford,33.63570077
NC,Sampson,29.31273899
NC,Scotland,432.2950699
NC,Stanly,14.08519087
NC,Stokes,19.87832508
NC,Surry,11.6609047
NC,Swain,0.925888165
NC,Transylvania,6.997257984
NC,Tyrrell,0
NC,Union,122.9593334
NC,Vance,6.496099306
NC,Wake,997.557139
NC,Warren,740.5711615
NC,Washington,6.157569177
NC,Watauga,8.366917719
NC,Wayne,81.05340421
NC,Wilkes,10.72714617
NC,Wilson,12.15685529
NC,Yadkin,0.695537925
NC,Yancey,1.071348759
ND,Adams,2.99999989
ND,Barnes,15.31677757
ND,Benson,248.4205709
ND,Billings,2.99999993
ND,Bottineau,24.31369662
ND,Bowman,9.000000119
ND,Burke,15.00000009
ND,Burleigh,597.1112664
ND,Cass,142.2881338
ND,Cavalier,10.1257192
ND,Dickey,1.000000004
ND,Divide,5.999999969
ND,Dunn,416.5117893
ND,Eddy,34.99999957
ND,Emmons,6.999999955
ND,Foster,1
ND,Golden Valley,10.00000007
ND,Grand Forks,275.9352883
ND,Grant,17.99999984
ND,Griggs,3.927018282
ND,Hettinger,51.99999841
ND,Kidder,6.00000009
ND,LaMoure,2.99999994
ND,Logan,3.905135429
ND,McHenry,25.0000001
ND,McIntosh,1.999999969
ND,McKenzie,742.7135598
ND,McLean,539.8480997
ND,Mercer,70.22523436
ND,Morton,150.6106562
ND,Mountrail,66.62373805
ND,Nelson,29.99999986
ND,Oliver,27.99999991
ND,Pembina,16.00000007
ND,Pierce,1
ND,Ramsey,55.82867134
ND,Ransom,0
ND,Renville,1
ND,Richland,53.64700679
ND,Rolette,287.3614547
ND,Sargent,3
ND,Sheridan,12.00000002
ND,Sioux,1229.337831
ND,Slope,15.99999997
ND,Stark,38.10307718
ND,Steele,22.89541948
ND,Stutsman,80.92934364
ND,Towner,17.55543965
ND,Traill,8.999999891
ND,Walsh,5.796449253
ND,Ward,589.9898381
ND,Wells,2.999999981
ND,Williams,352.2895519
OH,Adams,11.75877564
OH,Allen,24.64473974
OH,Ashland,0.422550618
OH,Ashtabula,88.74457276
OH,Athens,35.55831315
OH,Auglaize,3.493449807
OH,Belmont,13.26140937
OH,Brown,5.665027277
OH,Butler,213.618675
OH,Carroll,3.033596223
OH,Champaign,2.416661352
OH,Clark,105.4438062
OH,Clermont,151.5403301
OH,Clinton,18.94472913
OH,Columbiana,65.82054143
OH,Coshocton,15.52742491
OH,Crawford,17.62774491
OH,Cuyahoga,291.5912075
OH,Darke,8.599557603
OH,Defiance,22.19718545
OH,Delaware,64.4190764
OH,Erie,51.33467926
OH,Fairfield,52.82286
OH,Fayette,3.152429869
OH,Franklin,650.8723952
OH,Fulton,21.0226247
OH,Gallia,26.37509325
OH,Geauga,12.21023316
OH,Greene,137.9009223
OH,Guernsey,17.99380822
OH,Hamilton,371.5694238
OH,Hancock,24.84214914
OH,Hardin,2.898146657
OH,Harrison,0.650305846
OH,Henry,9.754048186
OH,Highland,8.177799489
OH,Hocking,20.37966177
OH,Holmes,0
OH,Huron,9.851456542
OH,Jackson,3.342802375
OH,Jefferson,21.09648478
OH,Knox,30.17749183
OH,Lake,68.88837907
OH,Lawrence,16.50181817
OH,Licking,105.9741798
OH,Logan,11.75189145
OH,Lorain,241.4087356
OH,Lucas,186.5369213
OH,Madison,24.25414466
OH,Mahoning,123.7136497
OH,Marion,38.24424539
OH,Medina,44.70051036
OH,Meigs,17.1293381
OH,Mercer,3.754970953
OH,Miami,15.49987747
OH,Monroe,1.455586926
OH,Montgomery,298.213398
OH,Morgan,6.84842839
OH,Morrow,0
OH,Muskingum,62.8091036
OH,Noble,11.12919819
OH,Ottawa,16.31549088
OH,Paulding,2.666727794
OH,Perry,2.141726087
OH,Pickaway,12.88653815
OH,Pike,26.34108151
OH,Portage,86.49429187
OH,Preble,0.958690003
OH,Putnam,11.71695596
OH,Richland,60.79367495
OH,Ross,20.84201572
OH,Sandusky,13.47162952
OH,Scioto,82.8640624
OH,Seneca,21.51649658
OH,Shelby,17.50820539
OH,Stark,253.7471038
OH,Summit,284.4712003
OH,Trumbull,75.76436936
OH,Tuscarawas,56.76864036
OH,Union,14.44798395
OH,Van Wert,7.076152112
OH,Vinton,16.08533581
OH,Warren,118.9271934
OH,Washington,14.43318917
OH,Wayne,31.53142751
OH,Williams,20.10546894
OH,Wood,105.1101487
OH,Wyandot,2.388670146
OK,Adair,732.2498332
OK,Alfalfa,113.2114507
OK,Atoka,798.6593161
OK,Beaver,25.0000003
OK,Beckham,87.50199381
OK,Blaine,562.4566145
OK,Bryan,1227.450461
OK,Caddo,1701.40624
OK,Canadian,1361.273781
OK,Carter,487.9304182
OK,Cherokee,3627.238301
OK,Choctaw,1179.249292
OK,Cimarron,4.50538261
OK,Cleveland,1977.728317
OK,Coal,313.9430295
OK,Comanche,1528.24754
OK,Cotton,507.0092624
OK,Craig,554.0558143
OK,Creek,1418.905159
OK,Custer,564.1425706
OK,Delaware,2274.83253
OK,Dewey,276.9999994
OK,Ellis,67.00000006
OK,Garfield,209.4440898
OK,Garvin,447.7239474
OK,Grady,366.5993298
OK,Grant,52.89839967
OK,Greer,6.28241293
OK,Harmon,0
OK,Harper,11.00000002
OK,Haskell,741.132748
OK,Hughes,628.2979026
OK,Jackson,93.73661685
OK,Jefferson,82.60133015
OK,Johnston,743.4784993
OK,Kay,1293.477068
OK,Kingfisher,95.0780452
OK,Kiowa,387.0037025
OK,Latimer,701.0174939
OK,Le Flore,1132.625681
OK,Lincoln,137.7874444
OK,Logan,283.3976941
OK,Love,114.4166443
OK,McClain,258.498152
OK,McCurtain,1019.7226
OK,McIntosh,540.3736808
OK,Major,15.3850902
OK,Marshall,390.5792894
OK,Mayes,753.2675757
OK,Murray,95.47710925
OK,Muskogee,1674.790946
OK,Noble,589.6514665
OK,Nowata,450.8011595
OK,Okfuskee,278.5654987
OK,Oklahoma,4655.721888
OK,Okmulgee,1507.46771
OK,Osage,1793.507124
OK,Ottawa,826.8477888
OK,Pawnee,18.79827289
OK,Payne,808.9992155
OK,Pittsburg,2638.551204
OK,Pontotoc,1341.361461
OK,Pottawatomie,1666.258377
OK,Pushmataha,944.6583986
OK,Roger Mills,174.2836901
OK,Rogers,1826.003718
OK,Seminole,465.3308925
OK,Sequoyah,733.6853335
OK,Stephens,367.4787983
OK,Texas,109.419191
OK,Tillman,98.40174975
OK,Tulsa,8913.159096
OK,Wagoner,1848.352847
OK,Washington,1790.074879
OK,Washita,165.8810672
OK,Woods,55.06418684
OK,Woodward,216.6164239
OR,Baker,98.5151111
OR,Benton,181.0109085
OR,Clackamas,354.0796095
OR,Clatsop,80.12361727
OR,Columbia,77.78044701
OR,Coos,177.5122759
OR,Crook,56.25886555
OR,Curry,62.51419309
OR,Deschutes,180.3976037
OR,Douglas,524.7977135
OR,Gilliam,12.00000023
OR,Grant,36.00000023
OR,Harney,48.97540804
OR,Hood River,6.696064462
OR,Jackson,400.1357714
OR,Jefferson,2066.855994
OR,Josephine,182.5557703
OR,Klamath,1194.293589
OR,Lake,77.46048384
OR,Lane,746.9166899
OR,Lincoln,172.8828764
OR,Linn,327.1628748
OR,Malheur,63.15480176
OR,Marion,799.0636452
OR,Morrow,51.47475094
OR,Multnomah,513.5605888
OR,Polk,633.1315571
OR,Sherman,15.35053308
OR,Tillamook,23.91469221
OR,Umatilla,674.8958906
OR,Union,41.05984911
OR,Wallowa,4.322483434
OR,Wasco,832.8282282
OR,Washington,313.0494433
OR,Wheeler,18
OR,Yamhill,323.2477909
PA,Adams,20.48404417
PA,Allegheny,349.4705465
PA,Armstrong,3.050329056
PA,Beaver,58.06615535
PA,Bedford,15.15455073
PA,Berks,109.3571733
PA,Blair,30.1265156
PA,Bradford,12.37898578
PA,Bucks,258.4764084
PA,Butler,20.35358478
PA,Cambria,45.02026015
PA,Cameron,1.998964846
PA,Carbon,11.56977083
PA,Centre,29.75559048
PA,Chester,405.5434226
PA,Clarion,3.49612164
PA,Clearfield,10.30562509
PA,Clinton,4.380484131
PA,Columbia,4.727855059
PA,Crawford,15.05665662
PA,Cumberland,81.18775215
PA,Dauphin,160.0276165
PA,Delaware,90.03500248
PA,Elk,1.252774726
PA,Erie,135.64929
PA,Fayette,39.27141405
PA,Forest,0.037465906
PA,Franklin,37.34788952
PA,Fulton,4.931409288
PA,Greene,9.233673415
PA,Huntingdon,1.418722751
PA,Indiana,33.65801843
PA,Jefferson,5.85479622
PA,Juniata,15.02280178
PA,Lackawanna,36.91990509
PA,Lancaster,198.7981616
PA,Lawrence,30.60185022
PA,Lebanon,17.80280566
PA,Lehigh,122.8382852
PA,Luzerne,45.13975439
PA,Lycoming,42.48527988
PA,McKean,3.644511065
PA,Mercer,15.83044784
PA,Mifflin,2.401810642
PA,Monroe,209.916084
PA,Montgomery,255.7072082
PA,Montour,2.036387696
PA,Northampton,103.586509
PA,Northumberland,14.60655508
PA,Perry,5.621157637
PA,Philadelphia,25.6904486
PA,Pike,18.03993241
PA,Potter,4.549372534
PA,Schuylkill,17.78782904
PA,Snyder,3.709064137
PA,Somerset,15.19357519
PA,Sullivan,6.599595858
PA,Susquehanna,1.039456904
PA,Tioga,10.11669043
PA,Union,104.7978274
PA,Venango,5.940980188
PA,Warren,5.575537298
PA,Washington,58.56264466
PA,Wayne,7.82564323
PA,Westmoreland,97.3741327
PA,Wyoming,0.036258187
PA,York,182.9073606
RI,Bristol,45.17349796
RI,Kent,122.0387056
RI,Newport,60.59167058
RI,Providence,208.2771148
RI,Washington,330.7773593
SC,Abbeville,0.022883667
SC,Aiken,112.2231251
SC,Allendale,2.673485594
SC,Anderson,106.8517474
SC,Bamberg,18.28479768
SC,Barnwell,0.392439038
SC,Beaufort,169.1407174
SC,Berkeley,298.8169148
SC,Calhoun,0
SC,Charleston,219.4343029
SC,Cherokee,19.32194164
SC,Chester,24.26850438
SC,Chesterfield,43.42679852
SC,Clarendon,12.62200876
SC,Colleton,151.9758722
SC,Darlington,39.80109492
SC,Dillon,69.07368959
SC,Dorchester,152.5685712
SC,Edgefield,8.195593135
SC,Fairfield,13.55441806
SC,Florence,77.20484574
SC,Georgetown,32.35248348
SC,Greenville,469.1799565
SC,Greenwood,41.249957
SC,Hampton,8.085423012
SC,Horry,188.8322903
SC,Jasper,6.735599957
SC,Kershaw,26.19664251
SC,Lancaster,34.25078095
SC,Laurens,25.33552026
SC,Lee,5.158411839
SC,Lexington,257.2890787
SC,McCormick,0
SC,Marion,5.821431635
SC,Marlboro,402.2265754
SC,Newberry,34.89433749
SC,Oconee,30.60282791
SC,Orangeburg,19.89325802
SC,Pickens,72.33882346
SC,Richland,382.7637844
SC,Saluda,11.392279
SC,Spartanburg,260.9748523
SC,Sumter,93.48075168
SC,Union,2.927168034
SC,Williamsburg,11.29956785
SC,York,280.9295716
SD,Aurora,38.99999902
SD,Beadle,26.19123139
SD,Bennett,2005.381053
SD,Bon Homme,7.370283774
SD,Brookings,128.1408313
SD,Brown,278.5048117
SD,Brule,39.09561279
SD,Buffalo,1603.101301
SD,Butte,50.00000019
SD,Campbell,4.999999808
SD,Charles Mix,133.3460817
SD,Clark,2.000000046
SD,Clay,125.2786292
SD,Codington,142.6798491
SD,Corson,2343.579613
SD,Custer,69.13929824
SD,Davison,108.4984386
SD,Day,495.5355473
SD,Deuel,12.00000033
SD,Dewey,1178.881797
SD,Douglas,52.10143801
SD,Edmunds,6.999999938
SD,Fall River,136.4035287
SD,Faulk,0
SD,Grant,14.00000002
SD,Gregory,184.4873172
SD,Haakon,16.69247647
SD,Hamlin,19.00000021
SD,Hand,0
SD,Hanson,1.140963541
SD,Harding,18.99999978
SD,Hughes,464.0324343
SD,Hutchinson,0.294087995
SD,Hyde,119.9999996
SD,Jackson,1259.942695
SD,Jerauld,4.999999996
SD,Jones,20.00000012
SD,Kingsbury,15.00002072
SD,Lake,5.999999686
SD,Lawrence,119.1895701
SD,Lincoln,26.04844356
SD,Lyman,1400.764139
SD,McCook,14.12446161
SD,McPherson,1
SD,Marshall,335.4078383
SD,Meade,165.0157041
SD,Mellette,1107.108759
SD,Miner,1.000000027
SD,Minnehaha,797.2708991
SD,Moody,886.0582069
SD,Pennington,1994.242511
SD,Perkins,15.00000002
SD,Potter,19.99999998
SD,Roberts,564.8787163
SD,Sanborn,5.999999944
SD,Shannon,10348.13834
SD,Spink,11.99999958
SD,Stanley,31.03597699
SD,Sully,15.99999992
SD,Todd,1667.269524
SD,Tripp,137.9013338
SD,Turner,0.071016708
SD,Union,30.48354897
SD,Walworth,62.27017196
SD,Yankton,162.9232057
SD,Ziebach,774.3033161
TN,Anderson,83.9436498
TN,Bedford,26.33924631
TN,Benton,11.95914941
TN,Bledsoe,1.05552547
TN,Blount,155.3133353
TN,Bradley,89.18729034
TN,Campbell,17.87834128
TN,Cannon,0.870239576
TN,Carroll,37.26792855
TN,Carter,51.21044817
TN,Cheatham,0.145485125
TN,Chester,8.233372298
TN,Claiborne,27.54059757
TN,Clay,0
TN,Cocke,27.62215229
TN,Coffee,33.09103818
TN,Crockett,0.490918861
TN,Cumberland,40.64402345
TN,Davidson,393.8402066
TN,Decatur,6.943274957
TN,DeKalb,0.006544205
TN,Dickson,16.52393945
TN,Dyer,18.37739431
TN,Fayette,3.537374672
TN,Fentress,0.113982617
TN,Franklin,30.14804516
TN,Gibson,15.9032443
TN,Giles,10.51618381
TN,Grainger,0
TN,Greene,10.53282346
TN,Grundy,0.46383351
TN,Hamblen,108.9968915
TN,Hamilton,402.9637865
TN,Hancock,0
TN,Hardeman,12.43035448
TN,Hardin,4.102571376
TN,Hawkins,21.17602995
TN,Haywood,4.000141618
TN,Henderson,5.218592148
TN,Henry,23.43658011
TN,Hickman,10.03350664
TN,Houston,2.954321969
TN,Humphreys,12.48518711
TN,Jackson,0
TN,Jefferson,13.86005002
TN,Johnson,6.342513178
TN,Knox,450.2727346
TN,Lake,0
TN,Lauderdale,8.336661812
TN,Lawrence,23.40738503
TN,Lewis,1.906980499
TN,Lincoln,17.49699754
TN,Loudon,35.49124954
TN,McMinn,21.10884099
TN,McNairy,3.782298511
TN,Macon,1.766437694
TN,Madison,39.83530707
TN,Marion,10.79686245
TN,Marshall,7.640498306
TN,Maury,37.57855322
TN,Meigs,0
TN,Monroe,4.73188441
TN,Montgomery,311.2196999
TN,Moore,5.163394924
TN,Morgan,25.50193699
TN,Obion,4.093343762
TN,Overton,0.177291221
TN,Perry,16.13159358
TN,Pickett,0
TN,Polk,0
TN,Putnam,60.3768149
TN,Rhea,13.9128006
TN,Roane,61.79992212
TN,Robertson,17.78974314
TN,Rutherford,205.360467
TN,Scott,0.107981505
TN,Sequatchie,0.010021946
TN,Sevier,41.74972228
TN,Shelby,675.5613535
TN,Smith,0.609378465
TN,Stewart,0.540756984
TN,Sullivan,148.0573895
TN,Sumner,150.5330851
TN,Tipton,32.16315233
TN,Trousdale,
TN,Unicoi,11.60376597
TN,Union,0
TN,Van Buren,0
TN,Warren,13.38109119
TN,Washington,73.16871709
TN,Wayne,9.747435524
TN,Weakley,13.74141561
TN,White,9.552908804
TN,Williamson,100.7082591
TN,Wilson,91.08053496
TX,Anderson,54.99526487
TX,Andrews,42.68778857
TX,Angelina,102.2421965
TX,Aransas,76.78456033
TX,Archer,6.364067762
TX,Armstrong,15.00000001
TX,Atascosa,60.95333961
TX,Austin,17.70065727
TX,Bailey,4.762526657
TX,Bandera,46.75952747
TX,Bastrop,235.8846203
TX,Baylor,0.76080054
TX,Bee,61.60742835
TX,Bell,833.0797777
TX,Bexar,3730.127166
TX,Blanco,3.670045307
TX,Borden,2.000000019
TX,Bosque,7.959603416
TX,Bowie,164.9968483
TX,Brazoria,386.0379376
TX,Brazos,210.7288798
TX,Brewster,44.35039944
TX,Briscoe,2.999999964
TX,Brooks,7.221487941
TX,Brown,70.75548324
TX,Burleson,20.54563462
TX,Burnet,120.2242099
TX,Caldwell,29.89332115
TX,Calhoun,44.32484449
TX,Callahan,20.86011525
TX,Cameron,434.6370993
TX,Camp,6.202152716
TX,Carson,8.956263201
TX,Cass,6.836810543
TX,Castro,9.409515801
TX,Chambers,61.81065345
TX,Cherokee,28.64180696
TX,Childress,19.26443553
TX,Clay,64.25978312
TX,Cochran,11.55471904
TX,Coke,37.00000019
TX,Coleman,4.183043918
TX,Collin,585.271646
TX,Collingsworth,5.891292544
TX,Colorado,14.17488306
TX,Comal,144.7130535
TX,Comanche,15.65353239
TX,Concho,8.999999976
TX,Cooke,37.36974478
TX,Coryell,342.2519643
TX,Cottle,4.999999762
TX,Crane,2.533058941
TX,Crockett,0.094024032
TX,Crosby,4.000000107
TX,Culberson,1.999999951
TX,Dallam,26.87072031
TX,Dallas,2620.725531
TX,Dawson,27.1641402
TX,Deaf Smith,33.5499341
TX,Delta,2.030448727
TX,Denton,1027.624359
TX,DeWitt,8.518155699
TX,Dickens,3.999999948
TX,Dimmit,15.46501347
TX,Donley,0
TX,Duval,9.451221375
TX,Eastland,12.52055149
TX,Ector,285.4753778
TX,Edwards,9.999999862
TX,Ellis,172.4156274
TX,El Paso,1169.922543
TX,Erath,109.6514933
TX,Falls,6.762392375
TX,Fannin,89.02792052
TX,Fayette,45.77069715
TX,Fisher,3.630375718
TX,Floyd,2.999999991
TX,Foard,2.999999993
TX,Fort Bend,587.815448
TX,Franklin,6.413280461
TX,Freestone,17.04318015
TX,Frio,3.981954257
TX,Gaines,0.246871129
TX,Galveston,509.4229771
TX,Garza,1.708066948
TX,Gillespie,34.49445183
TX,Glasscock,4.00000003
TX,Goliad,17.22860756
TX,Gonzales,51.49934076
TX,Gray,69.70764655
TX,Grayson,349.4927743
TX,Gregg,138.2263678
TX,Grimes,61.15900452
TX,Guadalupe,276.6141303
TX,Hale,76.02509701
TX,Hall,2.99999992
TX,Hamilton,12.6909083
TX,Hansford,51.39930286
TX,Hardeman,11.04119659
TX,Hardin,73.27372051
TX,Harris,4714.186116
TX,Harrison,56.77784572
TX,Hartley,7.000000083
TX,Haskell,12.79774574
TX,Hays,222.8122408
TX,Hemphill,0.999999998
TX,Henderson,124.2932601
TX,Hidalgo,749.8819756
TX,Hill,4.524219018
TX,Hockley,106.6156904
TX,Hood,141.0819711
TX,Hopkins,27.12564606
TX,Houston,38.22498246
TX,Howard,154.5513689
TX,Hudspeth,37.99999941
TX,Hunt,82.13793167
TX,Hutchinson,102.3370085
TX,Irion,7.000000174
TX,Jack,26.68186151
TX,Jackson,18.51413062
TX,Jasper,21.60965884
TX,Jeff Davis,5.695198019
TX,Jefferson,259.650561
TX,Jim Hogg,9.076804962
TX,Jim Wells,30.47854727
TX,Johnson,269.4026182
TX,Jones,26.63907782
TX,Karnes,10.92492344
TX,Kaufman,72.3249085
TX,Kendall,29.55254998
TX,Kenedy,5.999999925
TX,Kent,6.999999888
TX,Kerr,107.9550895
TX,Kimble,9.939512521
TX,King,3.000000091
TX,Kinney,0
TX,Kleberg,52.76138513
TX,Knox,11.17193966
TX,Lamar,205.2139627
TX,Lamb,0
TX,Lampasas,25.34821181
TX,La Salle,22.84793934
TX,Lavaca,13.5030165
TX,Lee,4.010321162
TX,Leon,11.5428873
TX,Liberty,84.90527904
TX,Limestone,40.24104949
TX,Lipscomb,37.00000022
TX,Live Oak,10.10903515
TX,Llano,46.55616119
TX,Loving,4.000000067
TX,Lubbock,363.5433841
TX,Lynn,20.98555051
TX,McCulloch,23.95403838
TX,McLennan,591.1573208
TX,McMullen,0
TX,Madison,13.19244116
TX,Marion,8.212997538
TX,Martin,1.750124152
TX,Mason,6.304397235
TX,Matagorda,46.85297089
TX,Maverick,145.4692075
TX,Medina,62.31906614
TX,Menard,0.999999984
TX,Midland,270.5154323
TX,Milam,38.41938087
TX,Mills,4.495790535
TX,Mitchell,2.424895464
TX,Montague,20.83852284
TX,Montgomery,713.5063938
TX,Moore,132.0744755
TX,Morris,2.134007989
TX,Motley,0
TX,Nacogdoches,110.4098467
TX,Navarro,42.42419815
TX,Newton,33.04289739
TX,Nolan,18.85478957
TX,Nueces,657.3763101
TX,Ochiltree,11.36199043
TX,Oldham,12.99999997
TX,Orange,117.6558518
TX,Palo Pinto,70.81075415
TX,Panola,19.35055408
TX,Parker,149.6564097
TX,Parmer,41.49864342
TX,Pecos,20.65738674
TX,Polk,649.8615525
TX,Potter,196.3273869
TX,Presidio,41.00000013
TX,Rains,
TX,Randall,105.9293307
TX,Reagan,1.999999994
TX,Real,36.99999985
TX,Red River,60.47864771
TX,Reeves,28.89103486
TX,Refugio,13.61635314
TX,Roberts,3.000000049
TX,Robertson,22.10172485
TX,Rockwall,86.9408553
TX,Runnels,27.81242955
TX,Rusk,80.9774668
TX,Sabine,6.597223934
TX,San Augustine,2.148536261
TX,San Jacinto,8.820936079
TX,San Patricio,78.81855365
TX,San Saba,15.99999957
TX,Schleicher,0
TX,Scurry,42.83453682
TX,Shackelford,3
TX,Shelby,5.251813846
TX,Sherman,6.99999979
TX,Smith,221.7818097
TX,Somervell,0
TX,Starr,24.45266958
TX,Stephens,10.55994369
TX,Sterling,23.0000003
TX,Stonewall,1.227170158
TX,Sutton,6.999999898
TX,Swisher,15.77214818
TX,Tarrant,2856.724834
TX,Taylor,301.9811404
TX,Terrell,9.000000135
TX,Terry,36.2303902
TX,Throckmorton,11.99999982
TX,Titus,38.7538471
TX,Tom Green,380.3642006
TX,Travis,1978.144329
TX,Trinity,6.340958635
TX,Tyler,61.86168868
TX,Upshur,43.8082557
TX,Upton,22.00000019
TX,Uvalde,64.99041883
TX,Val Verde,104.176494
TX,Van Zandt,47.41121674
TX,Victoria,158.716391
TX,Walker,78.75836188
TX,Waller,23.26346562
TX,Ward,11.29433969
TX,Washington,8.973245813
TX,Webb,217.3755602
TX,Wharton,34.32036093
TX,Wheeler,3.00000016
TX,Wichita,473.8494865
TX,Wilbarger,40.17370356
TX,Willacy,0.072549976
TX,Williamson,891.5297564
TX,Wilson,6.641493638
TX,Winkler,0.800348997
TX,Wise,28.62295618
TX,Wood,32.80476587
TX,Yoakum,7.605649755
TX,Young,66.96546446
TX,Zapata,30.5641356
TX,Zavala,15.47084611
UT,Beaver,1.015957531
UT,Box Elder,77.48879333
UT,Cache,127.0447077
UT,Carbon,87.036954
UT,Daggett,7.99999992
UT,Davis,311.4133901
UT,Duchesne,83.40057613
UT,Emery,2.000000012
UT,Garfield,50.99999876
UT,Grand,56.93131842
UT,Iron,406.4331077
UT,Juab,69.9046273
UT,Kane,73.61415708
UT,Millard,45.16026893
UT,Morgan,0
UT,Piute,5.000000008
UT,Rich,15.99999927
UT,Salt Lake,782.6281859
UT,San Juan,6333.119546
UT,Sanpete,28.7899286
UT,Sevier,6.730648774
UT,Summit,29.59758337
UT,Tooele,243.6688873
UT,Uintah,523.2099689
UT,Utah,546.6826321
UT,Wasatch,9.597184278
UT,Washington,378.8967546
UT,Wayne,8.999999904
UT,Weber,282.7731641
VT,Addison,2.063574698
VT,Bennington,16.46413688
VT,Caledonia,6.55592332
VT,Chittenden,63.82789561
VT,Essex,12.9785381
VT,Franklin,12.15347023
VT,Grand Isle,0.356399975
VT,Lamoille,2.452005782
VT,Orange,10.19243198
VT,Orleans,21.42847298
VT,Rutland,16.19690284
VT,Washington,13.60997821
VT,Windham,12.68246899
VT,Windsor,9.08258123
VA,Accomack,1.64804623
VA,Albemarle,36.43619348
VA,Alleghany,2.447965524
VA,Amelia,14.06157041
VA,Amherst,25.28737393
VA,Appomattox,0.048141181
VA,Arlington,11.51307875
VA,Augusta,22.03581243
VA,Bath,0.121222789
VA,Bedford,15.69280114
VA,Bland,0.963514753
VA,Botetourt,32.71176274
VA,Brunswick,2.824432286
VA,Buchanan,
VA,Buckingham,4.837985297
VA,Campbell,21.74235151
VA,Caroline,3.582760065
VA,Carroll,3.126007757
VA,Charles City,0
VA,Charlotte,16.00000023
VA,Chesterfield,414.4224963
VA,Clarke,0.141789335
VA,Craig,0.076897375
VA,Culpeper,6.42223998
VA,Cumberland,23.85203648
VA,Dickenson,
VA,Dinwiddie,35.55537319
VA,Essex,21.98325478
VA,Fairfax,524.7141457
VA,Fauquier,25.49374446
VA,Floyd,3.501836188
VA,Fluvanna,14.31202037
VA,Franklin,15.60825043
VA,Frederick,38.80829632
VA,Giles,0
VA,Gloucester,11.62864774
VA,Goochland,13.6711523
VA,Grayson,7.206990064
VA,Greene,0
VA,Greensville,1.496973068
VA,Halifax,33.76918618
VA,Hanover,71.62806497
VA,Henrico,164.5279062
VA,Henry,14.48463022
VA,Highland,5.000000086
VA,Isle of Wight,17.16420576
VA,James City,78.47274785
VA,King and Queen,17.55401935
VA,King George,
VA,King William,14.72117523
VA,Lancaster,1.000000019
VA,Lee,0
VA,Loudoun,74.5317283
VA,Louisa,7.290628576
VA,Lunenburg,0
VA,Madison,0.488670919
VA,Mathews,0
VA,Mecklenburg,5.92167253
VA,Middlesex,0
VA,Montgomery,31.88103361
VA,Nelson,3.999999935
VA,New Kent,0
VA,Northampton,1.990817428
VA,Northumberland,0.999999975
VA,Nottoway,28.64832688
VA,Orange,29.44568193
VA,Page,3.174043193
VA,Patrick,5.370231845
VA,Pittsylvania,31.65847217
VA,Powhatan,0.95651254
VA,Prince Edward,24.84978691
VA,Prince George,87.65611397
VA,Prince William,448.0149834
VA,Pulaski,11.7647626
VA,Rappahannock,13.09466733
VA,Richmond,0.044507507
VA,Roanoke,30.48930684
VA,Rockbridge,30.09743397
VA,Rockingham,51.99390125
VA,Russell,6.991994312
VA,Scott,8.709602845
VA,Shenandoah,8.345912609
VA,Smyth,6.281970413
VA,Southampton,11.90520494
VA,Spotsylvania,85.29041975
VA,Stafford,140.8539214
VA,Surry,7.425610274
VA,Sussex,13.01326016
VA,Tazewell,6.928073329
VA,Warren,11.65875362
VA,Washington,8.946645141
VA,Westmoreland,4.083516543
VA,Wise,4.589004129
VA,Wythe,1.406928043
VA,York,64.52510933
VA,Alexandria,
VA,Bedford,0
VA,Bristol,23.43997354
VA,Buena Vista,63.97871042
VA,Charlottesville,2.547286041
VA,Chesapeake,161.3934593
VA,Colonial Heights,11.64749805
VA,Covington,1.05001286
VA,Danville,8.58625234
VA,Emporia,0.10351108
VA,Fairfax,3.531815648
VA,Falls Church,
VA,Franklin,13.43266972
VA,Fredericksburg,16.06552176
VA,Galax,0
VA,Hampton,167.410451
VA,Harrisonburg,1.43897292
VA,Hopewell,37.81596941
VA,Lexington,0
VA,Lynchburg,44.25466763
VA,Manassas,16.81930965
VA,Manassas Park,25.17468338
VA,Martinsville,7.834082442
VA,Newport News,186.3707646
VA,Norfolk,256.0637346
VA,Norton,0
VA,Petersburg,30.46254571
VA,Poquoson,10.70500221
VA,Portsmouth,62.91977061
VA,Radford,6.799351876
VA,Richmond,165.5499618
VA,Roanoke,55.23437801
VA,Salem,28.20884962
VA,Staunton,3.129702554
VA,Suffolk,65.71274604
VA,Virginia Beach,245.4469769
VA,Waynesboro,6.907790567
VA,Williamsburg,2.555964729
VA,Winchester,10.13626936
WA,Adams,31.45456885
WA,Asotin,50.28007413
WA,Benton,297.1958065
WA,Chelan,128.2359016
WA,Clallam,1938.467535
WA,Clark,602.5993881
WA,Columbia,11.01125319
WA,Cowlitz,278.2043733
WA,Douglas,129.5929072
WA,Ferry,1161.974253
WA,Franklin,125.4024819
WA,Garfield,5.9999999
WA,Grant,244.5916277
WA,Grays Harbor,1455.028189
WA,Island,182.4426883
WA,Jefferson,365.3067319
WA,King,2427.871958
WA,Kitsap,1122.199171
WA,Kittitas,83.10909584
WA,Klickitat,127.7682246
WA,Lewis,315.042925
WA,Lincoln,97.37767518
WA,Mason,135.5446839
WA,Okanogan,538.9158132
WA,Pacific,186.3650106
WA,Pend Oreille,348.9682025
WA,Pierce,3293.824093
WA,San Juan,0
WA,Skagit,677.4408181
WA,Skamania,9.04854912
WA,Snohomish,2078.936333
WA,Spokane,838.1469499
WA,Stevens,1873.677288
WA,Thurston,870.5015625
WA,Wahkiakum,42.40143942
WA,Walla Walla,190.3188198
WA,Whatcom,783.6747393
WA,Whitman,91.04262061
WA,Yakima,2348.309177
WV,Barbour,6.46485162
WV,Berkeley,61.22348214
WV,Boone,1.73101659
WV,Braxton,13.47273197
WV,Brooke,2.355215136
WV,Cabell,24.21943306
WV,Calhoun,1.551520003
WV,Clay,7.49981482
WV,Doddridge,8.634965055
WV,Fayette,17.61979621
WV,Gilmer,0.185017711
WV,Grant,2.857552793
WV,Greenbrier,18.45423797
WV,Hampshire,16.4343066
WV,Hancock,10.35662939
WV,Hardy,1.651550527
WV,Harrison,14.87859542
WV,Jackson,8.675194764
WV,Jefferson,5.448734186
WV,Kanawha,85.20379427
WV,Lewis,2.654613318
WV,Lincoln,0
WV,Logan,4.029985473
WV,McDowell,0
WV,Marion,12.27421613
WV,Marshall,14.50639396
WV,Mason,10.00104287
WV,Mercer,36.59414898
WV,Mineral,4.359416501
WV,Mingo,1.189235912
WV,Monongalia,33.49316511
WV,Monroe,0.812367201
WV,Morgan,15.7927201
WV,Nicholas,2.59967631
WV,Ohio,9.274117419
WV,Pendleton,2.000000003
WV,Pleasants,3.791476451
WV,Pocahontas,10.42868754
WV,Preston,10.21999821
WV,Putnam,19.69546194
WV,Raleigh,54.96009775
WV,Randolph,2.135580822
WV,Ritchie,0
WV,Roane,4.162580398
WV,Summers,3.63685324
WV,Taylor,0.185512954
WV,Tucker,0.778499937
WV,Tyler,3.054417709
WV,Upshur,2.498987387
WV,Wayne,13.23786919
WV,Webster,0
WV,Wetzel,3.000000013
WV,Wirt,0
WV,Wood,32.09637723
WV,Wyoming,5.483186172
WI,Adams,25.7277229
WI,Ashland,70.30915723
WI,Barron,18.91391608
WI,Bayfield,41.62959593
WI,Brown,1354.478309
WI,Buffalo,3.000000007
WI,Burnett,94.10632249
WI,Calumet,30.56358812
WI,Chippewa,53.08133361
WI,Clark,6.869827284
WI,Columbia,25.63991614
WI,Crawford,2.082106526
WI,Dane,401.5542429
WI,Dodge,89.55460691
WI,Door,15.39609725
WI,Douglas,210.8873604
WI,Dunn,26.2616294
WI,Eau Claire,94.47769288
WI,Florence,5.421080712
WI,Fond du Lac,127.0312835
WI,Forest,171.9713176
WI,Grant,15.92885831
WI,Green,8.001128119
WI,Green Lake,10.59214561
WI,Iowa,8.47706641
WI,Iron,9.236713453
WI,Jackson,91.34440106
WI,Jefferson,18.42346737
WI,Juneau,27.86680527
WI,Kenosha,146.8456849
WI,Kewaunee,0
WI,La Crosse,63.89093877
WI,Lafayette,3.095827814
WI,Langlade,36.47967565
WI,Lincoln,21.03705832
WI,Manitowoc,86.35491638
WI,Marathon,134.3353473
WI,Marinette,62.53110526
WI,Marquette,0
WI,Menominee,891.0274014
WI,Milwaukee,495.7591316
WI,Monroe,70.92963482
WI,Oconto,49.05072211
WI,Oneida,14.30769855
WI,Outagamie,111.691587
WI,Ozaukee,67.28112205
WI,Pepin,
WI,Pierce,28.08194321
WI,Polk,98.36957759
WI,Portage,45.64124582
WI,Price,10.48177894
WI,Racine,259.0847883
WI,Richland,16.88559861
WI,Rock,173.3252339
WI,Rusk,19.28371079
WI,St. Croix,51.80026312
WI,Sauk,53.21399424
WI,Sawyer,97.600681
WI,Shawano,740.5594255
WI,Sheboygan,25.70146114
WI,Taylor,4.624217604
WI,Trempealeau,0
WI,Vernon,18.97882499
WI,Vilas,4.078692775
WI,Walworth,88.59987731
WI,Washburn,32.71283193
WI,Washington,87.24477323
WI,Waukesha,410.8521041
WI,Waupaca,41.63208621
WI,Waushara,2.861963992
WI,Winnebago,201.6751737
WI,Wood,85.26244608
WY,Albany,76.78131073
WY,Big Horn,17.18584456
WY,Campbell,88.23468221
WY,Carbon,67.18372704
WY,Converse,20.43645407
WY,Crook,12.05553046
WY,Fremont,461.6425375
WY,Goshen,16.12522229
WY,Hot Springs,19.47005032
WY,Johnson,6.925561044
WY,Laramie,331.4799228
WY,Lincoln,33.76910622
WY,Natrona,305.9313941
WY,Niobrara,0
WY,Park,26.01402643
WY,Platte,4.691045886
WY,Sheridan,200.06155
WY,Sublette,20.91068616
WY,Sweetwater,189.6214412
WY,Teton,32.48225503
WY,Uinta,40.33965839
WY,Washakie,5.006976274
WY,Weston,10.37214685