State,County,LACCESS_CHILD10
AL,Autauga,4822.500269
AL,Baldwin,7916.131932
AL,Barbour,940.4193265
AL,Bibb,249.2047527
AL,Blount,384.9116074
AL,Bullock,607.0978682
AL,Butler,264.8260771
AL,Calhoun,6959.887106
AL,Chambers,1531.676677
AL,Cherokee,17.32604694
AL,Chilton,333.4918078
AL,Choctaw,534.2438181
AL,Clarke,1360.621666
AL,Clay,164.052881
AL,Cleburne,31.67116727
AL,Coffee,2727.296868
AL,Colbert,2271.976381
AL,Conecuh,723.0978249
AL,Coosa,498.0709808
AL,Covington,681.5109678
AL,Crenshaw,1297.00316
AL,Cullman,1477.525744
AL,Dale,3824.170242
AL,Dallas,1959.974756
AL,DeKalb,890.0090642
AL,Elmore,3157.389343
AL,Escambia,1285.770057
AL,Etowah,5286.960695
AL,Fayette,109.7868666
AL,Franklin,813.9714487
AL,Geneva,135.1430736
AL,Greene,794.4206165
AL,Hale,26.00244253
AL,Henry,94.71980448
AL,Houston,5582.859229
AL,Jackson,1129.401889
AL,Jefferson,50218.99491
AL,Lamar,18.6674604
AL,Lauderdale,3032.151363
AL,Lawrence,335.368242
AL,Lee,9268.509054
AL,Limestone,1936.129183
AL,Lowndes,1269.057421
AL,Macon,1744.578026
AL,Madison,26275.71792
AL,Marengo,1400.576676
AL,Marion,135.3249536
AL,Marshall,3482.590944
AL,Mobile,28440.32472
AL,Monroe,1803.207083
AL,Montgomery,16619.08128
AL,Morgan,3573.712534
AL,Perry,163.6461743
AL,Pickens,190.7687829
AL,Pike,919.7001857
AL,Randolph,271.9037498
AL,Russell,2025.547985
AL,St. Clair,918.1671069
AL,Shelby,13435.02274
AL,Sumter,531.8968621
AL,Talladega,2873.693799
AL,Tallapoosa,999.8208999
AL,Tuscaloosa,8714.449484
AL,Walker,1670.50757
AL,Washington,454.1623669
AL,Wilcox,1375.016342
AL,Winston,233.077156
AK,Aleutians East,56.0000005
AK,Aleutians West,77.03519254
AK,Anchorage,22920.10892
AK,Bethel,4871.469845
AK,Bristol Bay,91.8700424
AK,Denali,411.0000025
AK,Dillingham,561.4614981
AK,Fairbanks North Star,9639.373187
AK,Haines,98.65077411
AK,Hoonah-Angoon,337.0000016
AK,Juneau,2608.013983
AK,Kenai Peninsula,2785.381636
AK,Ketchikan Gateway,247.7414685
AK,Kodiak Island,410.126155
AK,Lake and Peninsula,491.9999975
AK,Matanuska-Susitna,5612.591489
AK,Nome,1926.748997
AK,North Slope,338.4785423
AK,Northwest Arctic,1618.999994
AK,Petersburg,48.95294938
AK,Prince of Wales-Hyder,251.5079196
AK,Sitka,391.3748613
AK,Skagway,0
AK,Southeast Fairbanks,487.2113758
AK,Valdez-Cordova,616.5916647
AK,Wade Hampton,2090.373019
AK,Wrangell,105.576736
AK,Yakutat,0
AK,Yukon-Koyukuk,1552.000002
AZ,Apache,14660.93235
AZ,Cochise,11390.21797
AZ,Coconino,10817.44931
AZ,Gila,2666.72419
AZ,Graham,3189.475838
AZ,Greenlee,1721.559363
AZ,La Paz,897.0043461
AZ,Maricopa,117943.1558
AZ,Mohave,16407.99929
AZ,Navajo,10663.21144
AZ,Pima,50095.06269
AZ,Pinal,12922.54019
AZ,Santa Cruz,3809.880416
AZ,Yavapai,13798.60965
AZ,Yuma,12314.68875
AR,Arkansas,842.6889463
AR,Ashley,1040.10773
AR,Baxter,955.9203954
AR,Benton,12366.96163
AR,Boone,2452.465283
AR,Bradley,289.8426519
AR,Calhoun,739.6085465
AR,Carroll,600.5272689
AR,Chicot,149.6446161
AR,Clark,425.2403318
AR,Clay,335.8234289
AR,Cleburne,800.2805752
AR,Cleveland,507.5607119
AR,Columbia,657.9396666
AR,Conway,1112.148251
AR,Craighead,6106.792296
AR,Crawford,3511.741955
AR,Crittenden,1725.398999
AR,Cross,741.5286263
AR,Dallas,336.3411342
AR,Desha,1016.637803
AR,Drew,737.8494704
AR,Faulkner,6201.603516
AR,Franklin,433.5397912
AR,Fulton,541.8170385
AR,Garland,6545.259186
AR,Grant,539.8869706
AR,Greene,2536.638718
AR,Hempstead,1408.818968
AR,Hot Spring,1414.044771
AR,Howard,487.2904131
AR,Independence,1657.965578
AR,Izard,195.1072179
AR,Jackson,633.0172555
AR,Jefferson,2556.453371
AR,Johnson,518.5976949
AR,Lafayette,418.9195768
AR,Lawrence,1039.577505
AR,Lee,734.1707103
AR,Lincoln,380.0683065
AR,Little River,227.2239859
AR,Logan,746.6703214
AR,Lonoke,3719.761802
AR,Madison,882.3450279
AR,Marion,361.4554171
AR,Miller,2632.403344
AR,Mississippi,1754.615499
AR,Monroe,220.5359603
AR,Montgomery,464.0729115
AR,Nevada,529.6901428
AR,Newton,610.1869022
AR,Ouachita,1667.975559
AR,Perry,245.2396112
AR,Phillips,2219.300563
AR,Pike,476.9853699
AR,Poinsett,694.3493927
AR,Polk,1910.292285
AR,Pope,1843.067227
AR,Prairie,128.9375563
AR,Pulaski,28548.63019
AR,Randolph,1279.417883
AR,St. Francis,1781.115913
AR,Saline,6104.708928
AR,Scott,455.788081
AR,Searcy,549.2645363
AR,Sebastian,4313.020363
AR,Sevier,1757.25185
AR,Sharp,645.865143
AR,Stone,676.5607012
AR,Union,2207.998302
AR,Van Buren,462.2409086
AR,Washington,10621.58072
AR,White,2779.860314
AR,Woodruff,71.665635
AR,Yell,329.8823623
CA,Alameda,38405.41859
CA,Alpine,114.0689377
CA,Amador,352.0752284
CA,Butte,10506.35691
CA,Calaveras,870.4163925
CA,Colusa,405.7333205
CA,Contra Costa,47922.67933
CA,Del Norte,1788.513913
CA,El Dorado,12413.98778
CA,Fresno,35399.4335
CA,Glenn,984.0150674
CA,Humboldt,4400.845256
CA,Imperial,6138.905824
CA,Inyo,1499.479978
CA,Kern,35824.77417
CA,Kings,7155.504513
CA,Lake,2394.626444
CA,Lassen,1798.786799
CA,Los Angeles,149646.9719
CA,Madera,8352.313072
CA,Marin,7844.01733
CA,Mariposa,453.6481395
CA,Mendocino,3466.535632
CA,Merced,12061.4345
CA,Modoc,654.8805835
CA,Mono,1368.401358
CA,Monterey,12325.96032
CA,Napa,3913.987696
CA,Nevada,4651.211507
CA,Orange,51273.2296
CA,Placer,12673.27234
CA,Plumas,286.1473353
CA,Riverside,118031.407
CA,Sacramento,47071.42203
CA,San Benito,2612.99901
CA,San Bernardino,127680.7367
CA,San Diego,100183.2548
CA,San Francisco,6136.100847
CA,San Joaquin,22980.19338
CA,San Luis Obispo,9159.272047
CA,San Mateo,19144.30516
CA,Santa Barbara,12922.90503
CA,Santa Clara,42049.96869
CA,Santa Cruz,7721.115186
CA,Shasta,9127.303441
CA,Sierra,509.8163083
CA,Siskiyou,1674.997065
CA,Solano,22479.4374
CA,Sonoma,16310.56807
CA,Stanislaus,20200.48546
CA,Sutter,9600.351373
CA,Tehama,2305.310879
CA,Trinity,322.105757
CA,Tulare,21200.3374
CA,Tuolumne,3187.000362
CA,Ventura,31334.5009
CA,Yolo,4422.214467
CA,Yuba,4904.642875
CO,Adams,18639.56043
CO,Alamosa,291.4242906
CO,Arapahoe,25122.57778
CO,Archuleta,549.7576148
CO,Baca,201.6658837
CO,Bent,282.7661695
CO,Boulder,11570.4273
CO,Broomfield,2462.85428
CO,Chaffee,198.3026944
CO,Cheyenne,156.1996024
CO,Clear Creek,192.856624
CO,Conejos,120.2266364
CO,Costilla,735.3955576
CO,Crowley,563.2715387
CO,Custer,174.8996252
CO,Delta,350.4025367
CO,Denver,22310.28157
CO,Dolores,83.83124644
CO,Douglas,15904.87155
CO,Eagle,2002.556255
CO,Elbert,1672.638639
CO,El Paso,45194.58215
CO,Fremont,2570.778947
CO,Garfield,3297.821665
CO,Gilpin,0
CO,Grand,748.1694601
CO,Gunnison,295.2781982
CO,Hinsdale,168
CO,Huerfano,387.0644223
CO,Jackson,66.12470708
CO,Jefferson,30495.6327
CO,Kiowa,314.0000007
CO,Kit Carson,552.7332157
CO,Lake,1304.818897
CO,La Plata,1548.071045
CO,Larimer,15594.69871
CO,Las Animas,1258.879811
CO,Lincoln,298.2099136
CO,Logan,1135.48804
CO,Mesa,11823.49593
CO,Mineral,96.96200904
CO,Moffat,914.087839
CO,Montezuma,1241.781884
CO,Montrose,2221.372223
CO,Morgan,1146.875904
CO,Otero,1375.112643
CO,Ouray,43.59802424
CO,Park,1734.469397
CO,Phillips,360.9701792
CO,Pitkin,316.9802906
CO,Prowers,1020.752896
CO,Pueblo,16629.37714
CO,Rio Blanco,119.3726668
CO,Rio Grande,200.1424311
CO,Routt,1200.64239
CO,Saguache,1381.734297
CO,San Juan,127.418047
CO,San Miguel,128.139859
CO,Sedgwick,79.17797105
CO,Summit,1624.415777
CO,Teller,1340.194491
CO,Washington,634.9154163
CO,Weld,10831.55762
CO,Yuma,602.7388573
CT,Fairfield,68883.30711
CT,Hartford,62099.15388
CT,Litchfield,7112.925794
CT,Middlesex,12059.84225
CT,New Haven,56138.17803
CT,New London,16503.39186
CT,Tolland,8359.175781
CT,Windham,5090.57158
DE,Kent,7649.587897
DE,New Castle,38366.60346
DE,Sussex,6634.152988
DC,District of Columbia,3930.122239
FL,Alachua,9497.64604
FL,Baker,2141.265614
FL,Bay,14327.06333
FL,Bradford,335.1887675
FL,Brevard,44239.33955
FL,Broward,45745.56833
FL,Calhoun,765.5614154
FL,Charlotte,10436.03535
FL,Citrus,6795.421669
FL,Clay,11042.95259
FL,Collier,16074.27592
FL,Columbia,2785.906773
FL,DeSoto,917.4801519
FL,Dixie,133.0163282
FL,Duval,52361.56058
FL,Escambia,25159.49232
FL,Flagler,6983.983143
FL,Franklin,48.81915903
FL,Gadsden,1513.230291
FL,Gilchrist,17.07360021
FL,Glades,613.5916569
FL,Gulf,456.747619
FL,Hamilton,729.6525861
FL,Hardee,2256.35903
FL,Hendry,2560.729692
FL,Hernando,10952.59522
FL,Highlands,7095.753931
FL,Hillsborough,74670.32209
FL,Holmes,898.9455903
FL,Indian River,11429.35725
FL,Jackson,673.0182978
FL,Jefferson,463.2447674
FL,Lafayette,156.664791
FL,Lake,18478.8389
FL,Lee,35011.66738
FL,Leon,19539.99755
FL,Levy,726.6752435
FL,Liberty,617.0298109
FL,Madison,984.7454461
FL,Manatee,12245.0341
FL,Marion,16735.29942
FL,Martin,7533.762599
FL,Miami-Dade,39930.70635
FL,Monroe,3830.280024
FL,Nassau,3562.472952
FL,Okaloosa,14677.93536
FL,Okeechobee,4163.910798
FL,Orange,53886.06947
FL,Osceola,14408.69848
FL,Palm Beach,58135.39277
FL,Pasco,21799.3844
FL,Pinellas,28886.12883
FL,Polk,43587.75605
FL,Putnam,4471.291925
FL,St. Johns,10042.54814
FL,St. Lucie,20539.22834
FL,Santa Rosa,15622.82249
FL,Sarasota,15635.27049
FL,Seminole,33704.48531
FL,Sumter,800.8929413
FL,Suwannee,1581.666302
FL,Taylor,1093.163121
FL,Union,440.3034691
FL,Volusia,28107.27099
FL,Wakulla,58.09165701
FL,Walton,2362.087205
FL,Washington,1994.431346
GA,Appling,837.0896703
GA,Atkinson,553.8217399
GA,Bacon,198.7724926
GA,Baker,592.5623558
GA,Baldwin,1865.040891
GA,Banks,469.0179715
GA,Barrow,2818.926003
GA,Bartow,9174.136236
GA,Ben Hill,1063.865346
GA,Berrien,659.4500156
GA,Bibb,9374.703104
GA,Bleckley,236.7959638
GA,Brantley,774.2302197
GA,Brooks,355.3378225
GA,Bryan,1205.990245
GA,Bulloch,1832.947957
GA,Burke,601.9222955
GA,Butts,298.1743174
GA,Calhoun,201.1932612
GA,Camden,5249.850971
GA,Candler,193.84371
GA,Carroll,6651.84527
GA,Catoosa,6222.398064
GA,Charlton,883.3858065
GA,Chatham,11765.85323
GA,Chattahoochee,1912.600468
GA,Chattooga,352.3469853
GA,Cherokee,17347.35754
GA,Clarke,8896.149717
GA,Clay,6.646146641
GA,Clayton,29704.26232
GA,Clinch,112.7245621
GA,Cobb,73959.38624
GA,Coffee,1886.712096
GA,Colquitt,2198.598773
GA,Columbia,5711.370062
GA,Cook,654.8204556
GA,Coweta,8874.530646
GA,Crawford,0.984977873
GA,Crisp,2082.399137
GA,Dade,149.0511459
GA,Dawson,0
GA,Decatur,1134.312971
GA,DeKalb,47018.11237
GA,Dodge,128.4558978
GA,Dooly,788.2983227
GA,Dougherty,10427.70689
GA,Douglas,11943.77443
GA,Early,298.9442962
GA,Echols,52.03721608
GA,Effingham,1781.223709
GA,Elbert,682.6378456
GA,Emanuel,1633.159412
GA,Evans,184.8150273
GA,Fannin,4.152592276
GA,Fayette,11223.58764
GA,Floyd,5093.608905
GA,Forsyth,15685.68919
GA,Franklin,87.90446972
GA,Fulton,53239.39908
GA,Gilmer,252.8392596
GA,Glascock,556.1611105
GA,Glynn,4970.283711
GA,Gordon,1978.858677
GA,Grady,636.3980045
GA,Greene,130.0482753
GA,Gwinnett,76046.70967
GA,Habersham,2182.459482
GA,Hall,13973.63929
GA,Hancock,271.9124146
GA,Haralson,305.5602041
GA,Harris,57.06223449
GA,Hart,193.4005777
GA,Heard,111.6688974
GA,Henry,19920.86095
GA,Houston,13887.52505
GA,Irwin,123.4641078
GA,Jackson,159.3482394
GA,Jasper,243.2497658
GA,Jeff Davis,523.2825758
GA,Jefferson,92.76990704
GA,Jenkins,258.1940078
GA,Johnson,508.2583615
GA,Jones,484.0581655
GA,Lamar,228.2375792
GA,Lanier,140.117019
GA,Laurens,1280.684616
GA,Lee,1566.479168
GA,Liberty,7988.69027
GA,Lincoln,63.81710612
GA,Long,434.8535742
GA,Lowndes,5162.46778
GA,Lumpkin,76.19572558
GA,McDuffie,636.1118131
GA,McIntosh,239.7718057
GA,Macon,282.5963279
GA,Madison,176.0881924
GA,Marion,1975.497042
GA,Meriwether,83.96954293
GA,Miller,42.80925734
GA,Mitchell,916.0272699
GA,Monroe,592.635835
GA,Montgomery,232.4673165
GA,Morgan,873.1054915
GA,Murray,1537.475289
GA,Muscogee,16538.54068
GA,Newton,7521.286639
GA,Oconee,2641.460712
GA,Oglethorpe,125.8028484
GA,Paulding,10402.02003
GA,Peach,1447.329024
GA,Pickens,474.4338185
GA,Pierce,567.3236141
GA,Pike,0
GA,Polk,1249.838585
GA,Pulaski,291.6424883
GA,Putnam,149.6684817
GA,Quitman,188.8945003
GA,Rabun,17.93113562
GA,Randolph,92.82989983
GA,Richmond,16941.0623
GA,Rockdale,10845.34178
GA,Schley,7.207620166
GA,Screven,843.4340531
GA,Seminole,143.6622691
GA,Spalding,2794.057298
GA,Stephens,612.2301283
GA,Stewart,206.941645
GA,Sumter,1655.488913
GA,Talbot,51.85256192
GA,Taliaferro,206.3722045
GA,Tattnall,221.4523136
GA,Taylor,85.37587458
GA,Telfair,311.3282016
GA,Terrell,24.49483392
GA,Thomas,3143.425509
GA,Tift,1071.016408
GA,Toombs,1253.047514
GA,Towns,0
GA,Treutlen,219.4988025
GA,Troup,2615.246009
GA,Turner,168.1453572
GA,Twiggs,22.51506901
GA,Union,0.897887112
GA,Upson,1246.233044
GA,Walker,4221.649998
GA,Walton,4401.764875
GA,Ware,2884.760159
GA,Warren,15.74728201
GA,Washington,956.9479661
GA,Wayne,2228.519436
GA,Webster,15.88932952
GA,Wheeler,2.831667454
GA,White,0
GA,Whitfield,8496.025931
GA,Wilcox,17.34682884
GA,Wilkes,700.1111099
GA,Wilkinson,394.2935007
GA,Worth,636.3779488
HI,Hawaii,15879.20615
HI,Honolulu,47810.37007
HI,Kalawao,0
HI,Kauai,6777.860689
HI,Maui,12904.3004
ID,Ada,19405.04906
ID,Adams,64.7580866
ID,Bannock,7013.122274
ID,Bear Lake,385.5071853
ID,Benewah,572.8113753
ID,Bingham,3078.928331
ID,Blaine,1679.019559
ID,Boise,1373.052399
ID,Bonner,1576.519769
ID,Bonneville,8667.771946
ID,Boundary,509.3555039
ID,Butte,199.2062398
ID,Camas,239.9999992
ID,Canyon,13004.41416
ID,Caribou,686.7597746
ID,Cassia,1917.644505
ID,Clark,308.0000033
ID,Clearwater,347.4401948
ID,Custer,159.9960822
ID,Elmore,2627.16741
ID,Franklin,321.4920095
ID,Fremont,349.9731766
ID,Gem,1510.674596
ID,Gooding,489.8910044
ID,Idaho,1032.200768
ID,Jefferson,1174.894919
ID,Jerome,1586.100096
ID,Kootenai,8906.350939
ID,Latah,1325.333747
ID,Lemhi,608.544425
ID,Lewis,375.8392022
ID,Lincoln,1665.011471
ID,Madison,1841.244104
ID,Minidoka,828.2913354
ID,Nez Perce,1502.73911
ID,Oneida,138.0903861
ID,Owyhee,495.5156565
ID,Payette,1648.141098
ID,Power,338.7010051
ID,Shoshone,86.86995246
ID,Teton,304.9383689
ID,Twin Falls,2278.541179
ID,Valley,399.1910182
ID,Washington,413.2275385
IL,Adams,2544.480562
IL,Alexander,749.0888894
IL,Bond,494.9834984
IL,Boone,2718.456111
IL,Brown,28.18254645
IL,Bureau,2866.87392
IL,Calhoun,160.5962991
IL,Carroll,396.0811748
IL,Cass,351.5990719
IL,Champaign,7487.78954
IL,Christian,552.8714947
IL,Clark,302.2242954
IL,Clay,499.1098967
IL,Clinton,677.3215286
IL,Coles,1828.795202
IL,Cook,101459.9392
IL,Crawford,411.6205267
IL,Cumberland,22.88196502
IL,DeKalb,5277.101696
IL,De Witt,172.0229318
IL,Douglas,451.5632753
IL,DuPage,61676.51614
IL,Edgar,1422.844754
IL,Edwards,313.9806764
IL,Effingham,1488.088974
IL,Fayette,1728.808413
IL,Ford,625.5951851
IL,Franklin,983.858872
IL,Fulton,1044.207619
IL,Gallatin,1033.124579
IL,Greene,59.8666937
IL,Grundy,2450.555593
IL,Hamilton,356.6984332
IL,Hancock,2299.7602
IL,Hardin,187.4001846
IL,Henderson,21.74870281
IL,Henry,2385.853358
IL,Iroquois,1028.896148
IL,Jackson,3017.333415
IL,Jasper,368.6184614
IL,Jefferson,1862.286975
IL,Jersey,764.4087043
IL,Jo Daviess,999.089883
IL,Johnson,214.1222325
IL,Kane,27445.68078
IL,Kankakee,4790.055408
IL,Kendall,8236.504653
IL,Knox,1385.876945
IL,Lake,68070.68012
IL,LaSalle,6367.642589
IL,Lawrence,492.1603674
IL,Lee,921.0794317
IL,Livingston,772.8948659
IL,Logan,1530.120056
IL,McDonough,1255.446519
IL,McHenry,39164.44347
IL,McLean,10859.69691
IL,Macon,7684.817076
IL,Macoupin,1106.027704
IL,Madison,18906.24589
IL,Marion,2324.268872
IL,Marshall,438.6165629
IL,Mason,231.7073487
IL,Massac,407.0358291
IL,Menard,57.10987195
IL,Mercer,797.2822253
IL,Monroe,1634.782074
IL,Montgomery,995.9133241
IL,Morgan,2163.291929
IL,Moultrie,90.65929703
IL,Ogle,2023.029054
IL,Peoria,13135.65793
IL,Perry,1163.519252
IL,Piatt,120.259786
IL,Pike,959.5361611
IL,Pope,223.4338986
IL,Pulaski,745.433512
IL,Putnam,0
IL,Randolph,942.5751881
IL,Richland,149.7807382
IL,Rock Island,7020.70649
IL,St. Clair,29806.09539
IL,Saline,2051.192215
IL,Sangamon,14489.1163
IL,Schuyler,237.7495955
IL,Scott,46.58823501
IL,Shelby,902.2041197
IL,Stark,486.7059909
IL,Stephenson,684.5680167
IL,Tazewell,12503.20559
IL,Union,304.5785503
IL,Vermilion,3506.059924
IL,Wabash,224.8767197
IL,Warren,27.89614485
IL,Washington,325.0268166
IL,Wayne,839.8707478
IL,White,994.6338743
IL,Whiteside,2174.867714
IL,Will,71044.28893
IL,Williamson,2852.668916
IL,Winnebago,17670.24154
IL,Woodford,738.1646002
IN,Adams,482.0863442
IN,Allen,31252.99444
IN,Bartholomew,4683.79244
IN,Benton,22.1363641
IN,Blackford,59.94642041
IN,Boone,2542.311074
IN,Brown,104.3906566
IN,Carroll,204.227593
IN,Cass,412.1571242
IN,Clark,5510.888521
IN,Clay,234.8269624
IN,Clinton,297.1223964
IN,Crawford,245.544573
IN,Daviess,345.5545139
IN,Dearborn,3259.0242
IN,Decatur,922.3271582
IN,DeKalb,3115.233777
IN,Delaware,5907.451854
IN,Dubois,676.5860085
IN,Elkhart,11138.53127
IN,Fayette,1248.328743
IN,Floyd,4417.51467
IN,Fountain,142.7482085
IN,Franklin,591.1857944
IN,Fulton,740.1768234
IN,Gibson,846.8320241
IN,Grant,3078.696619
IN,Greene,653.4957102
IN,Hamilton,28676.84331
IN,Hancock,5921.424064
IN,Harrison,488.7813746
IN,Hendricks,14419.65682
IN,Henry,511.1458497
IN,Howard,6221.133938
IN,Huntington,1852.180604
IN,Jackson,1665.19315
IN,Jasper,665.4537002
IN,Jay,995.2806724
IN,Jefferson,1086.161172
IN,Jennings,1475.248305
IN,Johnson,10736.91974
IN,Knox,1039.495193
IN,Kosciusko,4718.286457
IN,LaGrange,115.13666
IN,Lake,35979.73763
IN,LaPorte,4330.985412
IN,Lawrence,910.3219122
IN,Madison,6619.668423
IN,Marion,59465.99017
IN,Marshall,2019.256618
IN,Martin,70.64098157
IN,Miami,1842.774254
IN,Monroe,5504.780461
IN,Montgomery,1091.942928
IN,Morgan,3352.515665
IN,Newton,45.26266568
IN,Noble,975.2288263
IN,Ohio,0
IN,Orange,302.7099967
IN,Owen,25.65059813
IN,Parke,356.499799
IN,Perry,978.6884825
IN,Pike,137.3832524
IN,Porter,16453.50315
IN,Posey,1307.18942
IN,Pulaski,82.95217285
IN,Putnam,260.5468559
IN,Randolph,1299.172187
IN,Ripley,208.8386505
IN,Rush,133.3502953
IN,St. Joseph,21847.75978
IN,Scott,295.8335031
IN,Shelby,1090.554886
IN,Spencer,0.00117253
IN,Starke,359.2410191
IN,Steuben,1588.265616
IN,Sullivan,250.8442553
IN,Switzerland,177.7149947
IN,Tippecanoe,8947.125743
IN,Tipton,1191.911937
IN,Union,0
IN,Vanderburgh,7905.80231
IN,Vermillion,495.5216327
IN,Vigo,5535.224666
IN,Wabash,471.867581
IN,Warren,67.94901572
IN,Warrick,4686.621355
IN,Washington,708.697218
IN,Wayne,2749.803023
IN,Wells,644.0344189
IN,White,506.2765069
IN,Whitley,426.5851677
IA,Adair,139.1564441
IA,Adams,51.91259598
IA,Allamakee,593.4389243
IA,Appanoose,385.3461671
IA,Audubon,50.81789138
IA,Benton,976.0797102
IA,Black Hawk,7030.544828
IA,Boone,750.8427091
IA,Bremer,482.6140463
IA,Buchanan,695.5470231
IA,Buena Vista,675.2240082
IA,Butler,1505.060339
IA,Calhoun,986.9393149
IA,Carroll,243.5210354
IA,Cass,817.0500316
IA,Cedar,501.2838038
IA,Cerro Gordo,1651.836558
IA,Cherokee,191.8105303
IA,Chickasaw,463.6057505
IA,Clarke,179.8971006
IA,Clay,366.5148109
IA,Clayton,918.523953
IA,Clinton,2446.800172
IA,Crawford,1172.18669
IA,Dallas,1059.322014
IA,Davis,326.0058571
IA,Decatur,227.5570467
IA,Delaware,376.341663
IA,Des Moines,2196.946634
IA,Dickinson,538.3172155
IA,Dubuque,3665.556564
IA,Emmet,608.8570058
IA,Fayette,275.5331128
IA,Floyd,723.4176684
IA,Franklin,399.843112
IA,Fremont,780.9453337
IA,Greene,466.6009586
IA,Grundy,360.2586311
IA,Guthrie,289.8641971
IA,Hamilton,840.6253675
IA,Hancock,299.2085182
IA,Hardin,573.0506234
IA,Harrison,596.8476233
IA,Henry,1450.547899
IA,Howard,945.6634124
IA,Humboldt,397.242604
IA,Ida,21.3917155
IA,Iowa,470.5614443
IA,Jackson,921.3235562
IA,Jasper,1469.624808
IA,Jefferson,524.3818249
IA,Johnson,5362.577694
IA,Jones,530.2633834
IA,Keokuk,623.532699
IA,Kossuth,1637.019323
IA,Lee,926.540783
IA,Linn,13701.66244
IA,Louisa,39.48839791
IA,Lucas,452.2278725
IA,Lyon,454.5243876
IA,Madison,812.9667826
IA,Mahaska,1247.638107
IA,Marion,1198.308527
IA,Marshall,2518.966613
IA,Mills,317.5309306
IA,Mitchell,630.126926
IA,Monona,271.0406224
IA,Monroe,398.8483348
IA,Montgomery,475.7658596
IA,Muscatine,2829.95278
IA,O'Brien,682.6456921
IA,Osceola,263.0926046
IA,Page,971.579964
IA,Palo Alto,706.703785
IA,Plymouth,273.1535896
IA,Pocahontas,461.0007953
IA,Polk,23521.51154
IA,Pottawattamie,8748.341847
IA,Poweshiek,838.4386787
IA,Ringgold,98.23287337
IA,Sac,512.3995184
IA,Scott,4760.065737
IA,Shelby,721.4546621
IA,Sioux,403.0980427
IA,Story,2511.339853
IA,Tama,814.7624928
IA,Taylor,120.0133421
IA,Union,522.4443589
IA,Van Buren,1680.658771
IA,Wapello,2465.773077
IA,Warren,2786.485646
IA,Washington,352.1023111
IA,Wayne,624.6162271
IA,Webster,1583.139264
IA,Winnebago,417.8226422
IA,Winneshiek,688.9685288
IA,Woodbury,8220.045151
IA,Worth,133.1866396
IA,Wright,185.5398861
KS,Allen,1307.985977
KS,Anderson,458.4545077
KS,Atchison,913.3719645
KS,Barber,104.7557779
KS,Barton,1668.268092
KS,Bourbon,789.0049401
KS,Brown,132.7281413
KS,Butler,4221.589862
KS,Chase,571.9923357
KS,Chautauqua,235.7605459
KS,Cherokee,880.9151405
KS,Cheyenne,569.1566963
KS,Clark,558.9999999
KS,Clay,558.4312111
KS,Cloud,741.4021802
KS,Coffey,1136.7295
KS,Comanche,72.2851929
KS,Cowley,1376.637351
KS,Crawford,2815.476252
KS,Decatur,100.8086988
KS,Dickinson,916.9680012
KS,Doniphan,1034.155284
KS,Douglas,3607.748138
KS,Edwards,112.9323696
KS,Elk,610.1769012
KS,Ellis,1377.55116
KS,Ellsworth,403.300894
KS,Finney,2620.733966
KS,Ford,3435.075789
KS,Franklin,3294.942085
KS,Geary,3389.260406
KS,Gove,585.375761
KS,Graham,98.71546541
KS,Grant,260.3900885
KS,Gray,928.2572684
KS,Greeley,265.9999992
KS,Greenwood,596.6039991
KS,Hamilton,763.0000048
KS,Harper,254.228958
KS,Harvey,1948.419692
KS,Haskell,1325.999999
KS,Hodgeman,459.6677469
KS,Jackson,563.8809473
KS,Jefferson,751.4868966
KS,Jewell,157.279208
KS,Johnson,33306.94811
KS,Kearny,100.3061729
KS,Kingman,581.0835629
KS,Kiowa,548.3300449
KS,Labette,1052.82748
KS,Lane,393.9999989
KS,Leavenworth,3856.007659
KS,Lincoln,226.8736099
KS,Linn,877.4714121
KS,Logan,127.8105897
KS,Lyon,815.0727854
KS,McPherson,2124.268944
KS,Marion,722.49356
KS,Marshall,332.9861029
KS,Meade,714.5471716
KS,Miami,1014.927097
KS,Mitchell,295.0792917
KS,Montgomery,873.2239967
KS,Morris,473.9374505
KS,Morton,234.1726295
KS,Nemaha,431.9101499
KS,Neosho,993.1240051
KS,Ness,193.5577422
KS,Norton,267.2008058
KS,Osage,473.9523101
KS,Osborne,186.9098177
KS,Ottawa,420.6589332
KS,Pawnee,231.4938455
KS,Phillips,498.2980181
KS,Pottawatomie,1060.355824
KS,Pratt,541.8351079
KS,Rawlins,159.1303561
KS,Reno,3910.518965
KS,Republic,248.7095121
KS,Rice,471.1399553
KS,Riley,7441.970139
KS,Rooks,188.3482167
KS,Rush,640.9999996
KS,Russell,330.2224326
KS,Saline,2669.620345
KS,Scott,126.7743118
KS,Sedgwick,40001.01291
KS,Seward,3408.549085
KS,Shawnee,12915.43725
KS,Sheridan,598.2056457
KS,Sherman,952.6613931
KS,Smith,300.29565
KS,Stafford,353.8904568
KS,Stanton,64.76854132
KS,Stevens,325.9699526
KS,Sumner,1724.810551
KS,Thomas,892.2031816
KS,Trego,91.58152891
KS,Wabaunsee,1098.64539
KS,Wallace,124.6355326
KS,Washington,649.1852388
KS,Wichita,607.9999991
KS,Wilson,232.4975705
KS,Woodson,12.88955404
KS,Wyandotte,13515.43948
KY,Adair,390.6116974
KY,Allen,62.42216263
KY,Anderson,1526.411364
KY,Ballard,107.5406897
KY,Barren,764.2669409
KY,Bath,2.218658384
KY,Bell,1342.835475
KY,Boone,12084.43116
KY,Bourbon,368.1724965
KY,Boyd,2603.787924
KY,Boyle,1413.975045
KY,Bracken,11.92520984
KY,Breathitt,204.3138604
KY,Breckinridge,457.1318936
KY,Bullitt,4700.374371
KY,Butler,330.8768234
KY,Caldwell,335.2299018
KY,Calloway,1086.638992
KY,Campbell,6550.484165
KY,Carlisle,91.56433016
KY,Carroll,1031.309011
KY,Carter,269.3201522
KY,Casey,213.753651
KY,Christian,4284.667452
KY,Clark,986.6058943
KY,Clay,346.9344851
KY,Clinton,40.11773953
KY,Crittenden,0
KY,Cumberland,28.66973305
KY,Daviess,4445.011211
KY,Edmonson,49.95719463
KY,Elliott,3.062700449
KY,Estill,407.1605732
KY,Fayette,10163.76378
KY,Fleming,175.4793508
KY,Floyd,367.1746105
KY,Franklin,2585.442976
KY,Fulton,0.61633212
KY,Gallatin,0
KY,Garrard,910.6764601
KY,Grant,1320.866169
KY,Graves,1001.813375
KY,Grayson,1351.523164
KY,Green,171.8148698
KY,Greenup,1881.363406
KY,Hancock,8.556132162
KY,Hardin,6629.647552
KY,Harlan,1161.360708
KY,Harrison,369.5386339
KY,Hart,425.5815847
KY,Henderson,1096.441559
KY,Henry,310.1745018
KY,Hickman,33.48185153
KY,Hopkins,1827.414409
KY,Jackson,6.705408417
KY,Jefferson,32648.41639
KY,Jessamine,1158.147394
KY,Johnson,527.3505282
KY,Kenton,13937.29164
KY,Knott,12.57813104
KY,Knox,428.5254011
KY,Larue,52.70581313
KY,Laurel,1543.725617
KY,Lawrence,444.0353486
KY,Lee,0.429105187
KY,Leslie,90.69076245
KY,Letcher,0
KY,Lewis,48.83591557
KY,Lincoln,464.0973226
KY,Livingston,33.64219391
KY,Logan,189.5584654
KY,Lyon,15.73952739
KY,McCracken,3246.184206
KY,McCreary,237.6044279
KY,McLean,0.067098081
KY,Madison,1933.680229
KY,Magoffin,31.76965461
KY,Marion,94.94947297
KY,Marshall,210.2408695
KY,Martin,4.226252044
KY,Mason,516.8501286
KY,Meade,1471.214559
KY,Menifee,0
KY,Mercer,993.4602594
KY,Metcalfe,15.91474257
KY,Monroe,96.66634448
KY,Montgomery,1304.300556
KY,Morgan,343.8438969
KY,Muhlenberg,336.837984
KY,Nelson,1446.574192
KY,Nicholas,9.135295909
KY,Ohio,618.8567565
KY,Oldham,6930.610185
KY,Owen,194.2667144
KY,Owsley,13.98675848
KY,Pendleton,27.79024213
KY,Perry,400.7679021
KY,Pike,223.1549264
KY,Powell,70.05454859
KY,Pulaski,2076.887564
KY,Robertson,368.0571395
KY,Rockcastle,73.34953454
KY,Rowan,249.7069575
KY,Russell,77.0552741
KY,Scott,2450.832218
KY,Shelby,1024.091842
KY,Simpson,622.408534
KY,Spencer,0
KY,Taylor,400.389861
KY,Todd,210.9917541
KY,Trigg,422.040289
KY,Trimble,665.2145838
KY,Union,183.8866296
KY,Warren,3203.555917
KY,Washington,250.9867987
KY,Wayne,663.1711339
KY,Webster,14.83178335
KY,Whitley,1072.764404
KY,Wolfe,110.3282273
KY,Woodford,1828.489788
LA,Acadia,304.5866297
LA,Allen,1906.564346
LA,Ascension,12183.63391
LA,Assumption,2179.947851
LA,Avoyelles,1889.775302
LA,Beauregard,3976.456381
LA,Bienville,1002.535672
LA,Bossier,8034.581021
LA,Caddo,20918.55858
LA,Calcasieu,11399.00655
LA,Caldwell,245.7015651
LA,Cameron,349.4661209
LA,Catahoula,381.2397132
LA,Claiborne,369.145255
LA,Concordia,1253.214764
LA,De Soto,1663.973719
LA,East Baton Rouge,30130.65087
LA,East Carroll,242.7606259
LA,East Feliciana,376.0837166
LA,Evangeline,1545.259752
LA,Franklin,642.0394507
LA,Grant,1249.48055
LA,Iberia,3141.614896
LA,Iberville,628.1124692
LA,Jackson,818.418645
LA,Jefferson,13844.1726
LA,Jefferson Davis,584.3899566
LA,Lafayette,15537.15339
LA,Lafourche,6876.415426
LA,La Salle,292.7188597
LA,Lincoln,2918.225902
LA,Livingston,6753.38382
LA,Madison,193.7471514
LA,Morehouse,1723.974298
LA,Natchitoches,2659.441785
LA,Orleans,22737.57961
LA,Ouachita,17445.60807
LA,Plaquemines,1832.719638
LA,Pointe Coupee,826.8285436
LA,Rapides,12563.15728
LA,Red River,402.4348846
LA,Richland,412.3199493
LA,Sabine,1569.962096
LA,St. Bernard,4060.256559
LA,St. Charles,7944.573581
LA,St. Helena,266.8558383
LA,St. James,1188.82054
LA,St. John the Baptist,5561.326482
LA,St. Landry,3008.39938
LA,St. Martin,978.1635141
LA,St. Mary,3476.103523
LA,St. Tammany,15868.02095
LA,Tangipahoa,8090.919892
LA,Tensas,767.1589415
LA,Terrebonne,8477.727559
LA,Union,905.2245885
LA,Vermilion,814.5690599
LA,Vernon,5753.63916
LA,Washington,2144.805796
LA,Webster,2010.002242
LA,West Baton Rouge,979.5605205
LA,West Carroll,153.9539217
LA,West Feliciana,372.6290658
LA,Winn,1038.68426
ME,Androscoggin,2470.373501
ME,Aroostook,1275.852073
ME,Cumberland,13550.1698
ME,Franklin,58.79456819
ME,Hancock,654.6893378
ME,Kennebec,2175.760323
ME,Knox,846.8354463
ME,Lincoln,307.6376682
ME,Oxford,1014.546049
ME,Penobscot,4907.837477
ME,Piscataquis,110.6860829
ME,Sagadahoc,676.4037284
ME,Somerset,800.7423435
ME,Waldo,747.9211585
ME,Washington,777.8606849
ME,York,6368.105574
MD,Allegany,4083.217323
MD,Anne Arundel,35856.19138
MD,Baltimore,36259.99643
MD,Calvert,8192.062109
MD,Caroline,560.4949543
MD,Carroll,10907.77851
MD,Cecil,5022.969247
MD,Charles,13164.06499
MD,Dorchester,607.6139699
MD,Frederick,13253.82397
MD,Garrett,274.3717584
MD,Harford,15566.461
MD,Howard,17136.93032
MD,Kent,3.560935637
MD,Montgomery,40687.27109
MD,Prince George's,51782.74917
MD,Queen Anne's,2688.597922
MD,St. Mary's,3525.699211
MD,Somerset,797.996417
MD,Talbot,1027.58546
MD,Washington,7398.055354
MD,Wicomico,6218.029139
MD,Worcester,1708.835151
MD,Baltimore,4882.348146
MA,Barnstable,19545.70675
MA,Berkshire,5619.325066
MA,Bristol,38482.17953
MA,Dukes,479.7425776
MA,Essex,55728.09037
MA,Franklin,2395.504851
MA,Hampden,25626.70897
MA,Hampshire,8860.21462
MA,Middlesex,98142.92213
MA,Nantucket,362.6618638
MA,Norfolk,58911.93047
MA,Plymouth,54983.617
MA,Suffolk,3996.860983
MA,Worcester,57981.31317
MI,Alcona,164.3121611
MI,Alger,603.0690585
MI,Allegan,1675.795412
MI,Alpena,432.8514992
MI,Antrim,22.03058529
MI,Arenac,6.904027242
MI,Baraga,182.0304729
MI,Barry,422.8481262
MI,Bay,4268.758367
MI,Benzie,0
MI,Berrien,9019.910794
MI,Branch,1686.506229
MI,Calhoun,7502.666301
MI,Cass,671.6081371
MI,Charlevoix,386.1880619
MI,Cheboygan,682.3518694
MI,Chippewa,2410.355859
MI,Clare,399.1489442
MI,Clinton,3661.449623
MI,Crawford,444.7940817
MI,Delta,1624.289512
MI,Dickinson,1753.163439
MI,Eaton,5285.549038
MI,Emmet,1424.265067
MI,Genesee,32405.86241
MI,Gladwin,343.0733717
MI,Gogebic,356.927201
MI,Grand Traverse,3544.426048
MI,Gratiot,548.7874883
MI,Hillsdale,537.3468549
MI,Houghton,722.0061627
MI,Huron,1967.880676
MI,Ingham,21594.07108
MI,Ionia,412.0628129
MI,Iosco,1240.060588
MI,Iron,360.25564
MI,Isabella,1009.292628
MI,Jackson,9684.360587
MI,Kalamazoo,15530.87788
MI,Kalkaska,189.7816794
MI,Kent,34616.13625
MI,Keweenaw,27.98285672
MI,Lake,365.2720077
MI,Lapeer,2005.389539
MI,Leelanau,640.3624891
MI,Lenawee,4900.582781
MI,Livingston,13872.53807
MI,Luce,102.9435241
MI,Mackinac,552.5363532
MI,Macomb,46995.97609
MI,Manistee,373.2848806
MI,Marquette,1698.875955
MI,Mason,367.6712776
MI,Mecosta,1407.002685
MI,Menominee,237.0944968
MI,Midland,5126.535577
MI,Missaukee,261.0159967
MI,Monroe,7393.536348
MI,Montcalm,1014.32244
MI,Montmorency,34.77536838
MI,Muskegon,15182.76683
MI,Newaygo,410.9510388
MI,Oakland,89262.7788
MI,Oceana,229.3786285
MI,Ogemaw,0.935864583
MI,Ontonagon,310.812547
MI,Osceola,927.182797
MI,Oscoda,0.004179402
MI,Otsego,686.2522734
MI,Ottawa,22793.20191
MI,Presque Isle,532.3109306
MI,Roscommon,720.5961012
MI,Saginaw,9158.653309
MI,St. Clair,12157.1974
MI,St. Joseph,1950.232019
MI,Sanilac,509.8824207
MI,Schoolcraft,328.6544278
MI,Shiawassee,2908.857097
MI,Tuscola,882.8410771
MI,Van Buren,1119.181947
MI,Washtenaw,20368.544
MI,Wayne,66509.56419
MI,Wexford,756.840411
MN,Aitkin,855.3659169
MN,Anoka,33511.80866
MN,Becker,3191.054281
MN,Beltrami,1962.046199
MN,Benton,2088.852014
MN,Big Stone,542.0262005
MN,Blue Earth,3723.879286
MN,Brown,1722.316735
MN,Carlton,1952.312801
MN,Carver,8062.486591
MN,Cass,993.7264093
MN,Chippewa,323.5284744
MN,Chisago,998.5307795
MN,Clay,3065.944006
MN,Clearwater,798.2444561
MN,Cook,251.1393332
MN,Cottonwood,1208.978979
MN,Crow Wing,1289.309167
MN,Dakota,42222.48491
MN,Dodge,633.4875446
MN,Douglas,3001.025929
MN,Faribault,431.2814075
MN,Fillmore,136.3112133
MN,Freeborn,2110.288208
MN,Goodhue,2648.433886
MN,Grant,580.5905619
MN,Hennepin,85045.40616
MN,Houston,520.2213102
MN,Hubbard,898.0883213
MN,Isanti,1194.014707
MN,Itasca,1508.880736
MN,Jackson,712.6050592
MN,Kanabec,95.88326077
MN,Kandiyohi,2720.848007
MN,Kittson,255.1253393
MN,Koochiching,1224.860953
MN,Lac qui Parle,211.5625471
MN,Lake,137.191887
MN,Lake of the Woods,313.6057887
MN,Le Sueur,235.3360908
MN,Lincoln,1273.166455
MN,Lyon,1628.141098
MN,McLeod,1988.340948
MN,Mahnomen,613.7780156
MN,Marshall,1419.303099
MN,Martin,1888.49693
MN,Meeker,865.7159052
MN,Mille Lacs,412.1390334
MN,Morrison,2725.732619
MN,Mower,3385.518858
MN,Murray,756.806872
MN,Nicollet,2652.810483
MN,Nobles,2049.891182
MN,Norman,423.9205939
MN,Olmsted,8091.533488
MN,Otter Tail,2019.118367
MN,Pennington,640.6745508
MN,Pine,1052.94435
MN,Pipestone,794.8878233
MN,Polk,2108.275181
MN,Pope,316.9530505
MN,Ramsey,28872.53506
MN,Red Lake,409.1116436
MN,Redwood,1746.428512
MN,Renville,1877.877255
MN,Rice,2992.34596
MN,Rock,534.6729434
MN,Roseau,1121.919913
MN,St. Louis,11022.4998
MN,Scott,8041.543859
MN,Sherburne,3563.052202
MN,Sibley,110.2341305
MN,Stearns,6311.562055
MN,Steele,2760.746334
MN,Stevens,343.7392244
MN,Swift,992.730999
MN,Todd,2085.318179
MN,Traverse,315.0988656
MN,Wabasha,506.8236639
MN,Wadena,1594.57387
MN,Waseca,1349.538978
MN,Washington,25063.72828
MN,Watonwan,108.0223284
MN,Wilkin,474.7963264
MN,Winona,1671.008077
MN,Wright,5541.929809
MN,Yellow Medicine,849.3309313
MS,Adams,1961.369194
MS,Alcorn,862.1861864
MS,Amite,516.9606173
MS,Attala,484.2948913
MS,Benton,877.1545938
MS,Bolivar,3677.008912
MS,Calhoun,258.223435
MS,Carroll,1078.789109
MS,Chickasaw,251.4964167
MS,Choctaw,70.01607009
MS,Claiborne,350.4598932
MS,Clarke,530.9773813
MS,Clay,811.1939366
MS,Coahoma,1855.882254
MS,Copiah,2408.699541
MS,Covington,0
MS,DeSoto,12631.82281
MS,Forrest,2291.95562
MS,Franklin,672.1910678
MS,George,650.6335579
MS,Greene,624.3452755
MS,Grenada,1054.340629
MS,Hancock,4634.638454
MS,Harrison,19695.24116
MS,Hinds,18590.01785
MS,Holmes,1555.62367
MS,Humphreys,481.3728595
MS,Issaquena,86.56535256
MS,Itawamba,528.6389938
MS,Jackson,8592.367008
MS,Jasper,458.8637578
MS,Jefferson,168.4874231
MS,Jefferson Davis,60.88009196
MS,Jones,2656.920485
MS,Kemper,925.7374829
MS,Lafayette,2021.882064
MS,Lamar,2119.578511
MS,Lauderdale,3619.017998
MS,Lawrence,680.4832931
MS,Leake,726.2392445
MS,Lee,4588.314178
MS,Leflore,2796.550258
MS,Lincoln,2146.397419
MS,Lowndes,3362.522236
MS,Madison,5539.460974
MS,Marion,1197.193321
MS,Marshall,1418.745241
MS,Monroe,697.9528453
MS,Montgomery,1666.816778
MS,Neshoba,579.2986591
MS,Newton,619.9646532
MS,Noxubee,446.2621683
MS,Oktibbeha,2207.206576
MS,Panola,2117.730204
MS,Pearl River,1839.41513
MS,Perry,180.5222384
MS,Pike,931.064436
MS,Pontotoc,758.9862364
MS,Prentiss,302.4184427
MS,Quitman,801.5009623
MS,Rankin,8737.281035
MS,Scott,1157.280031
MS,Sharkey,78.50271334
MS,Simpson,569.6502141
MS,Smith,583.8333495
MS,Stone,1227.356201
MS,Sunflower,1828.767906
MS,Tallahatchie,1560.389625
MS,Tate,2520.896374
MS,Tippah,385.1510053
MS,Tishomingo,0
MS,Tunica,831.1129014
MS,Union,930.9514203
MS,Walthall,1100.589061
MS,Warren,3834.669727
MS,Washington,2345.880375
MS,Wayne,237.9994394
MS,Webster,301.9493359
MS,Wilkinson,351.2490131
MS,Winston,745.1831305
MS,Yalobusha,664.8704406
MS,Yazoo,2894.969742
MO,Adair,860.1860318
MO,Andrew,640.4130419
MO,Atchison,52.86823242
MO,Audrain,1064.574613
MO,Barry,732.4895223
MO,Barton,746.3907868
MO,Bates,180.2725924
MO,Benton,190.2172289
MO,Bollinger,828.3704936
MO,Boone,10987.87833
MO,Buchanan,4218.118018
MO,Butler,1856.077057
MO,Caldwell,458.6170497
MO,Callaway,1479.871429
MO,Camden,707.4613528
MO,Cape Girardeau,4614.810308
MO,Carroll,454.4878322
MO,Carter,815.6029194
MO,Cass,8846.439069
MO,Cedar,261.7757318
MO,Chariton,526.2628966
MO,Christian,3628.588123
MO,Clark,189.4749319
MO,Clay,17571.2266
MO,Clinton,432.6772586
MO,Cole,4570.991563
MO,Cooper,963.4053333
MO,Crawford,262.5388512
MO,Dade,120.8178505
MO,Dallas,837.8847716
MO,Daviess,454.8049191
MO,DeKalb,1215.157011
MO,Dent,507.9399444
MO,Douglas,1012.11897
MO,Dunklin,594.9813436
MO,Franklin,1925.602517
MO,Gasconade,200.4992889
MO,Gentry,38.41151077
MO,Greene,13299.65297
MO,Grundy,739.2999295
MO,Harrison,540.6542517
MO,Henry,1254.448281
MO,Hickory,144.3930039
MO,Holt,966.8772368
MO,Howard,618.8084866
MO,Howell,1770.907526
MO,Iron,461.6801475
MO,Jackson,42130.99783
MO,Jasper,6798.416792
MO,Jefferson,16230.06333
MO,Johnson,2165.536507
MO,Knox,169.3799931
MO,Laclede,1771.685294
MO,Lafayette,1410.203666
MO,Lawrence,1146.615782
MO,Lewis,973.2970957
MO,Lincoln,2226.987013
MO,Linn,883.1249862
MO,Livingston,404.2155217
MO,McDonald,448.0004447
MO,Macon,539.5396868
MO,Madison,449.7280061
MO,Maries,102.9595308
MO,Marion,1147.739205
MO,Mercer,125.2728269
MO,Miller,279.8993545
MO,Mississippi,16.45245186
MO,Moniteau,392.6252613
MO,Monroe,83.41311845
MO,Montgomery,245.2186638
MO,Morgan,145.5626602
MO,New Madrid,168.849816
MO,Newton,2938.499135
MO,Nodaway,1850.491288
MO,Oregon,340.5805201
MO,Osage,546.0967848
MO,Ozark,1096.630614
MO,Pemiscot,439.4663812
MO,Perry,672.9251199
MO,Pettis,1788.657497
MO,Phelps,1406.729731
MO,Pike,1112.773114
MO,Platte,7683.994475
MO,Polk,553.3200508
MO,Pulaski,2714.612437
MO,Putnam,296.2367252
MO,Ralls,195.8469688
MO,Randolph,944.1954239
MO,Ray,741.0008568
MO,Reynolds,670.3902369
MO,Ripley,696.975654
MO,St. Charles,37592.87151
MO,St. Clair,133.8393754
MO,Ste. Genevieve,1296.496169
MO,St. Francois,1690.06472
MO,St. Louis,65207.20916
MO,Saline,1456.743948
MO,Schuyler,913.5632912
MO,Scotland,203.0389642
MO,Scott,2887.724633
MO,Shannon,543.8772622
MO,Shelby,694.1159431
MO,Stoddard,436.9341907
MO,Stone,54.30127077
MO,Sullivan,435.4426275
MO,Taney,2350.144028
MO,Texas,1104.993164
MO,Vernon,1060.751988
MO,Warren,601.9989991
MO,Washington,964.7104996
MO,Wayne,972.9093099
MO,Webster,433.4059069
MO,Worth,141.4752325
MO,Wright,543.9140886
MO,St. Louis,6410.704408
MT,Beaverhead,373.2960561
MT,Big Horn,2103.896686
MT,Blaine,717.5835086
MT,Broadwater,328.8858022
MT,Carbon,765.825521
MT,Carter,202.9999989
MT,Cascade,4297.259539
MT,Chouteau,1249.098918
MT,Custer,1012.820636
MT,Daniels,367.9999992
MT,Dawson,815.3557928
MT,Deer Lodge,104.5907754
MT,Fallon,153.048849
MT,Fergus,715.3875912
MT,Flathead,2566.08037
MT,Gallatin,2993.65658
MT,Garfield,159.1426348
MT,Glacier,1068.169942
MT,Golden Valley,192.0000014
MT,Granite,287.2533776
MT,Hill,2167.799139
MT,Jefferson,745.714726
MT,Judith Basin,262.2497101
MT,Lake,1302.187463
MT,Lewis and Clark,3360.0669
MT,Liberty,276.0428318
MT,Lincoln,470.108501
MT,McCone,341.164469
MT,Madison,461.7023132
MT,Meagher,365.0000032
MT,Mineral,354.0158005
MT,Missoula,6872.310253
MT,Musselshell,277.9660292
MT,Park,1143.544066
MT,Petroleum,113.0000005
MT,Phillips,349.5156564
MT,Pondera,767.1822728
MT,Powder River,194.8476521
MT,Powell,285.3953225
MT,Prairie,208.9999997
MT,Ravalli,309.2661155
MT,Richland,812.4260063
MT,Roosevelt,1921.244509
MT,Rosebud,673.9056774
MT,Sanders,1006.650988
MT,Sheridan,226.3139175
MT,Silver Bow,1552.71905
MT,Stillwater,288.4499187
MT,Sweet Grass,200.7679079
MT,Teton,885.0652602
MT,Toole,411.9824543
MT,Treasure,133.9999997
MT,Valley,689.3542106
MT,Wheatland,512.9999997
MT,Wibaux,118.7688845
MT,Yellowstone,9808.458889
NE,Adams,1762.043381
NE,Antelope,627.2229498
NE,Arthur,125.000001
NE,Banner,154.0000017
NE,Blaine,117.0000003
NE,Boone,376.8066305
NE,Box Butte,967.0033736
NE,Boyd,451
NE,Brown,58.77227563
NE,Buffalo,3786.067605
NE,Burt,652.3640695
NE,Butler,307.505778
NE,Cass,1809.38522
NE,Cedar,868.487375
NE,Chase,257.4047575
NE,Cherry,530.346053
NE,Cheyenne,409.8629318
NE,Clay,773.4177517
NE,Colfax,647.326295
NE,Cuming,736.0136559
NE,Custer,1283.799803
NE,Dakota,1159.779771
NE,Dawes,379.0892726
NE,Dawson,2603.664388
NE,Deuel,92.43189534
NE,Dixon,661.0967066
NE,Dodge,2428.881378
NE,Douglas,20073.99896
NE,Dundy,135.9843781
NE,Fillmore,333.9718365
NE,Franklin,324.2397408
NE,Frontier,594.0000001
NE,Furnas,520.5247358
NE,Gage,1590.173019
NE,Garden,381.7491186
NE,Garfield,40.82818661
NE,Gosper,317.9445989
NE,Grant,114.9999994
NE,Greeley,370.0309818
NE,Hall,3320.06056
NE,Hamilton,156.1470804
NE,Harlan,47.062683
NE,Hayes,222.9999998
NE,Hitchcock,544.1326731
NE,Holt,564.9816964
NE,Hooker,156.9999996
NE,Howard,304.8267195
NE,Jefferson,386.2206732
NE,Johnson,334.9202368
NE,Kearney,184.7670777
NE,Keith,353.7606423
NE,Keya Paha,179.0000006
NE,Kimball,55.39269857
NE,Knox,1602.878911
NE,Lancaster,10203.42051
NE,Lincoln,2166.1803
NE,Logan,191.999999
NE,Loup,121.1493343
NE,McPherson,151.0000013
NE,Madison,2675.69554
NE,Merrick,752.9763429
NE,Morrill,608.4356499
NE,Nance,818.7761817
NE,Nemaha,137.1029777
NE,Nuckolls,358.4591473
NE,Otoe,545.1214652
NE,Pawnee,113.4185881
NE,Perkins,732.2214495
NE,Phelps,459.8691876
NE,Pierce,1514.648195
NE,Platte,1448.114168
NE,Polk,1229.071858
NE,Red Willow,1316.726084
NE,Richardson,437.0617241
NE,Rock,86.52145277
NE,Saline,860.1408536
NE,Sarpy,14146.21677
NE,Saunders,765.3205154
NE,Scotts Bluff,2844.380664
NE,Seward,845.0985537
NE,Sheridan,365.0368123
NE,Sherman,290.4991071
NE,Sioux,175.1293309
NE,Stanton,1111.500003
NE,Thayer,272.323635
NE,Thomas,148
NE,Thurston,396.6121278
NE,Valley,213.4738205
NE,Washington,126.0378586
NE,Wayne,186.0236399
NE,Webster,860.999999
NE,Wheeler,200.9999982
NE,York,826.4884047
NV,Churchill,1721.501894
NV,Clark,40679.60078
NV,Douglas,5508.127569
NV,Elko,3237.845674
NV,Esmeralda,127.9999997
NV,Eureka,473.141395
NV,Humboldt,1337.62074
NV,Lander,207.4398559
NV,Lincoln,1437.000001
NV,Lyon,5326.708249
NV,Mineral,344.3697352
NV,Nye,3919.908476
NV,Pershing,221.7797517
NV,Storey,48.68714848
NV,Washoe,20657.73355
NV,White Pine,844.0085393
NV,Carson City,1530.982533
NH,Belknap,1830.871699
NH,Carroll,52.84704057
NH,Cheshire,2287.997045
NH,Coos,896.2367131
NH,Grafton,1675.235372
NH,Hillsborough,27511.9235
NH,Merrimack,6918.260985
NH,Rockingham,27155.74932
NH,Strafford,6403.221455
NH,Sullivan,1415.013067
NJ,Atlantic,23822.02556
NJ,Bergen,26038.49997
NJ,Burlington,39650.00946
NJ,Camden,33981.39798
NJ,Cape May,6539.406171
NJ,Cumberland,10432.02468
NJ,Essex,16687.43386
NJ,Gloucester,31291.91558
NJ,Hudson,391.8606235
NJ,Hunterdon,7286.560059
NJ,Mercer,21303.90117
NJ,Middlesex,53762.11014
NJ,Monmouth,53841.24995
NJ,Morris,46193.53597
NJ,Ocean,60921.05677
NJ,Passaic,14160.96907
NJ,Salem,1832.822797
NJ,Somerset,35566.35111
NJ,Sussex,13096.43243
NJ,Union,16531.21685
NJ,Warren,7563.905103
NM,Bernalillo,35846.81162
NM,Catron,590.0000015
NM,Chaves,5398.43852
NM,Cibola,2421.46524
NM,Colfax,1426.662167
NM,Curry,5207.158056
NM,De Baca,451.0000005
NM,Doña Ana,24351.07625
NM,Eddy,5105.630172
NM,Grant,2170.03926
NM,Guadalupe,319.7283022
NM,Harding,92.00000023
NM,Hidalgo,387.6295614
NM,Lea,2677.710079
NM,Lincoln,1640.837168
NM,Los Alamos,1882.688242
NM,Luna,1832.999341
NM,McKinley,12382.1374
NM,Mora,328.0266234
NM,Otero,7545.912025
NM,Quay,532.7505385
NM,Rio Arriba,4829.046265
NM,Roosevelt,1260.474783
NM,Sandoval,15975.60806
NM,San Juan,11816.57839
NM,San Miguel,2029.502929
NM,Santa Fe,11176.20577
NM,Sierra,900.5267625
NM,Socorro,1545.180819
NM,Taos,3196.424007
NM,Torrance,824.5211736
NM,Union,266.510723
NM,Valencia,9176.774344
NY,Albany,17281.89568
NY,Allegany,327.5137184
NY,Bronx,1151.734141
NY,Broome,7037.299044
NY,Cattaraugus,923.9078414
NY,Cayuga,1282.490283
NY,Chautauqua,3104.423068
NY,Chemung,4239.533395
NY,Chenango,172.0642597
NY,Clinton,3618.520819
NY,Columbia,2040.441495
NY,Cortland,1188.86857
NY,Delaware,269.7641312
NY,Dutchess,22817.198
NY,Erie,50625.91594
NY,Essex,555.1714115
NY,Franklin,1116.198748
NY,Fulton,1156.233347
NY,Genesee,723.8504876
NY,Greene,1297.584991
NY,Hamilton,194.3327318
NY,Herkimer,1746.594976
NY,Jefferson,4909.367056
NY,Kings,83.63119191
NY,Lewis,852.405951
NY,Livingston,1511.583551
NY,Madison,2509.378274
NY,Monroe,55366.62842
NY,Montgomery,5511.473055
NY,Nassau,17357.23816
NY,New York,0
NY,Niagara,10157.62864
NY,Oneida,9588.101806
NY,Onondaga,29402.38075
NY,Ontario,3727.830946
NY,Orange,23985.19734
NY,Orleans,1584.575103
NY,Oswego,2327.28065
NY,Otsego,1712.150729
NY,Putnam,9300.586731
NY,Queens,1794.516509
NY,Rensselaer,7993.788156
NY,Richmond,5053.429926
NY,Rockland,22987.50978
NY,St. Lawrence,3604.769003
NY,Saratoga,16021.7691
NY,Schenectady,12941.3715
NY,Schoharie,593.6309983
NY,Schuyler,242.2609493
NY,Seneca,297.4369111
NY,Steuben,2622.116799
NY,Suffolk,109930.8626
NY,Sullivan,3066.949806
NY,Tioga,1728.650812
NY,Tompkins,2177.455772
NY,Ulster,10177.78159
NY,Warren,2695.309993
NY,Washington,1694.841445
NY,Wayne,3721.454272
NY,Westchester,37518.93069
NY,Wyoming,947.4080138
NY,Yates,59.53101545
NC,Alamance,9469.26874
NC,Alexander,568.0520851
NC,Alleghany,61.02513169
NC,Anson,389.3156329
NC,Ashe,244.8147757
NC,Avery,0
NC,Beaufort,1588.090578
NC,Bertie,346.9636544
NC,Bladen,411.5563969
NC,Brunswick,3348.001939
NC,Buncombe,12670.82032
NC,Burke,5571.409826
NC,Cabarrus,10951.03236
NC,Caldwell,6815.191045
NC,Camden,91.03593557
NC,Carteret,2903.598353
NC,Caswell,534.3657828
NC,Catawba,10328.14174
NC,Chatham,1293.682587
NC,Cherokee,15.20820633
NC,Chowan,717.5379736
NC,Clay,65.89085878
NC,Cleveland,2981.167912
NC,Columbus,218.9352463
NC,Craven,5632.509579
NC,Cumberland,28521.89955
NC,Currituck,653.0275181
NC,Dare,2674.538477
NC,Davidson,6941.924697
NC,Davie,1105.752366
NC,Duplin,227.1066433
NC,Durham,17434.63085
NC,Edgecombe,2442.554323
NC,Forsyth,34720.7606
NC,Franklin,683.542518
NC,Gaston,14506.84762
NC,Gates,0.984120776
NC,Graham,40.40955594
NC,Granville,871.867068
NC,Greene,0
NC,Guilford,23864.07013
NC,Halifax,2526.764728
NC,Harnett,3126.973721
NC,Haywood,2476.006145
NC,Henderson,4370.486603
NC,Hertford,686.0191301
NC,Hoke,3365.257727
NC,Hyde,514.0200857
NC,Iredell,6504.723504
NC,Jackson,399.8514291
NC,Johnston,2446.994246
NC,Jones,0.051386531
NC,Lee,3518.855527
NC,Lenoir,1617.296371
NC,Lincoln,2774.26184
NC,McDowell,785.5854491
NC,Macon,446.6565406
NC,Madison,424.5001076
NC,Martin,128.5907991
NC,Mecklenburg,56271.85134
NC,Mitchell,153.8645599
NC,Montgomery,61.43248754
NC,Moore,4147.91197
NC,Nash,3219.411237
NC,New Hanover,13560.81966
NC,Northampton,204.9815029
NC,Onslow,15697.60912
NC,Orange,5447.803849
NC,Pamlico,130.1882996
NC,Pasquotank,1791.586095
NC,Pender,809.8470776
NC,Perquimans,61.20985519
NC,Person,699.7165118
NC,Pitt,3642.052314
NC,Polk,15.81706463
NC,Randolph,6303.762828
NC,Richmond,1275.549907
NC,Robeson,3551.441703
NC,Rockingham,4793.280557
NC,Rowan,7963.029825
NC,Rutherford,3520.887552
NC,Sampson,621.6095232
NC,Scotland,1430.083658
NC,Stanly,1018.783737
NC,Stokes,1868.819123
NC,Surry,1569.381008
NC,Swain,185.5270384
NC,Transylvania,594.1223126
NC,Tyrrell,84.95541542
NC,Union,9993.427069
NC,Vance,1118.863077
NC,Wake,47207.55733
NC,Warren,400.8493802
NC,Washington,756.9045664
NC,Watauga,633.0435548
NC,Wayne,6271.437179
NC,Wilkes,1858.459813
NC,Wilson,1454.38245
NC,Yadkin,141.2248432
NC,Yancey,0.016001675
ND,Adams,92.90265841
ND,Barnes,677.8525687
ND,Benson,688.0444776
ND,Billings,137.9999998
ND,Bottineau,583.7595103
ND,Bowman,198.4892771
ND,Burke,408.999998
ND,Burleigh,4666.471309
ND,Cass,6002.73907
ND,Cavalier,268.7583811
ND,Dickey,615.4614228
ND,Divide,112.8781777
ND,Dunn,724.0011148
ND,Eddy,146.3123749
ND,Emmons,370.6234282
ND,Foster,112.3304221
ND,Golden Valley,98.55605082
ND,Grand Forks,4509.951931
ND,Grant,274.7995279
ND,Griggs,131.819133
ND,Hettinger,468.0000002
ND,Kidder,522.9259164
ND,LaMoure,872.9999991
ND,Logan,406.5733667
ND,McHenry,1179.000001
ND,McIntosh,131.113877
ND,McKenzie,754.1429532
ND,McLean,992.893884
ND,Mercer,293.9937722
ND,Morton,2063.815551
ND,Mountrail,217.4098516
ND,Nelson,559.9999981
ND,Oliver,347.2052095
ND,Pembina,752.4251012
ND,Pierce,223.2202486
ND,Ramsey,566.1811363
ND,Ransom,237.1856537
ND,Renville,394.8032385
ND,Richland,1970.450739
ND,Rolette,195.797285
ND,Sargent,198.8227544
ND,Sheridan,180.3405933
ND,Sioux,604.0536159
ND,Slope,135.7114601
ND,Stark,1493.520446
ND,Steele,404.1577485
ND,Stutsman,1474.270707
ND,Towner,414.2222024
ND,Traill,549.7525621
ND,Walsh,383.8861317
ND,Ward,6165.304307
ND,Wells,262.1645957
ND,Williams,1151.318436
OH,Adams,214.5706005
OH,Allen,5468.054128
OH,Ashland,406.2880994
OH,Ashtabula,3991.216444
OH,Athens,2303.396397
OH,Auglaize,485.4692816
OH,Belmont,1568.297652
OH,Brown,1038.348766
OH,Butler,30688.14749
OH,Carroll,327.5921779
OH,Champaign,85.22681612
OH,Clark,6315.815309
OH,Clermont,21924.05278
OH,Clinton,979.6074953
OH,Columbiana,4045.037397
OH,Coshocton,1420.315656
OH,Crawford,513.9660779
OH,Cuyahoga,54216.85848
OH,Darke,477.2648181
OH,Defiance,1655.610005
OH,Delaware,14704.71839
OH,Erie,4822.334503
OH,Fairfield,9713.229459
OH,Fayette,304.2660496
OH,Franklin,73099.31773
OH,Fulton,1483.37933
OH,Gallia,530.5501495
OH,Geauga,4309.010817
OH,Greene,11762.68985
OH,Guernsey,1401.092378
OH,Hamilton,55259.43929
OH,Hancock,2828.474905
OH,Hardin,480.3219394
OH,Harrison,84.44387133
OH,Henry,948.4843899
OH,Highland,469.3389374
OH,Hocking,1227.955645
OH,Holmes,203.6590108
OH,Huron,1767.706879
OH,Jackson,381.6032598
OH,Jefferson,2958.37798
OH,Knox,1930.709825
OH,Lake,20550.68167
OH,Lawrence,2152.201308
OH,Licking,6831.154452
OH,Logan,674.604505
OH,Lorain,19460.7211
OH,Lucas,18525.79279
OH,Madison,1687.235958
OH,Mahoning,15017.07239
OH,Marion,4850.058775
OH,Medina,12255.83451
OH,Meigs,1148.936978
OH,Mercer,796.0458304
OH,Miami,4192.442452
OH,Monroe,214.5165105
OH,Montgomery,38068.69214
OH,Morgan,254.6769114
OH,Morrow,40.62201284
OH,Muskingum,3808.405104
OH,Noble,377.5512133
OH,Ottawa,1958.236733
OH,Paulding,723.6348055
OH,Perry,1094.142002
OH,Pickaway,925.3947414
OH,Pike,1606.442515
OH,Portage,7518.723411
OH,Preble,57.68474836
OH,Putnam,1231.550321
OH,Richland,5096.283809
OH,Ross,1614.175394
OH,Sandusky,1439.36538
OH,Scioto,3079.165817
OH,Seneca,1277.976553
OH,Shelby,1967.640011
OH,Stark,24464.13168
OH,Summit,44590.84428
OH,Trumbull,9912.349213
OH,Tuscarawas,4049.759127
OH,Union,1650.273061
OH,Van Wert,850.140218
OH,Vinton,506.9239613
OH,Warren,20243.77295
OH,Washington,1064.811457
OH,Wayne,4090.437476
OH,Williams,1321.391872
OH,Wood,9018.653874
OH,Wyandot,239.5990248
OK,Adair,454.7525409
OK,Alfalfa,513.4301708
OK,Atoka,1226.119193
OK,Beaver,522.3007321
OK,Beckham,868.1656994
OK,Blaine,1279.370036
OK,Bryan,2011.709442
OK,Caddo,2154.244407
OK,Canadian,8781.784787
OK,Carter,1126.833082
OK,Cherokee,2624.454649
OK,Choctaw,1511.74646
OK,Cimarron,251.5982975
OK,Cleveland,13799.79045
OK,Coal,404.9057636
OK,Comanche,10755.81596
OK,Cotton,97.32824637
OK,Craig,660.3016224
OK,Creek,3074.389149
OK,Custer,1497.78888
OK,Delaware,2106.780174
OK,Dewey,1221
OK,Ellis,1026.564606
OK,Garfield,3703.706184
OK,Garvin,2234.875891
OK,Grady,1839.042787
OK,Grant,626.0797628
OK,Greer,98.23049513
OK,Harmon,50.13915391
OK,Harper,456.4006369
OK,Haskell,1201.996773
OK,Hughes,834.9478544
OK,Jackson,1254.337135
OK,Jefferson,372.5111607
OK,Johnston,862.2509378
OK,Kay,2552.31812
OK,Kingfisher,624.5937842
OK,Kiowa,760.1898388
OK,Latimer,663.2398164
OK,Le Flore,1581.227075
OK,Lincoln,1748.580106
OK,Logan,2181.138568
OK,Love,435.3975973
OK,McClain,903.1117202
OK,McCurtain,1322.001611
OK,McIntosh,505.4281547
OK,Major,809.247058
OK,Marshall,476.4641541
OK,Mayes,310.6782713
OK,Murray,247.7885537
OK,Muskogee,2455.943032
OK,Noble,909.6510181
OK,Nowata,656.2080139
OK,Okfuskee,466.9452768
OK,Oklahoma,47793.63839
OK,Okmulgee,2498.125902
OK,Osage,3614.360974
OK,Ottawa,1311.631506
OK,Pawnee,76.14216413
OK,Payne,4050.724312
OK,Pittsburg,3993.208154
OK,Pontotoc,1929.183117
OK,Pottawatomie,3158.970093
OK,Pushmataha,600.7054244
OK,Roger Mills,467.7247649
OK,Rogers,5952.687146
OK,Seminole,612.1654852
OK,Sequoyah,888.8682989
OK,Stephens,1758.989553
OK,Texas,4912.059402
OK,Tillman,677.2206684
OK,Tulsa,40703.83933
OK,Wagoner,6357.738587
OK,Washington,4155.020633
OK,Washita,1326.301077
OK,Woods,608.5482081
OK,Woodward,1076.407575
OR,Baker,1105.725731
OR,Benton,3888.279918
OR,Clackamas,15728.48964
OR,Clatsop,2571.244224
OR,Columbia,1620.466784
OR,Coos,1297.546377
OR,Crook,622.2685083
OR,Curry,369.4070483
OR,Deschutes,6098.6478
OR,Douglas,6218.408075
OR,Gilliam,217.53918
OR,Grant,543.8092356
OR,Harney,557.1139347
OR,Hood River,414.2427018
OR,Jackson,7667.171701
OR,Jefferson,1143.667877
OR,Josephine,3131.926394
OR,Klamath,4635.421362
OR,Lake,676.9965712
OR,Lane,11870.48699
OR,Lincoln,1167.42906
OR,Linn,6921.606136
OR,Malheur,509.8035737
OR,Marion,12570.72344
OR,Morrow,924.7635458
OR,Multnomah,21894.03186
OR,Polk,4920.03869
OR,Sherman,146.4292855
OR,Tillamook,1110.905668
OR,Umatilla,5117.138693
OR,Union,2875.473649
OR,Wallowa,349.1851858
OR,Wasco,2389.472814
OR,Washington,21123.14497
OR,Wheeler,258.9999995
OR,Yamhill,4696.622156
PA,Adams,2748.418002
PA,Allegheny,75347.87387
PA,Armstrong,791.4009119
PA,Beaver,13982.33628
PA,Bedford,1370.919047
PA,Berks,14356.50815
PA,Blair,4535.232295
PA,Bradford,1802.648949
PA,Bucks,51319.16937
PA,Butler,9602.482694
PA,Cambria,5500.699793
PA,Cameron,58.25538043
PA,Carbon,1647.65986
PA,Centre,3925.967362
PA,Chester,51540.76085
PA,Clarion,464.168012
PA,Clearfield,2142.515404
PA,Clinton,1717.970235
PA,Columbia,1451.655087
PA,Crawford,2068.36937
PA,Cumberland,9806.153266
PA,Dauphin,26460.96434
PA,Delaware,26556.53781
PA,Elk,588.156389
PA,Erie,15912.60079
PA,Fayette,4735.677867
PA,Forest,11.57609781
PA,Franklin,7172.483991
PA,Fulton,432.8246412
PA,Greene,1337.501906
PA,Huntingdon,301.6280122
PA,Indiana,1884.454723
PA,Jefferson,384.2506539
PA,Juniata,983.2545338
PA,Lackawanna,5272.499271
PA,Lancaster,33022.2454
PA,Lawrence,5693.002737
PA,Lebanon,5251.263555
PA,Lehigh,21894.53566
PA,Luzerne,10853.9139
PA,Lycoming,4793.812251
PA,McKean,236.4902943
PA,Mercer,3541.313956
PA,Mifflin,779.1280228
PA,Monroe,13543.80019
PA,Montgomery,55161.10188
PA,Montour,342.5277775
PA,Northampton,15943.53637
PA,Northumberland,2254.378617
PA,Perry,1421.983634
PA,Philadelphia,2445.103991
PA,Pike,809.8486443
PA,Potter,805.4322061
PA,Schuylkill,2094.454364
PA,Snyder,520.0104357
PA,Somerset,2105.513349
PA,Sullivan,349.9935441
PA,Susquehanna,463.0033856
PA,Tioga,277.6262642
PA,Union,1840.069402
PA,Venango,983.4473897
PA,Warren,1299.340748
PA,Washington,12364.82522
PA,Wayne,418.1275055
PA,Westmoreland,24628.75409
PA,Wyoming,171.2522667
PA,York,27543.79248
RI,Bristol,4619.847453
RI,Kent,11563.80561
RI,Newport,6154.202631
RI,Providence,25357.42755
RI,Washington,7687.970813
SC,Abbeville,1786.896517
SC,Aiken,8258.468763
SC,Allendale,40.50488747
SC,Anderson,14008.48845
SC,Bamberg,451.299656
SC,Barnwell,111.0978834
SC,Beaufort,11280.34579
SC,Berkeley,10423.48275
SC,Calhoun,22.4340828
SC,Charleston,14726.51917
SC,Cherokee,1559.596843
SC,Chester,1436.805972
SC,Chesterfield,1553.788105
SC,Clarendon,431.2949091
SC,Colleton,2196.787035
SC,Darlington,2221.866623
SC,Dillon,979.6842953
SC,Dorchester,7463.183912
SC,Edgefield,369.7296895
SC,Fairfield,973.6578052
SC,Florence,7567.399715
SC,Georgetown,2777.025786
SC,Greenville,37203.3196
SC,Greenwood,2435.154032
SC,Hampton,600.721318
SC,Horry,9260.322909
SC,Jasper,576.1696922
SC,Kershaw,2733.433142
SC,Lancaster,2604.35761
SC,Laurens,2978.434073
SC,Lee,210.8421418
SC,Lexington,14961.44261
SC,McCormick,114.4776061
SC,Marion,390.9544287
SC,Marlboro,774.1551749
SC,Newberry,952.5700628
SC,Oconee,2631.987996
SC,Orangeburg,2864.87779
SC,Pickens,6661.222861
SC,Richland,24939.45073
SC,Saluda,211.4816781
SC,Spartanburg,23364.52544
SC,Sumter,6334.336191
SC,Union,610.5055123
SC,Williamsburg,669.793681
SC,York,13640.42819
SD,Aurora,724.9999975
SD,Beadle,937.7582238
SD,Bennett,1153.179929
SD,Bon Homme,1168.093816
SD,Brookings,2440.195015
SD,Brown,2768.320613
SD,Brule,500.8396605
SD,Buffalo,115.7298726
SD,Butte,567.3459973
SD,Campbell,253.5853449
SD,Charles Mix,899.5739905
SD,Clark,412.1429844
SD,Clay,801.9644393
SD,Codington,2737.127412
SD,Corson,1242.927591
SD,Custer,602.0637681
SD,Davison,1185.812291
SD,Day,596.7294163
SD,Deuel,998.3500194
SD,Dewey,696.1849506
SD,Douglas,630.9897472
SD,Edmunds,593.0005144
SD,Fall River,491.2582926
SD,Faulk,554.5530397
SD,Grant,347.0614509
SD,Gregory,394.3861237
SD,Haakon,198.5821565
SD,Hamlin,1740.644463
SD,Hand,259.341247
SD,Hanson,211.2611128
SD,Harding,292.0000017
SD,Hughes,983.4756503
SD,Hutchinson,600.6603539
SD,Hyde,315.5264124
SD,Jackson,881.9654547
SD,Jerauld,434.9999971
SD,Jones,225.0000004
SD,Kingsbury,584.1264117
SD,Lake,346.5003612
SD,Lawrence,806.0875243
SD,Lincoln,1577.240348
SD,Lyman,526.1064732
SD,McCook,1169.098474
SD,McPherson,377.2746089
SD,Marshall,508.4546888
SD,Meade,615.6742388
SD,Mellette,658.685469
SD,Miner,106.0923517
SD,Minnehaha,8832.695171
SD,Moody,1322.212544
SD,Pennington,7520.864252
SD,Perkins,346.0991811
SD,Potter,455.9999997
SD,Roberts,1145.442182
SD,Sanborn,507.8912041
SD,Shannon,2583.858274
SD,Spink,692.4963563
SD,Stanley,147.9942011
SD,Sully,310
SD,Todd,858.7595968
SD,Tripp,372.222299
SD,Turner,458.7198077
SD,Union,759.5138187
SD,Walworth,317.3633794
SD,Yankton,1453.654773
SD,Ziebach,664.5275122
TN,Anderson,3086.144113
TN,Bedford,1689.937009
TN,Benton,494.698899
TN,Bledsoe,178.6118386
TN,Blount,9151.628091
TN,Bradley,6727.044674
TN,Campbell,1477.587365
TN,Cannon,73.80296959
TN,Carroll,473.2617263
TN,Carter,3738.917371
TN,Cheatham,75.92096552
TN,Chester,526.1850281
TN,Claiborne,1104.289932
TN,Clay,0.320618689
TN,Cocke,1334.34025
TN,Coffee,1952.864734
TN,Crockett,25.0214174
TN,Cumberland,1253.068911
TN,Davidson,34113.40152
TN,Decatur,126.167686
TN,DeKalb,107.1366743
TN,Dickson,1554.954575
TN,Dyer,3007.848085
TN,Fayette,1068.851127
TN,Fentress,7.381147793
TN,Franklin,1790.365531
TN,Gibson,1586.219669
TN,Giles,961.2524444
TN,Grainger,0
TN,Greene,1233.002448
TN,Grundy,263.3714476
TN,Hamblen,4866.387327
TN,Hamilton,28638.17953
TN,Hancock,8.00214727
TN,Hardeman,1475.472747
TN,Hardin,651.7586133
TN,Hawkins,3075.061587
TN,Haywood,780.6545789
TN,Henderson,902.9418433
TN,Henry,1326.128461
TN,Hickman,248.9237654
TN,Houston,59.1203343
TN,Humphreys,379.5792861
TN,Jackson,0.229108502
TN,Jefferson,616.8670552
TN,Johnson,376.5468025
TN,Knox,39227.8348
TN,Lake,3.889548745
TN,Lauderdale,683.2311703
TN,Lawrence,667.6681067
TN,Lewis,89.61224218
TN,Lincoln,1105.461034
TN,Loudon,2633.959968
TN,McMinn,1842.782726
TN,McNairy,639.0319061
TN,Macon,35.99678756
TN,Madison,6203.629642
TN,Marion,454.4012786
TN,Marshall,467.716087
TN,Maury,3300.206147
TN,Meigs,15.51121321
TN,Monroe,542.4843086
TN,Montgomery,17701.05164
TN,Moore,464.7597855
TN,Morgan,991.3852141
TN,Obion,730.6034493
TN,Overton,79.75641512
TN,Perry,97.25263004
TN,Pickett,5.050376695
TN,Polk,7.231197776
TN,Putnam,3227.019502
TN,Rhea,701.2690242
TN,Roane,2925.940491
TN,Robertson,1331.170623
TN,Rutherford,17629.89122
TN,Scott,345.1681757
TN,Sequatchie,27.03446233
TN,Sevier,2586.259801
TN,Shelby,70508.59954
TN,Smith,76.89638438
TN,Stewart,469.1435294
TN,Sullivan,12316.7305
TN,Sumner,11949.24202
TN,Tipton,3806.937368
TN,Trousdale,0
TN,Unicoi,252.9866693
TN,Union,5.233190924
TN,Van Buren,19.26544847
TN,Warren,555.749122
TN,Washington,5129.168721
TN,Wayne,443.8006478
TN,Weakley,599.3640105
TN,White,637.1445042
TN,Williamson,14387.00861
TN,Wilson,6530.534142
TX,Anderson,2981.510314
TX,Andrews,1477.309242
TX,Angelina,7471.73667
TX,Aransas,1920.337443
TX,Archer,494.3702013
TX,Armstrong,421.8019933
TX,Atascosa,2056.785054
TX,Austin,907.8211897
TX,Bailey,183.8161305
TX,Bandera,506.152377
TX,Bastrop,8589.014895
TX,Baylor,60.05312016
TX,Bee,2203.94422
TX,Bell,35031.55489
TX,Bexar,140472.1831
TX,Blanco,193.7943395
TX,Borden,138.0000005
TX,Bosque,1068.786259
TX,Bowie,6467.044651
TX,Brazoria,23095.25219
TX,Brazos,13800.32298
TX,Brewster,527.7727634
TX,Briscoe,362.0000002
TX,Brooks,275.9016082
TX,Brown,3867.419315
TX,Burleson,582.2356918
TX,Burnet,3354.515008
TX,Caldwell,1700.811844
TX,Calhoun,1682.638513
TX,Callahan,679.0984065
TX,Cameron,35909.93748
TX,Camp,357.7679703
TX,Carson,669.1492968
TX,Cass,611.2242429
TX,Castro,261.9451292
TX,Chambers,1729.036828
TX,Cherokee,2272.336649
TX,Childress,836.6939183
TX,Clay,925.1487645
TX,Cochran,171.7726304
TX,Coke,698.8837782
TX,Coleman,287.1629413
TX,Collin,34566.34323
TX,Collingsworth,45.66426479
TX,Colorado,909.6997939
TX,Comal,4749.95505
TX,Comanche,509.874099
TX,Concho,203.0589155
TX,Cooke,872.7234947
TX,Coryell,8274.261538
TX,Cottle,25.85171651
TX,Crane,96.57154094
TX,Crockett,62.49148078
TX,Crosby,48.51229117
TX,Culberson,36.33099218
TX,Dallam,730.4717945
TX,Dallas,132964.6011
TX,Dawson,623.9804454
TX,Deaf Smith,1300.018473
TX,Delta,57.73833704
TX,Denton,41486.81823
TX,DeWitt,630.104097
TX,Dickens,96.10164144
TX,Dimmit,661.5971859
TX,Donley,127.717695
TX,Duval,920.1431671
TX,Eastland,880.1870073
TX,Ector,9238.841973
TX,Edwards,88.50248814
TX,Ellis,11299.7141
TX,El Paso,55052.27164
TX,Erath,2930.30736
TX,Falls,1540.443065
TX,Fannin,2493.027718
TX,Fayette,1515.047104
TX,Fisher,136.3811259
TX,Floyd,64.55900243
TX,Foard,277.9999994
TX,Fort Bend,52682.64517
TX,Franklin,161.7850339
TX,Freestone,762.2518984
TX,Frio,700.6893089
TX,Gaines,583.1079223
TX,Galveston,26035.69092
TX,Garza,84.08154598
TX,Gillespie,792.9459893
TX,Glasscock,347.8581755
TX,Goliad,550.2857596
TX,Gonzales,1345.301944
TX,Gray,965.4834801
TX,Grayson,8060.051449
TX,Gregg,7941.465917
TX,Grimes,2666.58639
TX,Guadalupe,11852.74844
TX,Hale,2560.17736
TX,Hall,200.0098455
TX,Hamilton,388.4233715
TX,Hansford,639.4608703
TX,Hardeman,295.3341399
TX,Hardin,3987.306049
TX,Harris,260308.7941
TX,Harrison,2779.309991
TX,Hartley,479.6290965
TX,Haskell,214.8672243
TX,Hays,7013.988332
TX,Hemphill,78.95302304
TX,Henderson,4296.066668
TX,Hidalgo,115758.3217
TX,Hill,261.0305134
TX,Hockley,2187.715858
TX,Hood,3709.302845
TX,Hopkins,1430.718096
TX,Houston,1647.886957
TX,Howard,3670.459861
TX,Hudspeth,1046.861898
TX,Hunt,2950.852004
TX,Hutchinson,2435.569938
TX,Irion,367.9271992
TX,Jack,920.5890941
TX,Jackson,766.3285289
TX,Jasper,1690.540334
TX,Jeff Davis,101.874603
TX,Jefferson,16889.72531
TX,Jim Hogg,12.02344633
TX,Jim Wells,2214.501961
TX,Johnson,9317.450805
TX,Jones,1057.909395
TX,Karnes,512.9549455
TX,Kaufman,2428.768287
TX,Kendall,905.1309654
TX,Kenedy,98.89731128
TX,Kent,179.9999994
TX,Kerr,3168.277463
TX,Kimble,155.7617567
TX,King,68.00000018
TX,Kinney,28.65589626
TX,Kleberg,1969.838278
TX,Knox,102.799177
TX,Lamar,3824.586299
TX,Lamb,124.8017626
TX,Lampasas,960.4233084
TX,La Salle,557.9371911
TX,Lavaca,644.5011502
TX,Lee,300.8404515
TX,Leon,708.201351
TX,Liberty,2936.079322
TX,Limestone,1148.3162
TX,Lipscomb,911.0000026
TX,Live Oak,194.329696
TX,Llano,1135.690506
TX,Loving,8.999999983
TX,Lubbock,15676.69408
TX,Lynn,566.4103845
TX,McCulloch,258.3995221
TX,McLennan,16872.39825
TX,McMullen,117.6702653
TX,Madison,372.3642694
TX,Marion,200.3592043
TX,Martin,325.0183829
TX,Mason,149.4222195
TX,Matagorda,3401.091908
TX,Maverick,6175.172579
TX,Medina,2124.241837
TX,Menard,55.99142091
TX,Midland,11530.12219
TX,Milam,1394.04188
TX,Mills,238.8990553
TX,Mitchell,240.2750794
TX,Montague,926.4124849
TX,Montgomery,26915.88547
TX,Moore,2432.043252
TX,Morris,134.5782763
TX,Motley,52.64527583
TX,Nacogdoches,5151.254713
TX,Navarro,3293.425659
TX,Newton,846.5705969
TX,Nolan,940.8246557
TX,Nueces,30470.71117
TX,Ochiltree,236.8884616
TX,Oldham,698.0000054
TX,Orange,4798.628402
TX,Palo Pinto,2350.867221
TX,Panola,1154.990918
TX,Parker,5388.637644
TX,Parmer,438.5653913
TX,Pecos,527.7812614
TX,Polk,1746.983402
TX,Potter,10542.53898
TX,Presidio,424.4960357
TX,Rains,0
TX,Randall,6898.92914
TX,Reagan,51.4959031
TX,Real,659.9999991
TX,Red River,1286.598026
TX,Reeves,860.8931275
TX,Refugio,330.0433696
TX,Roberts,215.8258141
TX,Robertson,619.2239613
TX,Rockwall,5828.499861
TX,Runnels,676.8569589
TX,Rusk,3019.622185
TX,Sabine,501.3342557
TX,San Augustine,613.2887091
TX,San Jacinto,113.747132
TX,San Patricio,3051.926938
TX,San Saba,397.9306655
TX,Schleicher,73.33060652
TX,Scurry,1584.041653
TX,Shackelford,108.8152039
TX,Shelby,852.3513401
TX,Sherman,214.0082515
TX,Smith,11228.09905
TX,Somervell,0
TX,Starr,9352.848308
TX,Stephens,615.3936735
TX,Sterling,279.0000017
TX,Stonewall,41.01721511
TX,Sutton,108.7291008
TX,Swisher,592.2265103
TX,Tarrant,139851.1051
TX,Taylor,10481.48757
TX,Terrell,217.9999985
TX,Terry,1181.46487
TX,Throckmorton,366.0000023
TX,Titus,1189.992704
TX,Tom Green,8105.222472
TX,Travis,79902.48252
TX,Trinity,457.6193378
TX,Tyler,2209.440509
TX,Upshur,1661.319172
TX,Upton,295.9999984
TX,Uvalde,2646.957617
TX,Val Verde,5129.683165
TX,Van Zandt,502.6261431
TX,Victoria,9520.292781
TX,Walker,2631.707347
TX,Waller,729.0117541
TX,Ward,1033.192456
TX,Washington,880.0555031
TX,Webb,16787.06296
TX,Wharton,2095.962896
TX,Wheeler,134.853321
TX,Wichita,11166.44192
TX,Wilbarger,904.3183249
TX,Willacy,245.0716901
TX,Williamson,42408.92586
TX,Wilson,1094.83338
TX,Winkler,130.370859
TX,Wise,935.5819456
TX,Wood,962.0038818
TX,Yoakum,308.03715
TX,Young,1647.707001
TX,Zapata,2199.912612
TX,Zavala,1207.944455
UT,Beaver,355.2205441
UT,Box Elder,3130.077448
UT,Cache,12849.22698
UT,Carbon,1352.653178
UT,Daggett,243.0000014
UT,Davis,30590.93896
UT,Duchesne,1667.654824
UT,Emery,1383.660154
UT,Garfield,365.2304802
UT,Grand,399.7418063
UT,Iron,3651.119725
UT,Juab,1460.572535
UT,Kane,758.3691547
UT,Millard,1616.441918
UT,Morgan,13.90503907
UT,Piute,468.0000003
UT,Rich,703.9999944
UT,Salt Lake,37047.19334
UT,San Juan,2448.233651
UT,Sanpete,881.8552014
UT,Sevier,179.3281675
UT,Summit,2122.222214
UT,Tooele,5220.053473
UT,Uintah,2708.671067
UT,Utah,46204.68713
UT,Wasatch,379.6913469
UT,Washington,11776.69499
UT,Wayne,220.0675147
UT,Weber,17933.62629
VT,Addison,218.8780277
VT,Bennington,900.3486144
VT,Caledonia,426.6123704
VT,Chittenden,6561.709746
VT,Essex,329.3734197
VT,Franklin,512.192325
VT,Grand Isle,41.30262018
VT,Lamoille,137.0867285
VT,Orange,706.7351609
VT,Orleans,902.2754239
VT,Rutland,1157.902788
VT,Washington,1339.53418
VT,Windham,937.3644243
VT,Windsor,1565.401693
VA,Accomack,238.3932663
VA,Albemarle,3944.42156
VA,Alleghany,466.8871422
VA,Amelia,374.0447639
VA,Amherst,1316.849419
VA,Appomattox,74.76766714
VA,Arlington,1272.799501
VA,Augusta,2208.414978
VA,Bath,164.0262469
VA,Bedford,1868.688857
VA,Bland,400.8726455
VA,Botetourt,1727.192748
VA,Brunswick,456.4945018
VA,Buchanan,268.2837852
VA,Buckingham,461.8159193
VA,Campbell,2524.141469
VA,Caroline,276.4214529
VA,Carroll,359.9283507
VA,Charles City,20.63748871
VA,Charlotte,1027.199243
VA,Chesterfield,31190.52103
VA,Clarke,66.65986287
VA,Craig,132.6244024
VA,Culpeper,617.5678637
VA,Cumberland,1386.795898
VA,Dickenson,3.931131526
VA,Dinwiddie,1411.830044
VA,Essex,697.7419171
VA,Fairfax,55111.57462
VA,Fauquier,2243.252479
VA,Floyd,923.8999787
VA,Fluvanna,1741.82962
VA,Franklin,1894.22791
VA,Frederick,4080.065742
VA,Giles,440.0255267
VA,Gloucester,763.0851073
VA,Goochland,553.9091149
VA,Grayson,488.237385
VA,Greene,0
VA,Greensville,145.9456256
VA,Halifax,2200.270689
VA,Hanover,5225.318369
VA,Henrico,18290.93897
VA,Henry,2120.179978
VA,Highland,346.0000021
VA,Isle of Wight,1328.149998
VA,James City,4708.588737
VA,King and Queen,158.9134312
VA,King George,0
VA,King William,368.816657
VA,Lancaster,69.98439014
VA,Lee,4.413857643
VA,Loudoun,12234.36758
VA,Louisa,184.6053088
VA,Lunenburg,1.213831682
VA,Madison,45.08833485
VA,Mathews,0
VA,Mecklenburg,614.2312632
VA,Middlesex,21.88449301
VA,Montgomery,1634.955861
VA,Nelson,170.781502
VA,New Kent,0.014711548
VA,Northampton,8.386410538
VA,Northumberland,98.6706906
VA,Nottoway,1528.685632
VA,Orange,1612.291178
VA,Page,121.4680842
VA,Patrick,194.3627596
VA,Pittsylvania,2127.956544
VA,Powhatan,426.144157
VA,Prince Edward,659.7405652
VA,Prince George,2172.543773
VA,Prince William,24484.34273
VA,Pulaski,979.4053606
VA,Rappahannock,1118.736597
VA,Richmond,99.47565337
VA,Roanoke,4368.478321
VA,Rockbridge,736.4952515
VA,Rockingham,3612.40997
VA,Russell,476.1312497
VA,Scott,545.7111529
VA,Shenandoah,726.4433581
VA,Smyth,554.3613303
VA,Southampton,614.2394419
VA,Spotsylvania,9578.804072
VA,Stafford,11136.30634
VA,Surry,329.9416491
VA,Sussex,675.6389491
VA,Tazewell,1781.914038
VA,Warren,460.0075723
VA,Washington,1422.855602
VA,Westmoreland,659.6017091
VA,Wise,732.898681
VA,Wythe,242.7920228
VA,York,4587.724569
VA,Alexandria,0
VA,Bedford,79.3964089
VA,Bristol,1172.364157
VA,Buena Vista,1332.952645
VA,Charlottesville,178.3467096
VA,Chesapeake,13619.99296
VA,Colonial Heights,762.196093
VA,Covington,272.1116538
VA,Danville,1432.279587
VA,Emporia,19.30496003
VA,Fairfax,0
VA,Falls Church,47.76206815
VA,Franklin,1128.884267
VA,Fredericksburg,1582.541416
VA,Galax,48.41563809
VA,Hampton,7628.552203
VA,Harrisonburg,835.1011371
VA,Hopewell,1501.163336
VA,Lexington,1.868074894
VA,Lynchburg,4116.890938
VA,Manassas,657.2810586
VA,Manassas Park,1411.905666
VA,Martinsville,755.6349121
VA,Newport News,8306.125704
VA,Norfolk,6271.755875
VA,Norton,146.0350975
VA,Petersburg,1695.670612
VA,Poquoson,1334.961486
VA,Portsmouth,3012.133727
VA,Radford,520.9795609
VA,Richmond,8193.947893
VA,Roanoke,5162.575377
VA,Salem,2322.662766
VA,Staunton,346.065627
VA,Suffolk,4483.604489
VA,Virginia Beach,19897.06909
VA,Waynesboro,791.3194915
VA,Williamsburg,37.94865293
VA,Winchester,1311.863771
WA,Adams,1267.015548
WA,Asotin,915.4070926
WA,Benton,10053.07408
WA,Chelan,3752.093876
WA,Clallam,2839.451553
WA,Clark,24225.18585
WA,Columbia,215.2010462
WA,Cowlitz,7525.376676
WA,Douglas,4713.510631
WA,Ferry,807.3308202
WA,Franklin,8250.488302
WA,Garfield,453.9884005
WA,Grant,6072.891776
WA,Grays Harbor,2954.824952
WA,Island,4472.359123
WA,Jefferson,1023.720326
WA,King,82667.37015
WA,Kitsap,18744.82016
WA,Kittitas,1585.009961
WA,Klickitat,1051.367037
WA,Lewis,2843.492561
WA,Lincoln,1618.11462
WA,Mason,819.9560979
WA,Okanogan,1255.662678
WA,Pacific,1474.969341
WA,Pend Oreille,884.1873868
WA,Pierce,68964.42425
WA,San Juan,1.999999898
WA,Skagit,6857.783963
WA,Skamania,104.0583693
WA,Snohomish,44454.95974
WA,Spokane,20208.81701
WA,Stevens,3074.546224
WA,Thurston,19693.69849
WA,Wahkiakum,544.6147381
WA,Walla Walla,3007.471996
WA,Whatcom,12081.54106
WA,Whitman,1918.082304
WA,Yakima,8504.061105
WV,Barbour,38.10832058
WV,Berkeley,6518.375639
WV,Boone,139.096831
WV,Braxton,626.3853048
WV,Brooke,1037.462152
WV,Cabell,2539.31811
WV,Calhoun,402.7546699
WV,Clay,329.4043956
WV,Doddridge,41.17352791
WV,Fayette,1291.003801
WV,Gilmer,97.53922562
WV,Grant,453.6206594
WV,Greenbrier,722.3162557
WV,Hampshire,1316.807739
WV,Hancock,1432.392663
WV,Hardy,906.882368
WV,Harrison,2378.732548
WV,Jackson,753.9495773
WV,Jefferson,765.7821926
WV,Kanawha,10134.93596
WV,Lewis,138.2809096
WV,Lincoln,0
WV,Logan,392.985453
WV,McDowell,193.1142944
WV,Marion,1664.893632
WV,Marshall,1707.053228
WV,Mason,1167.702407
WV,Mercer,2772.222653
WV,Mineral,628.2890056
WV,Mingo,57.51888671
WV,Monongalia,4076.712433
WV,Monroe,140.9381991
WV,Morgan,290.216009
WV,Nicholas,218.4089516
WV,Ohio,2503.010893
WV,Pendleton,433.5708933
WV,Pleasants,3.372952454
WV,Pocahontas,658.9162502
WV,Preston,1181.662058
WV,Putnam,2929.952933
WV,Raleigh,5234.20037
WV,Randolph,373.1845188
WV,Ritchie,55.23323629
WV,Roane,528.2417807
WV,Summers,361.9271046
WV,Taylor,110.9382287
WV,Tucker,11.89478317
WV,Tyler,187.258795
WV,Upshur,222.3450986
WV,Wayne,1275.40512
WV,Webster,30.56433421
WV,Wetzel,1467.88461
WV,Wirt,15.18179569
WV,Wood,3823.374178
WV,Wyoming,124.882215
WI,Adams,563.6753207
WI,Ashland,1165.084741
WI,Barron,804.6880562
WI,Bayfield,611.6746712
WI,Brown,16111.96324
WI,Buffalo,696.5151629
WI,Burnett,205.1198049
WI,Calumet,2790.385958
WI,Chippewa,2682.297815
WI,Clark,776.1720092
WI,Columbia,755.1267838
WI,Crawford,1324.582834
WI,Dane,27591.32691
WI,Dodge,1491.69179
WI,Door,690.8101629
WI,Douglas,2508.080278
WI,Dunn,1666.790126
WI,Eau Claire,6331.697621
WI,Florence,348.0649909
WI,Fond du Lac,3289.307766
WI,Forest,671.731861
WI,Grant,1549.173069
WI,Green,1157.772698
WI,Green Lake,342.0928713
WI,Iowa,702.9296538
WI,Iron,209.2188668
WI,Jackson,1506.967423
WI,Jefferson,1866.781412
WI,Juneau,944.5033094
WI,Kenosha,11941.55616
WI,Kewaunee,9.561857115
WI,La Crosse,6053.030988
WI,Lafayette,631.3257
WI,Langlade,1022.653221
WI,Lincoln,1199.972028
WI,Manitowoc,2926.226171
WI,Marathon,7023.68624
WI,Marinette,1295.928577
WI,Marquette,41.44566644
WI,Menominee,400.5787155
WI,Milwaukee,29547.09106
WI,Monroe,1748.485582
WI,Oconto,889.6580431
WI,Oneida,692.6573309
WI,Outagamie,6524.958433
WI,Ozaukee,6262.826861
WI,Pepin,0
WI,Pierce,1222.567624
WI,Polk,207.8473755
WI,Portage,4037.406687
WI,Price,302.2506769
WI,Racine,14246.35644
WI,Richland,920.5942775
WI,Rock,12528.72412
WI,Rusk,675.27308
WI,St. Croix,3052.002389
WI,Sauk,729.4857209
WI,Sawyer,746.4375525
WI,Shawano,1572.704836
WI,Sheboygan,2419.69231
WI,Taylor,1015.734332
WI,Trempealeau,144.392172
WI,Vernon,1233.325496
WI,Vilas,349.9900334
WI,Walworth,7860.966474
WI,Washburn,536.2564819
WI,Washington,4909.137816
WI,Waukesha,38987.3877
WI,Waupaca,1636.571151
WI,Waushara,54.02399598
WI,Winnebago,11937.33343
WI,Wood,4674.095765
WY,Albany,2842.974533
WY,Big Horn,588.7538439
WY,Campbell,3054.71983
WY,Carbon,2097.173771
WY,Converse,457.0221422
WY,Crook,1297.895773
WY,Fremont,1449.571635
WY,Goshen,782.5908722
WY,Hot Springs,105.7001881
WY,Johnson,380.6670916
WY,Laramie,5869.729459
WY,Lincoln,736.301343
WY,Natrona,7810.494718
WY,Niobrara,95.4014283
WY,Park,1218.903877
WY,Platte,361.8408035
WY,Sheridan,2990.575965
WY,Sublette,366.6478279
WY,Sweetwater,3583.869531
WY,Teton,1096.195276
WY,Uinta,1336.553029
WY,Washakie,184.5068837
WY,Weston,252.7898894