State,County,SNAPS12,FID
Alabama,Autauga,37.41666667,5
Alabama,Baldwin,138.3333333,20
Alabama,Barbour,34.83333333,25
Alabama,Bibb,16.25,29
Alabama,Blount,38,33
Alabama,Bullock,14.33333333,37
Alabama,Butler,27.25,39
Alabama,Calhoun,137.9166667,43
Alabama,Chambers,34.25,47
Alabama,Cherokee,31,51
Alabama,Chilton,46.75,56
Alabama,Choctaw,16.33333333,58
Alabama,Clarke,40.16666667,61
Alabama,Clay,10.16666667,65
Alabama,Cleburne,16.66666667,67
Alabama,Coffee,37.5,70
Alabama,Colbert,55.75,73
Alabama,Conecuh,22.75,80
Alabama,Coosa,5,82
Alabama,Covington,48.75,88
Alabama,Crenshaw,20.25,90
Alabama,Cullman,77.5,98
Alabama,Dale,36.58333333,101
Alabama,Dallas,55.58333333,110
Alabama,DeKalb,83.83333333,112
Alabama,Elmore,65.75,118
Alabama,Escambia,42.25,122
Alabama,Etowah,101,131
Alabama,Fayette,12.66666667,134
Alabama,Franklin,30.75,138
Alabama,Geneva,23.16666667,140
Alabama,Greene,15.16666667,148
Alabama,Hale,15.08333333,150
Alabama,Henry,17.58333333,158
Alabama,Houston,121,160
Alabama,Jackson,55.08333333,164
Alabama,Jefferson,551.5833333,171
Alabama,Lamar,12.33333333,174
Alabama,Lauderdale,80.66666667,176
Alabama,Lawrence,27.16666667,181
Alabama,Lee,88.08333333,187
Alabama,Limestone,62.08333333,197
Alabama,Lowndes,16.66666667,205
Alabama,Macon,13,210
Alabama,Madison,227.5833333,217
Alabama,Marengo,25.58333333,220
Alabama,Marion,22.83333333,224
Alabama,Marshall,89.16666667,231
Alabama,Mobile,463.3333333,240
Alabama,Monroe,25.58333333,250
Alabama,Montgomery,195.0833333,256
Alabama,Morgan,100.3333333,262
Alabama,Perry,18.75,264
Alabama,Pickens,23.91666667,273
Alabama,Pike,40.16666667,279
Alabama,Randolph,18.16666667,284
Alabama,Russell,52.83333333,288
Alabama,St. Clair,65.83333333,292
Alabama,Shelby,101.4166667,298
Alabama,Sumter,16.91666667,303
Alabama,Talladega,89.25,306
Alabama,Tallapoosa,34.41666667,308
Alabama,Tuscaloosa,152.1666667,313
Alabama,Walker,62.41666667,317
Alabama,Washington,17.33333333,319
Alabama,Wilcox,21.08333333,326
Alabama,Winston,25.41666667,332
Alaska,Aleutians East,5,346
Alaska,Aleutians West,5.416666667,381
Alaska,Anchorage,116.25,400
Alaska,Bethel,56.75,411
Alaska,Bristol Bay,2,423
Alaska,Denali,0,426
Alaska,Dillingham,9,445
Alaska,Fairbanks North Star,24.91666667,454
Alaska,Haines,3,462
Alaska,Hoonah-Angoon,7,476
Alaska,Juneau,13.16666667,482
Alaska,Kenai Peninsula,34,494
Alaska,Ketchikan Gateway,8,514
Alaska,Kodiak Island,10.08333333,533
Alaska,Lake and Peninsula,6.25,544
Alaska,Matanuska-Susitna,36.58333333,556
Alaska,Nome,28.58333333,571
Alaska,North Slope,13,614
Alaska,Northwest Arctic,19,638
Alaska,Petersburg,3,645
Alaska,Prince of Wales-Hyder,7.833333333,669
Alaska,Sitka,3.166666667,679
Alaska,Skagway,1,683
Alaska,Southeast Fairbanks,7,690
Alaska,Valdez-Cordova,16.33333333,710
Alaska,Wade Hampton,21.75,725
Alaska,Wrangell,2.5,733
Alaska,Yakutat,2,744
Alaska,Yukon-Koyukuk,38.41666667,753
Arizona,Apache,59.5,761
Arizona,Cochise,101.3333333,763
Arizona,Coconino,77.5,771
Arizona,Gila,43.83333333,787
Arizona,Graham,25.25,0
Arizona,Greenlee,9.583333333,1
Arizona,La Paz,32.33333333,3
Arizona,Maricopa,2094.5,9
Arizona,Mohave,128.0833333,15
Arizona,Navajo,83.75,17
Arizona,Pima,586.5833333,21
Arizona,Pinal,157,26
Arizona,Santa Cruz,26.41666667,32
Arizona,Yavapai,135,35
Arizona,Yuma,106.6666667,42
Arkansas,Arkansas,17.91666667,46
Arkansas,Ashley,21.66666667,50
Arkansas,Baxter,28.16666667,54
Arkansas,Benton,131.0833333,59
Arkansas,Boone,36.58333333,62
Arkansas,Bradley,9.75,68
Arkansas,Calhoun,4.666666667,72
Arkansas,Carroll,23.75,74
Arkansas,Chicot,14.91666667,77
Arkansas,Clark,13.16666667,86
Arkansas,Clay,14.25,93
Arkansas,Cleburne,22.16666667,97
Arkansas,Cleveland,6.083333333,103
Arkansas,Columbia,20.25,107
Arkansas,Conway,19.58333333,109
Arkansas,Craighead,85.83333333,114
Arkansas,Crawford,37.91666667,115
Arkansas,Crittenden,62.91666667,119
Arkansas,Cross,17.5,124
Arkansas,Dallas,9,128
Arkansas,Desha,18.41666667,130
Arkansas,Drew,14.91666667,136
Arkansas,Faulkner,57.08333333,141
Arkansas,Franklin,12.75,144
Arkansas,Fulton,8,146
Arkansas,Garland,69.83333333,151
Arkansas,Grant,9.916666667,155
Arkansas,Greene,29.41666667,162
Arkansas,Hempstead,16.33333333,172
Arkansas,Hot Spring,28.41666667,184
Arkansas,Howard,11.16666667,191
Arkansas,Independence,32.83333333,200
Arkansas,Izard,17.83333333,203
Arkansas,Jackson,20.83333333,209
Arkansas,Jefferson,85.5,213
Arkansas,Johnson,19,218
Arkansas,Lafayette,11.5,222
Arkansas,Lawrence,22.33333333,230
Arkansas,Lee,11.41666667,237
Arkansas,Lincoln,7.083333333,244
Arkansas,Little River,12,251
Arkansas,Logan,13.83333333,258
Arkansas,Lonoke,43.08333333,268
Arkansas,Madison,7.25,277
Arkansas,Marion,11.25,282
Arkansas,Miller,36.08333333,287
Arkansas,Mississippi,57.75,294
Arkansas,Monroe,16.5,300
Arkansas,Montgomery,6.916666667,304
Arkansas,Nevada,7.916666667,307
Arkansas,Newton,8.416666667,311
Arkansas,Ouachita,26,316
Arkansas,Perry,6.416666667,318
Arkansas,Phillips,32.75,322
Arkansas,Pike,15.08333333,327
Arkansas,Poinsett,26.58333333,333
Arkansas,Polk,15.58333333,337
Arkansas,Pope,33.41666667,340
Arkansas,Prairie,8.25,345
Arkansas,Pulaski,274.1666667,350
Arkansas,Randolph,12,353
Arkansas,St. Francis,36.58333333,357
Arkansas,Saline,61,360
Arkansas,Scott,13.08333333,364
Arkansas,Searcy,12.08333333,372
Arkansas,Sebastian,109.1666667,378
Arkansas,Sevier,19.66666667,390
Arkansas,Sharp,14.16666667,394
Arkansas,Stone,9.25,399
Arkansas,Union,40.83333333,403
Arkansas,Van Buren,10.33333333,407
Arkansas,Washington,145.1666667,417
Arkansas,White,60.16666667,428
Arkansas,Woodruff,8,435
Arkansas,Yell,17.83333333,438
California,Alameda,870.25,457
California,Alpine,0,461
California,Amador,29.5,472
California,Butte,192.6666667,486
California,Calaveras,30.91666667,489
California,Colusa,21,497
California,Contra Costa,490.5833333,503
California,Del Norte,27.33333333,511
California,El Dorado,90.25,522
California,Fresno,911.5,527
California,Glenn,23.91666667,537
California,Humboldt,118.5833333,551
California,Imperial,100.4166667,557
California,Inyo,15.66666667,562
California,Kern,673.0833333,84
California,Kings,117,94
California,Lake,52.75,100
California,Lassen,23.83333333,104
California,Los Angeles,6466.666667,139
California,Madera,137.9166667,153
California,Marin,99.75,168
California,Mariposa,14.16666667,178
California,Mendocino,95.16666667,190
California,Merced,224.5,204
California,Modoc,9,207
California,Mono,8,214
California,Monterey,269.75,228
California,Napa,59.66666667,236
California,Nevada,56.75,243
California,Orange,1187.833333,257
California,Placer,175,266
California,Plumas,22.08333333,275
California,Riverside,1031.416667,281
California,Sacramento,910.5833333,289
California,San Benito,21.91666667,295
California,San Bernardino,1265.416667,302
California,San Diego,1532.833333,315
California,San Francisco,516.5833333,331
California,San Joaquin,486.5833333,339
California,San Luis Obispo,128.8333333,351
California,San Mateo,251.75,368
California,Santa Barbara,213,391
California,Santa Clara,724.75,406
California,Santa Cruz,137.0833333,415
California,Shasta,144.1666667,431
California,Sierra,2,439
California,Siskiyou,42.5,446
California,Solano,221.4166667,453
California,Sonoma,284.1666667,463
California,Stanislaus,443.9166667,473
California,Sutter,98.16666667,483
California,Tehama,58.08333333,492
California,Trinity,15.66666667,500
California,Tulare,439.0833333,501
California,Tuolumne,35.75,513
California,Ventura,413.5,521
California,Yolo,135.1666667,525
California,Yuba,68,541
Colorado,Adams,217,545
Colorado,Alamosa,12.33333333,549
Colorado,Arapahoe,279.4166667,558
Colorado,Archuleta,8.583333333,560
Colorado,Baca,5.75,563
Colorado,Bent,6.416666667,564
Colorado,Boulder,108.5833333,570
Colorado,Broomfield,18.25,577
Colorado,Chaffee,14.83333333,582
Colorado,Cheyenne,2,587
Colorado,Clear Creek,4,591
Colorado,Conejos,8.833333333,596
Colorado,Costilla,11.5,599
Colorado,Crowley,2,605
Colorado,Custer,3.25,610
Colorado,Delta,12.58333333,617
Colorado,Denver,355.8333333,628
Colorado,Dolores,1,636
Colorado,Douglas,74.83333333,644
Colorado,Eagle,15.58333333,648
Colorado,Elbert,3.916666667,655
Colorado,El Paso,283.1666667,661
Colorado,Fremont,25.41666667,664
Colorado,Garfield,29.75,667
Colorado,Gilpin,3.583333333,672
Colorado,Grand,9.25,677
Colorado,Gunnison,10.25,682
Colorado,Hinsdale,0,688
Colorado,Huerfano,11.16666667,693
Colorado,Jackson,1,701
Colorado,Jefferson,207.75,706
Colorado,Kiowa,1,711
Colorado,Kit Carson,10,716
Colorado,Lake,6.083333333,721
Colorado,La Plata,21.58333333,727
Colorado,Larimer,106,734
Colorado,Las Animas,12.25,741
Colorado,Lincoln,8,747
Colorado,Logan,9.833333333,749
Colorado,Mesa,61.08333333,751
Colorado,Mineral,1,757
Colorado,Moffat,12.66666667,758
Colorado,Montezuma,12.58333333,766
Colorado,Montrose,20.75,769
Colorado,Morgan,23.41666667,775
Colorado,Otero,17.66666667,777
Colorado,Ouray,2.666666667,780
Colorado,Park,4,782
Colorado,Phillips,2.833333333,785
Colorado,Pitkin,4,789
Colorado,Prowers,14.08333333,792
Colorado,Pueblo,118,795
Colorado,Rio Blanco,6,799
Colorado,Rio Grande,11.91666667,802
Colorado,Routt,12.33333333,809
Colorado,Saguache,8.916666667,811
Colorado,San Juan,1,347
Colorado,San Miguel,4.333333333,359
Colorado,Sedgwick,1,366
Colorado,Summit,12.08333333,373
Colorado,Teller,13.25,375
Colorado,Washington,1.25,377
Colorado,Weld,113.6666667,382
Colorado,Yuma,10.66666667,385
Connecticut,Fairfield,449.9166667,410
Connecticut,Hartford,669.25,432
Connecticut,Litchfield,83.16666667,443
Connecticut,Middlesex,81.91666667,450
Connecticut,New Haven,658.3333333,466
Connecticut,New London,183.4166667,517
Connecticut,Tolland,69.33333333,524
Connecticut,Windham,91.91666667,529
Delaware,Kent,152.4166667,532
Delaware,New Castle,401.9166667,536
Delaware,Sussex,169.3333333,609
District of Columbia,District of Columbia,424.6666667,630
Florida,Alachua,208.5833333,639
Florida,Baker,24.41666667,641
Florida,Bay,177.5833333,658
Florida,Bradford,31.16666667,665
Florida,Brevard,476.1666667,686
Florida,Broward,1043,695
Florida,Calhoun,11.25,699
Florida,Charlotte,112.4166667,743
Florida,Citrus,125.6666667,843
Florida,Clay,129.1666667,852
Florida,Collier,211.3333333,894
Florida,Columbia,81.91666667,903
Florida,DeSoto,29.33333333,906
Florida,Dixie,20.08333333,918
Florida,Duval,922.1666667,924
Florida,Escambia,296.9166667,931
Florida,Flagler,53.58333333,935
Florida,Franklin,17.75,937
Florida,Gadsden,57.5,938
Florida,Gilchrist,14.33333333,939
Florida,Glades,7.416666667,940
Florida,Gulf,18,941
Florida,Hamilton,18.91666667,942
Florida,Hardee,28.25,943
Florida,Hendry,32.16666667,944
Florida,Hernando,105.5,945
Florida,Highlands,84.83333333,946
Florida,Hillsborough,1071.5,947
Florida,Holmes,22.16666667,948
Florida,Indian River,100.75,949
Florida,Jackson,49.91666667,950
Florida,Jefferson,17.83333333,951
Florida,Lafayette,9.5,952
Florida,Lake,248.6666667,953
Florida,Lee,470.75,954
Florida,Leon,215.3333333,955
Florida,Levy,56.25,956
Florida,Liberty,7.25,957
Florida,Madison,25.41666667,958
Florida,Manatee,238.9166667,959
Florida,Marion,339.3333333,960
Florida,Martin,98.16666667,961
Florida,Miami-Dade,1554.166667,962
Florida,Monroe,59.16666667,963
Florida,Nassau,61.83333333,964
Florida,Okaloosa,126.4166667,965
Florida,Okeechobee,40,966
Florida,Orange,888.8333333,967
Florida,Osceola,222.6666667,968
Florida,Palm Beach,731.75,969
Florida,Pasco,354.5833333,970
Florida,Pinellas,814,971
Florida,Polk,542.9166667,972
Florida,Putnam,97.91666667,973
Florida,St. Johns,109,974
Florida,St. Lucie,183.1666667,975
Florida,Santa Rosa,99.75,976
Florida,Sarasota,242.9166667,977
Florida,Seminole,300.6666667,978
Florida,Sumter,63.08333333,979
Florida,Suwannee,52.66666667,980
Florida,Taylor,30.41666667,981
Florida,Union,12.66666667,982
Florida,Volusia,454.3333333,983
Florida,Wakulla,27.08333333,984
Florida,Walton,40.41666667,985
Florida,Washington,27,986
Georgia,Appling,24.58333333,987
Georgia,Atkinson,13.83333333,988
Georgia,Bacon,17.5,989
Georgia,Baker,3,990
Georgia,Baldwin,56.75,991
Georgia,Banks,16.75,992
Georgia,Barrow,58,993
Georgia,Bartow,110.9166667,994
Georgia,Ben Hill,29.25,995
Georgia,Berrien,29.75,996
Georgia,Bibb,213.6666667,997
Georgia,Bleckley,16.16666667,998
Georgia,Brantley,18.25,999
Georgia,Brooks,24.83333333,565
Georgia,Bryan,31.16666667,573
Georgia,Bulloch,85.83333333,579
Georgia,Burke,30.16666667,583
Georgia,Butts,24.25,588
Georgia,Calhoun,8.083333333,592
Georgia,Camden,50.58333333,603
Georgia,Candler,15.33333333,616
Georgia,Carroll,125.5833333,620
Georgia,Catoosa,62.25,626
Georgia,Charlton,16.25,635
Georgia,Chatham,236.9166667,646
Georgia,Chattahoochee,4,656
Georgia,Chattooga,36.41666667,659
Georgia,Cherokee,107.25,662
Georgia,Clarke,106.5833333,666
Georgia,Clay,5.25,670
Georgia,Clayton,284.25,673
Georgia,Clinch,11.5,676
Georgia,Cobb,432.3333333,680
Georgia,Coffee,67.83333333,684
Georgia,Colquitt,51.91666667,689
Georgia,Columbia,66.5,692
Georgia,Cook,25.58333333,697
Georgia,Coweta,96.16666667,700
Georgia,Crawford,10.08333333,704
Georgia,Crisp,38.16666667,707
Georgia,Dade,25.75,708
Georgia,Dawson,24.25,713
Georgia,Decatur,41.5,714
Georgia,DeKalb,580.3333333,718
Georgia,Dodge,24.83333333,720
Georgia,Dooly,18.16666667,724
Georgia,Dougherty,128,728
Georgia,Douglas,113.75,731
Georgia,Early,21,735
Georgia,Echols,4,737
Georgia,Effingham,35.41666667,742
Georgia,Elbert,26.08333333,746
Georgia,Emanuel,35.75,750
Georgia,Evans,21.08333333,754
Georgia,Fannin,19.58333333,755
Georgia,Fayette,61.91666667,760
Georgia,Floyd,123.5833333,764
Georgia,Forsyth,93.08333333,768
Georgia,Franklin,31.58333333,772
Georgia,Fulton,697.9166667,779
Georgia,Gilmer,20.41666667,781
Georgia,Glascock,3.166666667,783
Georgia,Glynn,98.83333333,793
Georgia,Gordon,71.91666667,796
Georgia,Grady,32.08333333,797
Georgia,Greene,27.58333333,800
Georgia,Gwinnett,522.0833333,804
Georgia,Habersham,50,806
Georgia,Hall,182,808
Georgia,Hancock,17.25,810
Georgia,Haralson,31.66666667,813
Georgia,Harris,18.83333333,814
Georgia,Hart,25.16666667,816
Georgia,Heard,7.75,817
Georgia,Henry,146.9166667,820
Georgia,Houston,131.25,823
Georgia,Irwin,10.08333333,825
Georgia,Jackson,52,828
Georgia,Jasper,9.25,830
Georgia,Jeff Davis,23,832
Georgia,Jefferson,28.25,834
Georgia,Jenkins,11.08333333,835
Georgia,Johnson,11.41666667,837
Georgia,Jones,22.08333333,839
Georgia,Lamar,18,841
Georgia,Lanier,13.08333333,845
Georgia,Laurens,78,847
Georgia,Lee,21.08333333,849
Georgia,Liberty,62.5,855
Georgia,Lincoln,6,857
Georgia,Long,9.666666667,860
Georgia,Lowndes,120.4166667,863
Georgia,Lumpkin,19.41666667,865
Georgia,McDuffie,26.41666667,868
Georgia,McIntosh,15,871
Georgia,Macon,22.5,874
Georgia,Madison,30.75,875
Georgia,Marion,10,877
Georgia,Meriwether,28.33333333,879
Georgia,Miller,11,881
Georgia,Mitchell,39.66666667,883
Georgia,Monroe,26.58333333,885
Georgia,Montgomery,16.58333333,887
Georgia,Morgan,17.91666667,890
Georgia,Murray,50.5,892
Georgia,Muscogee,176.9166667,896
Georgia,Newton,80.33333333,899
Georgia,Oconee,21.25,901
Georgia,Oglethorpe,10.25,905
Georgia,Paulding,69.83333333,908
Georgia,Peach,35.25,910
Georgia,Pickens,26.25,912
Georgia,Pierce,28.25,915
Georgia,Pike,10.66666667,7
Georgia,Polk,63.75,8
Georgia,Pulaski,19,11
Georgia,Putnam,23.16666667,13
Georgia,Quitman,5.583333333,16
Georgia,Rabun,18.75,18
Georgia,Randolph,9.583333333,23
Georgia,Richmond,211.25,24
Georgia,Rockdale,76.58333333,28
Georgia,Schley,5,31
Georgia,Screven,22.83333333,34
Georgia,Seminole,17,38
Georgia,Spalding,63.75,41
Georgia,Stephens,29.5,45
Georgia,Stewart,5.166666667,48
Georgia,Sumter,46,52
Georgia,Talbot,6.75,57
Georgia,Taliaferro,3,60
Georgia,Tattnall,36.58333333,63
Georgia,Taylor,11.83333333,69
Georgia,Telfair,20.5,75
Georgia,Terrell,15.75,78
Georgia,Thomas,70.91666667,83
Georgia,Tift,73.5,87
Georgia,Toombs,43.58333333,91
Georgia,Towns,12.33333333,95
Georgia,Treutlen,10.08333333,102
Georgia,Troup,67.75,105
Georgia,Turner,14.5,108
Georgia,Twiggs,9.583333333,116
Georgia,Union,21.58333333,120
Georgia,Upson,39.75,123
Georgia,Walker,68.5,126
Georgia,Walton,67.75,127
Georgia,Ware,57.66666667,132
Georgia,Warren,8.916666667,135
Georgia,Washington,20.5,143
Georgia,Wayne,37.41666667,147
Georgia,Webster,2,149
Georgia,Wheeler,6.25,154
Georgia,White,22.16666667,157
Georgia,Whitfield,130.75,159
Georgia,Wilcox,10,163
Georgia,Wilkes,13.66666667,167
Georgia,Wilkinson,18.58333333,169
Georgia,Worth,20.5,173
Hawaii,Hawaii,158.5,198
Hawaii,Honolulu,601.8333333,234
Hawaii,Kalawao,0,247
Hawaii,Kauai,46.91666667,261
Hawaii,Maui,96.5,323
Idaho,Ada,209.5,336
Idaho,Adams,5.416666667,338
Idaho,Bannock,54.25,343
Idaho,Bear Lake,5,349
Idaho,Benewah,5,354
Idaho,Bingham,18.75,362
Idaho,Blaine,6.916666667,371
Idaho,Boise,6.583333333,380
Idaho,Bonner,26.66666667,387
Idaho,Bonneville,59.41666667,395
Idaho,Boundary,6.583333333,405
Idaho,Butte,3,414
Idaho,Camas,1,429
Idaho,Canyon,109.25,441
Idaho,Caribou,5,449
Idaho,Cassia,9.083333333,456
Idaho,Clark,1,464
Idaho,Clearwater,7,474
Idaho,Custer,4.583333333,484
Idaho,Elmore,16.16666667,490
Idaho,Franklin,3,498
Idaho,Fremont,6,502
Idaho,Gem,14.75,510
Idaho,Gooding,9,519
Idaho,Idaho,14.83333333,528
Idaho,Jefferson,6.916666667,540
Idaho,Jerome,10.58333333,547
Idaho,Kootenai,82.16666667,552
Idaho,Latah,19.66666667,559
Idaho,Lemhi,6.083333333,566
Idaho,Lewis,4,574
Idaho,Lincoln,2,578
Idaho,Madison,13,581
Idaho,Minidoka,13.75,585
Idaho,Nez Perce,28.41666667,589
Idaho,Oneida,3,593
Idaho,Owyhee,8.25,601
Idaho,Payette,17.16666667,606
Idaho,Power,4,613
Idaho,Shoshone,9.25,621
Idaho,Teton,2.583333333,627
Idaho,Twin Falls,45.75,634
Idaho,Valley,6.916666667,643
Idaho,Washington,8.333333333,649
Illinois,Adams,49.66666667,650
Illinois,Alexander,6,651
Illinois,Bond,17.16666667,652
Illinois,Boone,28.83333333,653
Illinois,Brown,4,654
Illinois,Bureau,25.08333333,2
Illinois,Calhoun,5,4
Illinois,Carroll,10.41666667,6
Illinois,Cass,15.5,10
Illinois,Champaign,127.6666667,12
Illinois,Christian,31.33333333,14
Illinois,Clark,13.25,19
Illinois,Clay,15.08333333,22
Illinois,Clinton,36.58333333,27
Illinois,Coles,36.16666667,30
Illinois,Cook,3740.583333,36
Illinois,Crawford,14.41666667,40
Illinois,Cumberland,8,44
Illinois,DeKalb,54.16666667,49
Illinois,De Witt,14.08333333,53
Illinois,Douglas,17.33333333,55
Illinois,DuPage,401.4166667,64
Illinois,Edgar,12,66
Illinois,Edwards,8,71
Illinois,Effingham,23.91666667,76
Illinois,Fayette,17.41666667,79
Illinois,Ford,12.33333333,81
Illinois,Franklin,40.83333333,85
Illinois,Fulton,28.58333333,89
Illinois,Gallatin,4.666666667,92
Illinois,Greene,11.66666667,96
Illinois,Grundy,30.58333333,99
Illinois,Hamilton,8.166666667,106
Illinois,Hancock,22.83333333,111
Illinois,Hardin,4,113
Illinois,Henderson,5.083333333,117
Illinois,Henry,40.16666667,121
Illinois,Iroquois,23.91666667,125
Illinois,Jackson,42.33333333,129
Illinois,Jasper,7.083333333,133
Illinois,Jefferson,33.58333333,137
Illinois,Jersey,12,142
Illinois,Jo Daviess,8.5,145
Illinois,Johnson,8.083333333,152
Illinois,Kane,227.8333333,156
Illinois,Kankakee,83.41666667,161
Illinois,Kendall,44.08333333,165
Illinois,Knox,38.25,166
Illinois,Lake,313.75,170
Illinois,LaSalle,90.75,175
Illinois,Lawrence,9,177
Illinois,Lee,26.66666667,180
Illinois,Livingston,34.16666667,182
Illinois,Logan,23.66666667,186
Illinois,McDonough,26.5,189
Illinois,McHenry,110.9166667,192
Illinois,McLean,113.0833333,193
Illinois,Macon,91.66666667,194
Illinois,Macoupin,38,196
Illinois,Madison,215.3333333,199
Illinois,Marion,37.75,201
Illinois,Marshall,12,202
Illinois,Mason,14.66666667,206
Illinois,Massac,11.16666667,208
Illinois,Menard,10,212
Illinois,Mercer,13.83333333,216
Illinois,Monroe,17.41666667,219
Illinois,Montgomery,33.08333333,223
Illinois,Morgan,35.08333333,225
Illinois,Moultrie,10.33333333,227
Illinois,Ogle,36.41666667,229
Illinois,Peoria,138.6666667,233
Illinois,Perry,16.75,235
Illinois,Piatt,10.33333333,238
Illinois,Pike,17,241
Illinois,Pope,3,245
Illinois,Pulaski,6.833333333,248
Illinois,Putnam,5,253
Illinois,Randolph,27.08333333,255
Illinois,Richland,9,259
Illinois,Rock Island,143.6666667,265
Illinois,St. Clair,223.6666667,269
Illinois,Saline,26.66666667,271
Illinois,Sangamon,163.0833333,274
Illinois,Schuyler,7,278
Illinois,Scott,4,280
Illinois,Shelby,19,283
Illinois,Stark,6.416666667,285
Illinois,Stephenson,40.16666667,290
Illinois,Tazewell,89.25,291
Illinois,Union,17.66666667,293
Illinois,Vermilion,76.33333333,296
Illinois,Wabash,8.75,299
Illinois,Warren,17.5,301
Illinois,Washington,14.5,305
Illinois,Wayne,15.5,310
Illinois,White,14,312
Illinois,Whiteside,44.16666667,314
Illinois,Will,287.75,320
Illinois,Williamson,49.25,324
Illinois,Winnebago,226.5833333,325
Illinois,Woodford,23.58333333,328
Indiana,Adams,19.08333333,330
Indiana,Allen,251.75,335
Indiana,Bartholomew,57.58333333,342
Indiana,Benton,6,179
Indiana,Blackford,12.33333333,183
Indiana,Boone,23.33333333,185
Indiana,Brown,9.333333333,188
Indiana,Carroll,11.16666667,195
Indiana,Cass,28.41666667,211
Indiana,Clark,94.58333333,215
Indiana,Clay,24.33333333,221
Indiana,Clinton,28.16666667,226
Indiana,Crawford,8.583333333,232
Indiana,Daviess,17.66666667,239
Indiana,Dearborn,25.66666667,242
Indiana,Decatur,21.16666667,246
Indiana,DeKalb,29,249
Indiana,Delaware,92.41666667,252
Indiana,Dubois,27.75,254
Indiana,Elkhart,136,260
Indiana,Fayette,17.75,263
Indiana,Floyd,56.08333333,267
Indiana,Fountain,13.33333333,270
Indiana,Franklin,16.33333333,272
Indiana,Fulton,14.16666667,276
Indiana,Gibson,25.66666667,286
Indiana,Grant,75.58333333,297
Indiana,Greene,23.58333333,309
Indiana,Hamilton,108.25,321
Indiana,Hancock,35.33333333,329
Indiana,Harrison,24.33333333,334
Indiana,Hendricks,64.41666667,341
Indiana,Henry,38.83333333,344
Indiana,Howard,78.33333333,348
Indiana,Huntington,29.66666667,352
Indiana,Jackson,36.33333333,355
Indiana,Jasper,31.25,356
Indiana,Jay,15.25,358
Indiana,Jefferson,23.5,363
Indiana,Jennings,16.33333333,367
Indiana,Johnson,82.08333333,370
Indiana,Knox,29.5,376
Indiana,Kosciusko,51.58333333,384
Indiana,LaGrange,20.08333333,386
Indiana,Lake,387.5,389
Indiana,LaPorte,90.25,392
Indiana,Lawrence,29.66666667,396
Indiana,Madison,104.5,401
Indiana,Marion,669.5833333,409
Indiana,Marshall,38.91666667,412
Indiana,Martin,7,418
Indiana,Miami,30.41666667,420
Indiana,Monroe,66.16666667,422
Indiana,Montgomery,27.66666667,425
Indiana,Morgan,49.33333333,430
Indiana,Newton,11.41666667,433
Indiana,Noble,35,436
Indiana,Ohio,2.583333333,440
Indiana,Orange,17.33333333,444
Indiana,Owen,15.83333333,448
Indiana,Parke,6.5,452
Indiana,Perry,12,459
Indiana,Pike,8.666666667,465
Indiana,Porter,83.58333333,468
Indiana,Posey,14,471
Indiana,Pulaski,10,477
Indiana,Putnam,21.66666667,480
Indiana,Randolph,22.08333333,485
Indiana,Ripley,19.91666667,488
Indiana,Rush,12.66666667,493
Indiana,St. Joseph,176.8333333,496
Indiana,Scott,23.66666667,504
Indiana,Shelby,21.33333333,506
Indiana,Spencer,11.66666667,509
Indiana,Starke,19.33333333,512
Indiana,Steuben,31.91666667,515
Indiana,Sullivan,19.08333333,518
Indiana,Switzerland,10.91666667,526
Indiana,Tippecanoe,93.91666667,530
Indiana,Tipton,8.666666667,534
Indiana,Union,5,538
Indiana,Vanderburgh,141.0833333,543
Indiana,Vermillion,16.91666667,548
Indiana,Vigo,72,553
Indiana,Wabash,30,555
Indiana,Warren,3,567
Indiana,Warrick,28,575
Indiana,Washington,20.33333333,584
Indiana,Wayne,53.83333333,586
Indiana,Wells,13.08333333,590
Indiana,White,20.33333333,594
Indiana,Whitley,21.66666667,597
Iowa,Adair,9.5,598
Iowa,Adams,4,602
Iowa,Allamakee,13.5,608
Iowa,Appanoose,15.08333333,611
Iowa,Audubon,5.083333333,615
Iowa,Benton,13.08333333,619
Iowa,Black Hawk,115,623
Iowa,Boone,20.58333333,625
Iowa,Bremer,15.66666667,631
Iowa,Buchanan,15,632
Iowa,Buena Vista,14.16666667,633
Iowa,Butler,14.66666667,361
Iowa,Calhoun,11,365
Iowa,Carroll,13,369
Iowa,Cass,16.16666667,374
Iowa,Cedar,15.83333333,379
Iowa,Cerro Gordo,35.91666667,383
Iowa,Cherokee,9.083333333,388
Iowa,Chickasaw,11.5,393
Iowa,Clarke,10.5,397
Iowa,Clay,11.25,398
Iowa,Clayton,14.5,402
Iowa,Clinton,38.91666667,404
Iowa,Crawford,12.08333333,408
Iowa,Dallas,45.41666667,413
Iowa,Davis,7.5,416
Iowa,Decatur,9.416666667,419
Iowa,Delaware,14,421
Iowa,Des Moines,33.75,424
Iowa,Dickinson,14.25,427
Iowa,Dubuque,69.33333333,434
Iowa,Emmet,10.75,437
Iowa,Fayette,18.58333333,442
Iowa,Floyd,17.58333333,447
Iowa,Franklin,10.41666667,451
Iowa,Fremont,6.333333333,455
Iowa,Greene,7.75,458
Iowa,Grundy,9,460
Iowa,Guthrie,9.75,467
Iowa,Hamilton,15.41666667,469
Iowa,Hancock,10.33333333,470
Iowa,Hardin,21.16666667,475
Iowa,Harrison,12.5,478
Iowa,Henry,14.41666667,479
Iowa,Howard,11.08333333,481
Iowa,Humboldt,10.41666667,487
Iowa,Ida,4.583333333,491
Iowa,Iowa,11.08333333,495
Iowa,Jackson,13.25,499
Iowa,Jasper,29.16666667,505
Iowa,Jefferson,13.25,507
Iowa,Johnson,60.33333333,508
Iowa,Jones,14.66666667,516
Iowa,Keokuk,10.58333333,520
Iowa,Kossuth,11.16666667,523
Iowa,Lee,27.41666667,531
Iowa,Linn,150.25,535
Iowa,Louisa,14,539
Iowa,Lucas,9,542
Iowa,Lyon,6,546
Iowa,Madison,12.58333333,550
Iowa,Mahaska,22.83333333,554
Iowa,Marion,31.08333333,561
Iowa,Marshall,41.58333333,568
Iowa,Mills,9.75,569
Iowa,Mitchell,9.833333333,572
Iowa,Monona,5.666666667,576
Iowa,Monroe,7.75,580
Iowa,Montgomery,10.58333333,595
Iowa,Muscatine,37.91666667,600
Iowa,O'Brien,13.58333333,604
Iowa,Osceola,3,607
Iowa,Page,16.58333333,612
Iowa,Palo Alto,7.75,618
Iowa,Plymouth,9.416666667,622
Iowa,Pocahontas,7.833333333,624
Iowa,Polk,340.0833333,629
Iowa,Pottawattamie,52,637
Iowa,Poweshiek,17.33333333,640
Iowa,Ringgold,4.75,642
Iowa,Sac,6.083333333,647
Iowa,Scott,134.25,657
Iowa,Shelby,6.916666667,660
Iowa,Sioux,17.41666667,663
Iowa,Story,56.41666667,668
Iowa,Tama,14.16666667,671
Iowa,Taylor,5,674
Iowa,Union,11,675
Iowa,Van Buren,12,678
Iowa,Wapello,40.91666667,681
Iowa,Warren,28.5,685
Iowa,Washington,13.33333333,687
Iowa,Wayne,7.416666667,691
Iowa,Webster,33.33333333,694
Iowa,Winnebago,11.5,696
Iowa,Winneshiek,11.83333333,698
Iowa,Woodbury,87.08333333,702
Iowa,Worth,6,703
Iowa,Wright,16.41666667,705
Kansas,Allen,14.33333333,709
Kansas,Anderson,3.916666667,712
Kansas,Atchison,10.66666667,715
Kansas,Barber,3.25,717
Kansas,Barton,23.25,719
Kansas,Bourbon,10,722
Kansas,Brown,10,723
Kansas,Butler,34.33333333,726
Kansas,Chase,3,729
Kansas,Chautauqua,5.5,730
Kansas,Cherokee,13.75,732
Kansas,Cheyenne,2,736
Kansas,Clark,1.416666667,738
Kansas,Clay,6.666666667,739
Kansas,Cloud,6.75,740
Kansas,Coffey,8.583333333,745
Kansas,Comanche,3,748
Kansas,Cowley,24.58333333,752
Kansas,Crawford,27.33333333,756
Kansas,Decatur,2,759
Kansas,Dickinson,12.16666667,762
Kansas,Doniphan,6.25,765
Kansas,Douglas,43.91666667,767
Kansas,Edwards,1.916666667,770
Kansas,Elk,2,773
Kansas,Ellis,17,774
Kansas,Ellsworth,4.333333333,776
Kansas,Finney,17.08333333,778
Kansas,Ford,16.25,784
Kansas,Franklin,14.75,786
Kansas,Geary,16.5,788
Kansas,Gove,1.583333333,790
Kansas,Graham,2,791
Kansas,Grant,4.083333333,794
Kansas,Gray,4,798
Kansas,Greeley,1,801
Kansas,Greenwood,8.166666667,803
Kansas,Hamilton,3,805
Kansas,Harper,8.75,807
Kansas,Harvey,19.33333333,812
Kansas,Haskell,3.583333333,815
Kansas,Hodgeman,1.416666667,818
Kansas,Jackson,8.416666667,819
Kansas,Jefferson,11.16666667,821
Kansas,Jewell,2.916666667,822
Kansas,Johnson,217.75,824
Kansas,Kearny,2,826
Kansas,Kingman,5,827
Kansas,Kiowa,3.166666667,829
Kansas,Labette,22,831
Kansas,Lane,3,833
Kansas,Leavenworth,35.41666667,836
Kansas,Lincoln,1,838
Kansas,Linn,11.58333333,840
Kansas,Logan,2.333333333,842
Kansas,Lyon,24,844
Kansas,McPherson,16.83333333,846
Kansas,Marion,9,848
Kansas,Marshall,10.16666667,850
Kansas,Meade,4.75,851
Kansas,Miami,15.25,853
Kansas,Mitchell,5,854
Kansas,Montgomery,22.16666667,856
Kansas,Morris,2,858
Kansas,Morton,2,859
Kansas,Nemaha,6.5,861
Kansas,Neosho,13.83333333,862
Kansas,Ness,2,864
Kansas,Norton,6.666666667,866
Kansas,Osage,14,867
Kansas,Osborne,3,869
Kansas,Ottawa,2,870
Kansas,Pawnee,4.25,872
Kansas,Phillips,5,873
Kansas,Pottawatomie,9.333333333,876
Kansas,Pratt,7,878
Kansas,Rawlins,3,880
Kansas,Reno,42.58333333,882
Kansas,Republic,3,884
Kansas,Rice,10.91666667,886
Kansas,Riley,22.16666667,888
Kansas,Rooks,4,889
Kansas,Rush,1,891
Kansas,Russell,4,893
Kansas,Saline,36.66666667,895
Kansas,Scott,5.666666667,897
Kansas,Sedgwick,298.5833333,898
Kansas,Seward,12,900
Kansas,Shawnee,99,902
Kansas,Sheridan,2.916666667,904
Kansas,Sherman,2.916666667,907
Kansas,Smith,5,909
Kansas,Stafford,3,911
Kansas,Stanton,1,913
Kansas,Stevens,3.583333333,914
Kansas,Sumner,14.91666667,916
Kansas,Thomas,6.916666667,917
Kansas,Trego,2,919
Kansas,Wabaunsee,3.583333333,920
Kansas,Wallace,1,921
Kansas,Washington,4.916666667,922
Kansas,Wichita,1.5,923
Kansas,Wilson,11,925
Kansas,Woodson,9.083333333,926
Kansas,Wyandotte,136.5833333,927
Kentucky,Adair,21.25,928
Kentucky,Allen,15.83333333,929
Kentucky,Anderson,13,930
Kentucky,Ballard,6.833333333,932
Kentucky,Barren,46.66666667,933
Kentucky,Bath,13.5,934
Kentucky,Bell,36.33333333,936
Kentucky,Boone,72.25,1002
Kentucky,Bourbon,18.91666667,1005
Kentucky,Boyd,49.08333333,1008
Kentucky,Boyle,23.33333333,1010
Kentucky,Bracken,9.25,1013
Kentucky,Breathitt,21.83333333,1017
Kentucky,Breckinridge,26.08333333,1020
Kentucky,Bullitt,46.66666667,1024
Kentucky,Butler,17.41666667,1026
Kentucky,Caldwell,15.41666667,1031
Kentucky,Calloway,24.33333333,1033
Kentucky,Campbell,71.16666667,1035
Kentucky,Carlisle,8.833333333,1039
Kentucky,Carroll,14.91666667,1041
Kentucky,Carter,34.66666667,1044
Kentucky,Casey,22,1048
Kentucky,Christian,58,1050
Kentucky,Clark,39.5,1053
Kentucky,Clay,33.66666667,1056
Kentucky,Clinton,17.58333333,1059
Kentucky,Crittenden,6.416666667,1064
Kentucky,Cumberland,10.16666667,1067
Kentucky,Daviess,100.1666667,1071
Kentucky,Edmonson,15,1073
Kentucky,Elliott,9.166666667,1075
Kentucky,Estill,22.66666667,1077
Kentucky,Fayette,213.3333333,1080
Kentucky,Fleming,25.16666667,1083
Kentucky,Floyd,56.83333333,1085
Kentucky,Franklin,46.25,1086
Kentucky,Fulton,10.5,1088
Kentucky,Gallatin,7.75,1090
Kentucky,Garrard,12.91666667,1092
Kentucky,Grant,25.66666667,1094
Kentucky,Graves,28.33333333,1097
Kentucky,Grayson,40.08333333,1100
Kentucky,Green,14.66666667,1102
Kentucky,Greenup,36.25,1105
Kentucky,Hancock,6,1107
Kentucky,Hardin,84.83333333,1110
Kentucky,Harlan,46,1114
Kentucky,Harrison,13.91666667,1119
Kentucky,Hart,27.16666667,1121
Kentucky,Henderson,41.16666667,1126
Kentucky,Henry,14,1129
Kentucky,Hickman,4,1130
Kentucky,Hopkins,49.83333333,1136
Kentucky,Jackson,17.91666667,1140
Kentucky,Jefferson,609.5833333,1143
Kentucky,Jessamine,34.58333333,1145
Kentucky,Johnson,32.66666667,1148
Kentucky,Kenton,119.8333333,1151
Kentucky,Knott,26.5,1154
Kentucky,Knox,46.16666667,1159
Kentucky,Larue,14.25,1162
Kentucky,Laurel,71.41666667,1166
Kentucky,Lawrence,22.91666667,1167
Kentucky,Lee,15.33333333,1171
Kentucky,Leslie,22.83333333,1175
Kentucky,Letcher,34.41666667,1178
Kentucky,Lewis,21.08333333,1180
Kentucky,Lincoln,24.5,1184
Kentucky,Livingston,13.83333333,1187
Kentucky,Logan,21.41666667,1190
Kentucky,Lyon,3.416666667,1193
Kentucky,McCracken,57.25,1196
Kentucky,McCreary,26.5,1198
Kentucky,McLean,14,1201
Kentucky,Madison,77.41666667,1204
Kentucky,Magoffin,24.91666667,1206
Kentucky,Marion,17,1210
Kentucky,Marshall,21.58333333,1213
Kentucky,Martin,22.08333333,1215
Kentucky,Mason,29.41666667,1217
Kentucky,Meade,19.41666667,1220
Kentucky,Menifee,10.25,1222
Kentucky,Mercer,15.33333333,1225
Kentucky,Metcalfe,12.75,1228
Kentucky,Monroe,11.33333333,1230
Kentucky,Montgomery,33.83333333,1233
Kentucky,Morgan,20.75,1235
Kentucky,Muhlenberg,27.58333333,1238
Kentucky,Nelson,39.08333333,1243
Kentucky,Nicholas,8.166666667,1246
Kentucky,Ohio,25.75,1249
Kentucky,Oldham,22.08333333,1252
Kentucky,Owen,8.5,1255
Kentucky,Owsley,7.166666667,1257
Kentucky,Pendleton,9.083333333,1260
Kentucky,Perry,43.91666667,1265
Kentucky,Pike,88.91666667,1267
Kentucky,Powell,22.25,1270
Kentucky,Pulaski,68.08333333,1272
Kentucky,Robertson,1.25,1273
Kentucky,Rockcastle,12.33333333,1276
Kentucky,Rowan,25.58333333,1279
Kentucky,Russell,25,1282
Kentucky,Scott,27.25,1283
Kentucky,Shelby,25.91666667,1285
Kentucky,Simpson,11.41666667,1287
Kentucky,Spencer,5,1000
Kentucky,Taylor,27.58333333,1003
Kentucky,Todd,6.666666667,1006
Kentucky,Trigg,10,1009
Kentucky,Trimble,5,1012
Kentucky,Union,18.33333333,1016
Kentucky,Warren,88.75,1019
Kentucky,Washington,13.58333333,1023
Kentucky,Wayne,20.33333333,1027
Kentucky,Webster,17.83333333,1029
Kentucky,Whitley,46.58333333,1034
Kentucky,Wolfe,14.41666667,1037
Kentucky,Woodford,16.16666667,1042
Louisiana,Acadia,74,1046
Louisiana,Allen,28.66666667,1051
Louisiana,Ascension,82.41666667,1055
Louisiana,Assumption,24.91666667,1060
Louisiana,Avoyelles,67.25,1062
Louisiana,Beauregard,24.66666667,1066
Louisiana,Bienville,19.75,1069
Louisiana,Bossier,75.75,1076
Louisiana,Caddo,214.3333333,1079
Louisiana,Calcasieu,187.5,1081
Louisiana,Caldwell,8,1084
Louisiana,Cameron,6.25,1089
Louisiana,Catahoula,11.08333333,1093
Louisiana,Claiborne,14.83333333,1095
Louisiana,Concordia,28.5,1098
Louisiana,De Soto,20.08333333,1103
Louisiana,East Baton Rouge,416,1108
Louisiana,East Carroll,12.08333333,1111
Louisiana,East Feliciana,19.66666667,1115
Louisiana,Evangeline,54.58333333,1118
Louisiana,Franklin,28.08333333,1123
Louisiana,Grant,15.66666667,1127
Louisiana,Iberia,89.66666667,1133
Louisiana,Iberville,38.08333333,1134
Louisiana,Jackson,14.5,1138
Louisiana,Jefferson,378.5833333,1147
Louisiana,Jefferson Davis,32.41666667,1155
Louisiana,Lafayette,205.0833333,1161
Louisiana,Lafourche,73.16666667,1280
Louisiana,La Salle,15.66666667,1289
Louisiana,Lincoln,26.25,1291
Louisiana,Livingston,107.3333333,1295
Louisiana,Madison,13.5,1297
Louisiana,Morehouse,28.41666667,1299
Louisiana,Natchitoches,37.91666667,1301
Louisiana,Orleans,350.5833333,1304
Louisiana,Ouachita,140.5833333,1306
Louisiana,Plaquemines,21.91666667,1427
Louisiana,Pointe Coupee,26.91666667,1431
Louisiana,Rapides,150.0833333,1434
Louisiana,Red River,9,1436
Louisiana,Richland,19.83333333,1439
Louisiana,Sabine,18.83333333,1441
Louisiana,St. Bernard,45.16666667,1463
Louisiana,St. Charles,38.83333333,1466
Louisiana,St. Helena,13,1467
Louisiana,St. James,16.58333333,1468
Louisiana,St. John the Baptist,40.75,1469
Louisiana,St. Landry,122.0833333,1471
Louisiana,St. Martin,62.66666667,1473
Louisiana,St. Mary,67.08333333,1474
Louisiana,St. Tammany,150.5,1475
Louisiana,Tangipahoa,145.25,1476
Louisiana,Tensas,8.25,1479
Louisiana,Terrebonne,113.1666667,1501
Louisiana,Union,21.08333333,1507
Louisiana,Vermilion,57.83333333,1510
Louisiana,Vernon,32.08333333,1513
Louisiana,Washington,64.16666667,1516
Louisiana,Webster,53.83333333,1518
Louisiana,West Baton Rouge,27.83333333,1520
Louisiana,West Carroll,17.33333333,1522
Louisiana,West Feliciana,6.166666667,1524
Louisiana,Winn,13.25,1529
Maine,Androscoggin,138,1532
Maine,Aroostook,106.3333333,1535
Maine,Cumberland,267.0833333,1608
Maine,Franklin,44.25,1619
Maine,Hancock,50.08333333,1748
Maine,Kennebec,142.0833333,1755
Maine,Knox,47.91666667,1774
Maine,Lincoln,30.83333333,1835
Maine,Oxford,68.91666667,1842
Maine,Penobscot,171.4166667,1846
Maine,Piscataquis,30.58333333,1851
Maine,Sagadahoc,27,1855
Maine,Somerset,69.41666667,1860
Maine,Waldo,41,1865
Maine,Washington,49.58333333,1884
Maine,York,150.6666667,1901
Maryland,Allegany,52,1905
Maryland,Anne Arundel,227.25,1925
Maryland,Calvert,35.91666667,1946
Maryland,Caroline,29.33333333,1949
Maryland,Carroll,63.16666667,1955
Maryland,Cecil,65.66666667,1963
Maryland,Charles,66.75,1294
Maryland,Dorchester,35,1346
Maryland,Frederick,100.25,1357
Maryland,Garrett,29.41666667,1361
Maryland,Harford,131.5833333,1372
Maryland,Howard,80.58333333,1379
Maryland,Kent,18,1394
Maryland,Montgomery,288.4166667,1398
Maryland,Prince George's,420.75,1403
Maryland,Queen Anne's,25,1413
Maryland,St. Mary's,48.25,1421
Maryland,Somerset,24.25,1430
Maryland,Talbot,27,1438
Maryland,Washington,95.25,1445
Maryland,Wicomico,80.25,1446
Maryland,Worcester,49.16666667,1456
Massachusetts,Barnstable,164.1666667,1478
Massachusetts,Berkshire,91.16666667,1480
Massachusetts,Bristol,462.4166667,1486
Massachusetts,Dukes,7,1491
Massachusetts,Essex,518.5,1519
Massachusetts,Franklin,53.25,1523
Massachusetts,Hampden,482.5,1526
Massachusetts,Hampshire,98.91666667,1527
Massachusetts,Middlesex,803.1666667,1533
Massachusetts,Nantucket,3,1537
Massachusetts,Norfolk,304.3333333,1543
Massachusetts,Plymouth,299.5833333,1569
Massachusetts,Suffolk,677.5,1585
Massachusetts,Worcester,562.5,1599
Michigan,Alcona,12.33333333,1603
Michigan,Alger,9.666666667,1609
Michigan,Allegan,66.5,1611
Michigan,Alpena,31.41666667,1614
Michigan,Antrim,12.75,1617
Michigan,Arenac,25.33333333,1621
Michigan,Baraga,7.333333333,1624
Michigan,Barry,41.33333333,1627
Michigan,Bay,105.0833333,1631
Michigan,Benzie,17.33333333,1634
Michigan,Berrien,135.8333333,1635
Michigan,Branch,39,1640
Michigan,Calhoun,159.6666667,1641
Michigan,Cass,36.5,1644
Michigan,Charlevoix,22.75,1648
Michigan,Cheboygan,24.16666667,1649
Michigan,Chippewa,33.16666667,1660
Michigan,Clare,40.25,1665
Michigan,Clinton,36.33333333,1669
Michigan,Crawford,15.83333333,1672
Michigan,Delta,38.16666667,1675
Michigan,Dickinson,17,1677
Michigan,Eaton,71,1678
Michigan,Emmet,38.66666667,1686
Michigan,Genesee,466.0833333,1688
Michigan,Gladwin,27.41666667,1691
Michigan,Gogebic,12.41666667,1693
Michigan,Grand Traverse,66.66666667,1697
Michigan,Gratiot,39.5,1700
Michigan,Hillsdale,44.25,1701
Michigan,Houghton,25.66666667,1705
Michigan,Huron,33.5,1708
Michigan,Ingham,229.5833333,1710
Michigan,Ionia,49.83333333,1713
Michigan,Iosco,40.41666667,1715
Michigan,Iron,8.833333333,1716
Michigan,Isabella,50.25,1717
Michigan,Jackson,137.3333333,1719
Michigan,Kalamazoo,189.4166667,1720
Michigan,Kalkaska,15.41666667,1722
Michigan,Kent,432.9166667,1726
Michigan,Keweenaw,1,1743
Michigan,Lake,15,1749
Michigan,Lapeer,72.58333333,1752
Michigan,Leelanau,15.33333333,1765
Michigan,Lenawee,67.58333333,1768
Michigan,Livingston,77.66666667,1770
Michigan,Luce,8.583333333,1773
Michigan,Mackinac,16.33333333,1779
Michigan,Macomb,835.5,1785
Michigan,Manistee,30.41666667,1787
Michigan,Marquette,40,1793
Michigan,Mason,29.08333333,1797
Michigan,Mecosta,39.25,1800
Michigan,Menominee,15.41666667,1802
Michigan,Midland,55.08333333,1806
Michigan,Missaukee,17.25,1810
Michigan,Monroe,106.8333333,1812
Michigan,Montcalm,74,1815
Michigan,Montmorency,11.83333333,1816
Michigan,Muskegon,158,1818
Michigan,Newaygo,45.58333333,1820
Michigan,Oakland,912,1824
Michigan,Oceana,27.83333333,1825
Michigan,Ogemaw,25.91666667,1827
Michigan,Ontonagon,9.25,1829
Michigan,Osceola,29.08333333,1830
Michigan,Oscoda,12.83333333,1832
Michigan,Otsego,24.58333333,1834
Michigan,Ottawa,122.5833333,1837
Michigan,Presque Isle,12,1840
Michigan,Roscommon,32.33333333,1843
Michigan,Saginaw,175.75,1845
Michigan,St. Clair,166.9166667,1854
Michigan,St. Joseph,64.41666667,1857
Michigan,Sanilac,58.91666667,1858
Michigan,Schoolcraft,5.5,1861
Michigan,Shiawassee,52.75,1863
Michigan,Tuscola,47.33333333,1866
Michigan,Van Buren,71.58333333,1867
Michigan,Washtenaw,217.25,1869
Michigan,Wayne,2429.25,1871
Michigan,Wexford,34.91666667,1873
Minnesota,Aitkin,14.75,1875
Minnesota,Anoka,169.5833333,1877
Minnesota,Becker,26,1878
Minnesota,Beltrami,38.33333333,1880
Minnesota,Benton,19,1881
Minnesota,Big Stone,5.333333333,1882
Minnesota,Blue Earth,41.5,1886
Minnesota,Brown,15.58333333,1892
Minnesota,Carlton,21.08333333,1893
Minnesota,Carver,37.25,1894
Minnesota,Cass,25.83333333,1895
Minnesota,Chippewa,9.666666667,1896
Minnesota,Chisago,18.25,1897
Minnesota,Clay,30.5,1898
Minnesota,Clearwater,9.666666667,1899
Minnesota,Cook,4.25,1900
Minnesota,Cottonwood,7.416666667,1902
Minnesota,Crow Wing,38.83333333,1903
Minnesota,Dakota,205.1666667,1904
Minnesota,Dodge,8.083333333,1906
Minnesota,Douglas,20.16666667,1907
Minnesota,Faribault,12.25,1908
Minnesota,Fillmore,12.91666667,1909
Minnesota,Freeborn,20.91666667,1910
Minnesota,Goodhue,32.83333333,1911
Minnesota,Grant,3.25,1912
Minnesota,Hennepin,605.4166667,1913
Minnesota,Houston,11,1914
Minnesota,Hubbard,12.91666667,1915
Minnesota,Isanti,15.58333333,1916
Minnesota,Itasca,33,1917
Minnesota,Jackson,5,1918
Minnesota,Kanabec,5.583333333,1919
Minnesota,Kandiyohi,26.66666667,1920
Minnesota,Kittson,3.5,1921
Minnesota,Koochiching,11.08333333,1922
Minnesota,Lac qui Parle,4.833333333,1923
Minnesota,Lake,5.333333333,1926
Minnesota,Lake of the Woods,2.416666667,1927
Minnesota,Le Sueur,13.41666667,1929
Minnesota,Lincoln,5,1931
Minnesota,Lyon,21.25,1932
Minnesota,McLeod,20.5,1934
Minnesota,Mahnomen,8,1936
Minnesota,Marshall,7,1937
Minnesota,Martin,15.25,1940
Minnesota,Meeker,9.25,1941
Minnesota,Mille Lacs,11,1943
Minnesota,Morrison,25.75,1944
Minnesota,Mower,29.08333333,1945
Minnesota,Murray,2.666666667,1947
Minnesota,Nicollet,14.33333333,1948
Minnesota,Nobles,20.91666667,1950
Minnesota,Norman,6,1951
Minnesota,Olmsted,71.08333333,1953
Minnesota,Otter Tail,34.83333333,1954
Minnesota,Pennington,11,1956
Minnesota,Pine,19,1957
Minnesota,Pipestone,10.41666667,1958
Minnesota,Polk,17.66666667,1959
Minnesota,Pope,4.416666667,1961
Minnesota,Ramsey,349.25,1964
Minnesota,Red Lake,3.583333333,1966
Minnesota,Redwood,7,1969
Minnesota,Renville,9.083333333,1971
Minnesota,Rice,33.66666667,1973
Minnesota,Rock,3.416666667,1974
Minnesota,Roseau,9.5,1976
Minnesota,St. Louis,128.6666667,1978
Minnesota,Scott,48.75,1979
Minnesota,Sherburne,25.16666667,1980
Minnesota,Sibley,8.083333333,1982
Minnesota,Stearns,75.41666667,1984
Minnesota,Steele,24.75,1985
Minnesota,Stevens,4.833333333,1987
Minnesota,Swift,7,1988
Minnesota,Todd,17.75,1989
Minnesota,Traverse,2.666666667,1990
Minnesota,Wabasha,9,1991
Minnesota,Wadena,9.333333333,1992
Minnesota,Waseca,10,1993
Minnesota,Washington,89.83333333,1994
Minnesota,Watonwan,11.16666667,1996
Minnesota,Wilkin,3,1997
Minnesota,Winona,30.83333333,1998
Minnesota,Wright,48.75,1999
Minnesota,Yellow Medicine,7,1531
Mississippi,Adams,34.83333333,1534
Mississippi,Alcorn,26.58333333,1538
Mississippi,Amite,10.08333333,1539
Mississippi,Attala,18,1541
Mississippi,Benton,7.083333333,1544
Mississippi,Bolivar,60.33333333,1547
Mississippi,Calhoun,14,1548
Mississippi,Carroll,6.833333333,1549
Mississippi,Chickasaw,17.5,1550
Mississippi,Choctaw,9.083333333,1552
Mississippi,Claiborne,12.25,1555
Mississippi,Clarke,18.91666667,1557
Mississippi,Clay,26.41666667,1559
Mississippi,Coahoma,39.41666667,1562
Mississippi,Copiah,40.5,1564
Mississippi,Covington,19.58333333,1567
Mississippi,DeSoto,130.8333333,1571
Mississippi,Forrest,92.41666667,1572
Mississippi,Franklin,9.5,1575
Mississippi,George,28.66666667,1577
Mississippi,Greene,18.75,1579
Mississippi,Grenada,22.75,1581
Mississippi,Hancock,36.33333333,1583
Mississippi,Harrison,176.6666667,1587
Mississippi,Hinds,267.1666667,1591
Mississippi,Holmes,32.58333333,1593
Mississippi,Humphreys,20.41666667,1596
Mississippi,Issaquena,2,1598
Mississippi,Itawamba,13.91666667,1601
Mississippi,Jackson,119.5833333,1605
Mississippi,Jasper,12.33333333,1607
Mississippi,Jefferson,12.66666667,1610
Mississippi,Jefferson Davis,11.58333333,1612
Mississippi,Jones,59.25,1615
Mississippi,Kemper,10.75,1616
Mississippi,Lafayette,26,1620
Mississippi,Lamar,39.5,1623
Mississippi,Lauderdale,94.5,1628
Mississippi,Lawrence,19,1632
Mississippi,Leake,28.16666667,1636
Mississippi,Lee,77.5,1638
Mississippi,Leflore,42.33333333,1643
Mississippi,Lincoln,37.41666667,1645
Mississippi,Lowndes,75.41666667,1647
Mississippi,Madison,67.75,1651
Mississippi,Marion,37.5,1653
Mississippi,Marshall,42,1655
Mississippi,Monroe,30.58333333,1656
Mississippi,Montgomery,12.41666667,1658
Mississippi,Neshoba,26.08333333,1661
Mississippi,Newton,23.08333333,1663
Mississippi,Noxubee,15.25,1666
Mississippi,Oktibbeha,28.5,1668
Mississippi,Panola,44.08333333,1671
Mississippi,Pearl River,57.33333333,1676
Mississippi,Perry,15.83333333,1679
Mississippi,Pike,57.33333333,1680
Mississippi,Pontotoc,17.83333333,1682
Mississippi,Prentiss,21.83333333,1684
Mississippi,Quitman,11.5,1685
Mississippi,Rankin,98.41666667,1690
Mississippi,Scott,28.41666667,1692
Mississippi,Sharkey,9.333333333,1695
Mississippi,Simpson,27.33333333,1698
Mississippi,Smith,10.5,1709
Mississippi,Stone,14.91666667,1712
Mississippi,Sunflower,42.5,1721
Mississippi,Tallahatchie,14.83333333,1725
Mississippi,Tate,25.25,1727
Mississippi,Tippah,16.16666667,1730
Mississippi,Tishomingo,23.08333333,1732
Mississippi,Tunica,19,1735
Mississippi,Union,23.83333333,1737
Mississippi,Walthall,16.91666667,1740
Mississippi,Warren,55.08333333,1746
Mississippi,Washington,84.16666667,1750
Mississippi,Wayne,20.08333333,1753
Mississippi,Webster,11.08333333,1756
Mississippi,Wilkinson,13.66666667,1757
Mississippi,Winston,13.25,1758
Mississippi,Yalobusha,13.08333333,1759
Mississippi,Yazoo,38.08333333,1760
Missouri,Adair,13.16666667,1761
Missouri,Andrew,5.5,1762
Missouri,Atchison,4.25,1763
Missouri,Audrain,18.5,1766
Missouri,Barry,38.08333333,1767
Missouri,Barton,12.16666667,1771
Missouri,Bates,17,1776
Missouri,Benton,16.66666667,1778
Missouri,Bollinger,9.583333333,1781
Missouri,Boone,91.41666667,1783
Missouri,Buchanan,63.41666667,1789
Missouri,Butler,49.41666667,1792
Missouri,Caldwell,10.91666667,1795
Missouri,Callaway,24.66666667,1799
Missouri,Camden,41.91666667,1803
Missouri,Cape Girardeau,37.16666667,1808
Missouri,Carroll,9.083333333,1822
Missouri,Carter,10.83333333,1001
Missouri,Cass,54.66666667,1004
Missouri,Cedar,11.41666667,1007
Missouri,Chariton,7,1011
Missouri,Christian,47.25,1014
Missouri,Clark,9,1015
Missouri,Clay,113.4166667,1018
Missouri,Clinton,13.5,1021
Missouri,Cole,46.5,1022
Missouri,Cooper,9.833333333,1025
Missouri,Crawford,17.75,1028
Missouri,Dade,9.25,1030
Missouri,Dallas,13.08333333,1032
Missouri,Daviess,6.666666667,1036
Missouri,DeKalb,8,1038
Missouri,Dent,11.41666667,1040
Missouri,Douglas,10.75,1043
Missouri,Dunklin,40.75,1045
Missouri,Franklin,61.5,1047
Missouri,Gasconade,17.58333333,1049
Missouri,Gentry,10.75,1052
Missouri,Greene,203,1054
Missouri,Grundy,7.666666667,1057
Missouri,Harrison,7.833333333,1058
Missouri,Henry,19.58333333,1061
Missouri,Hickory,8.5,1063
Missouri,Holt,4,1065
Missouri,Howard,9.583333333,1068
Missouri,Howell,54.41666667,1070
Missouri,Iron,13,1072
Missouri,Jackson,482.1666667,1074
Missouri,Jasper,108.5,1078
Missouri,Jefferson,117.8333333,1082
Missouri,Johnson,30.58333333,1087
Missouri,Knox,4,1091
Missouri,Laclede,26.83333333,1096
Missouri,Lafayette,24.25,1099
Missouri,Lawrence,30.08333333,1101
Missouri,Lewis,10,1104
Missouri,Lincoln,29.25,1106
Missouri,Linn,12,1109
Missouri,Livingston,14.58333333,1112
Missouri,McDonald,21.33333333,1113
Missouri,Macon,14,1116
Missouri,Madison,8.166666667,1117
Missouri,Maries,5.5,1120
Missouri,Marion,27.41666667,1122
Missouri,Mercer,6,1125
Missouri,Miller,24,1128
Missouri,Mississippi,17.91666667,1131
Missouri,Moniteau,9.25,1135
Missouri,Monroe,7,1139
Missouri,Montgomery,12,1142
Missouri,Morgan,23.5,1146
Missouri,New Madrid,23.16666667,1149
Missouri,Newton,43.5,1152
Missouri,Nodaway,11.5,1156
Missouri,Oregon,10.91666667,1158
Missouri,Osage,8.5,1164
Missouri,Ozark,10.75,1168
Missouri,Pemiscot,23.41666667,1170
Missouri,Perry,12.58333333,1172
Missouri,Pettis,34.33333333,1174
Missouri,Phelps,33.5,1176
Missouri,Pike,14.58333333,1179
Missouri,Platte,38.83333333,1181
Missouri,Polk,27.16666667,1183
Missouri,Pulaski,27.33333333,1185
Missouri,Putnam,4.25,1188
Missouri,Ralls,6,1191
Missouri,Randolph,22.25,1194
Missouri,Ray,12,1197
Missouri,Reynolds,6.75,1200
Missouri,Ripley,13.25,1203
Missouri,St. Charles,158.8333333,1205
Missouri,St. Clair,12.91666667,1208
Missouri,Ste. Genevieve,9.25,1209
Missouri,St. Francois,54.58333333,1212
Missouri,Saline,17,1218
Missouri,Schuyler,6.083333333,1221
Missouri,Scotland,8,1224
Missouri,Scott,30.58333333,1227
Missouri,Shannon,7,1229
Missouri,Shelby,6.833333333,1232
Missouri,Stoddard,23,1236
Missouri,Stone,24.08333333,1237
Missouri,Sullivan,5.083333333,1240
Missouri,Taney,48,1242
Missouri,Texas,20.75,1245
Missouri,Vernon,11,1248
Missouri,Warren,15.75,1251
Missouri,Washington,25.16666667,1253
Missouri,Wayne,18.58333333,1256
Missouri,Webster,28.91666667,1258
Missouri,Worth,3,1261
Missouri,Wright,21.16666667,1263
Montana,Beaverhead,7.333333333,1269
Montana,Big Horn,9.5,1274
Montana,Blaine,6,1124
Montana,Broadwater,3,1132
Montana,Carbon,6.416666667,1137
Montana,Carter,1,1141
Montana,Cascade,51.16666667,1144
Montana,Chouteau,3,1150
Montana,Custer,8,1153
Montana,Daniels,2,1157
Montana,Dawson,7,1160
Montana,Deer Lodge,7.166666667,1163
Montana,Fallon,1.5,1165
Montana,Fergus,8.916666667,1169
Montana,Flathead,61.41666667,1173
Montana,Gallatin,46.75,1177
Montana,Garfield,1,1182
Montana,Glacier,11.91666667,1186
Montana,Golden Valley,1,1189
Montana,Granite,2.416666667,1192
Montana,Hill,14.91666667,1195
Montana,Jefferson,4,1199
Montana,Judith Basin,2,1202
Montana,Lake,22.58333333,1207
Montana,Lewis and Clark,41.41666667,1211
Montana,Liberty,1.166666667,1214
Montana,Lincoln,19.41666667,1219
Montana,McCone,1,1223
Montana,Madison,5.583333333,1226
Montana,Meagher,3,1231
Montana,Mineral,7,1234
Montana,Missoula,68.41666667,1239
Montana,Musselshell,2,1241
Montana,Park,12,1244
Montana,Petroleum,1,1247
Montana,Phillips,4,1250
Montana,Pondera,5.416666667,1254
Montana,Powder River,1,1259
Montana,Powell,5.833333333,1262
Montana,Prairie,1,1264
Montana,Ravalli,21.33333333,1268
Montana,Richland,5.166666667,1271
Montana,Roosevelt,12.5,1275
Montana,Rosebud,9,1277
Montana,Sanders,19.91666667,1278
Montana,Sheridan,3.416666667,1281
Montana,Silver Bow,30.5,1284
Montana,Stillwater,5,1286
Montana,Sweet Grass,2,1288
Montana,Teton,2.833333333,1290
Montana,Toole,4.666666667,1292
Montana,Treasure,0,1293
Montana,Valley,5.5,1296
Montana,Wheatland,1.25,1298
Montana,Wibaux,1,1300
Montana,Yellowstone,92.91666667,1302
Nebraska,Adams,14.75,1303
Nebraska,Antelope,6,1305
Nebraska,Arthur,0,1307
Nebraska,Banner,0,1308
Nebraska,Blaine,0,1309
Nebraska,Boone,7,1310
Nebraska,Box Butte,6.416666667,1315
Nebraska,Boyd,3,1317
Nebraska,Brown,5.666666667,1319
Nebraska,Buffalo,22.83333333,1321
Nebraska,Burt,6.583333333,1323
Nebraska,Butler,3.083333333,1325
Nebraska,Cass,9.75,1326
Nebraska,Cedar,5.166666667,1329
Nebraska,Chase,5,1330
Nebraska,Cherry,5.916666667,1333
Nebraska,Cheyenne,5,1334
Nebraska,Clay,5,1336
Nebraska,Colfax,8,1338
Nebraska,Cuming,7.833333333,1340
Nebraska,Custer,10.66666667,1342
Nebraska,Dakota,15.16666667,1344
Nebraska,Dawes,4,1347
Nebraska,Dawson,18.91666667,1349
Nebraska,Deuel,2,1351
Nebraska,Dixon,2.5,1353
Nebraska,Dodge,22,1354
Nebraska,Douglas,239.75,1358
Nebraska,Dundy,1,1360
Nebraska,Fillmore,8,1363
Nebraska,Franklin,3,1369
Nebraska,Frontier,2,1371
Nebraska,Furnas,4,1374
Nebraska,Gage,15.33333333,1378
Nebraska,Garden,1,1381
Nebraska,Garfield,2,1391
Nebraska,Gosper,0.083333333,1393
Nebraska,Grant,1,1395
Nebraska,Greeley,3,1397
Nebraska,Hall,34.58333333,1402
Nebraska,Hamilton,5.166666667,1405
Nebraska,Harlan,2,1409
Nebraska,Hayes,1,1411
Nebraska,Hitchcock,2,1414
Nebraska,Holt,10.41666667,1416
Nebraska,Hooker,1,1418
Nebraska,Howard,4,1311
Nebraska,Jefferson,5.916666667,1312
Nebraska,Johnson,3.583333333,1313
Nebraska,Kearney,4,1314
Nebraska,Keith,6.75,1316
Nebraska,Keya Paha,1,1318
Nebraska,Kimball,2.75,1320
Nebraska,Knox,8,1322
Nebraska,Lancaster,130.25,1324
Nebraska,Lincoln,21.08333333,1327
Nebraska,Logan,1,1328
Nebraska,Loup,0,1331
Nebraska,McPherson,0,1332
Nebraska,Madison,22.08333333,1335
Nebraska,Merrick,4.833333333,1337
Nebraska,Morrill,5,1339
Nebraska,Nance,2,1341
Nebraska,Nemaha,6.333333333,1343
Nebraska,Nuckolls,4.75,1345
Nebraska,Otoe,14,1348
Nebraska,Pawnee,2,1350
Nebraska,Perkins,1.083333333,1352
Nebraska,Phelps,6.75,1355
Nebraska,Pierce,3,1356
Nebraska,Platte,14.66666667,1359
Nebraska,Polk,3,1362
Nebraska,Red Willow,4.916666667,1364
Nebraska,Richardson,5.25,1365
Nebraska,Rock,1,1366
Nebraska,Saline,9.916666667,1367
Nebraska,Sarpy,40.5,1368
Nebraska,Saunders,10.08333333,1370
Nebraska,Scotts Bluff,21.83333333,1373
Nebraska,Seward,7,1375
Nebraska,Sheridan,11,1376
Nebraska,Sherman,2,1377
Nebraska,Sioux,1,1380
Nebraska,Stanton,2,1382
Nebraska,Thayer,5.416666667,1383
Nebraska,Thomas,1,1384
Nebraska,Thurston,7.333333333,1385
Nebraska,Valley,4,1386
Nebraska,Washington,7.25,1387
Nebraska,Wayne,3.5,1388
Nebraska,Webster,2,1389
Nebraska,Wheeler,0,1390
Nebraska,York,6,1392
Nevada,Churchill,20.83333333,1396
Nevada,Clark,1095.583333,1399
Nevada,Douglas,19.91666667,1400
Nevada,Elko,27.33333333,1401
Nevada,Esmeralda,1,1404
Nevada,Eureka,1.833333333,1406
Nevada,Humboldt,10.25,1407
Nevada,Lander,3.416666667,1408
Nevada,Lincoln,6,1410
Nevada,Lyon,29.75,1412
Nevada,Mineral,5.083333333,1415
Nevada,Nye,33.91666667,1417
Nevada,Pershing,1.833333333,1419
Nevada,Storey,2,1420
Nevada,Washoe,285.5833333,1423
Nevada,White Pine,3.25,1425
Nevada,Carson City,37.58333333,1428
New Hampshire,Belknap,59.66666667,1432
New Hampshire,Carroll,45.08333333,1435
New Hampshire,Cheshire,55.66666667,1437
New Hampshire,Coos,38.83333333,1440
New Hampshire,Grafton,82.33333333,1442
New Hampshire,Hillsborough,287.5833333,1443
New Hampshire,Merrimack,105.9166667,1444
New Hampshire,Rockingham,167.0833333,1448
New Hampshire,Strafford,75.16666667,1453
New Hampshire,Sullivan,28.08333333,1454
New Jersey,Atlantic,245.9166667,1461
New Jersey,Bergen,348.8333333,1465
New Jersey,Burlington,236.75,1470
New Jersey,Camden,436.5,1472
New Jersey,Cape May,80.33333333,1477
New Jersey,Cumberland,154.8333333,1482
New Jersey,Essex,671.25,1483
New Jersey,Gloucester,189.3333333,1484
New Jersey,Hudson,735.25,1487
New Jersey,Hunterdon,35.08333333,1488
New Jersey,Mercer,255.6666667,1493
New Jersey,Middlesex,392,1497
New Jersey,Monmouth,297.1666667,1504
New Jersey,Morris,153.0833333,1511
New Jersey,Ocean,309.6666667,1546
New Jersey,Passaic,537.5,1551
New Jersey,Salem,50.91666667,1553
New Jersey,Somerset,129.9166667,1558
New Jersey,Sussex,52.75,1561
New Jersey,Union,362.0833333,1566
New Jersey,Warren,51.91666667,1570
New Mexico,Bernalillo,365.5833333,1574
New Mexico,Catron,9,1576
New Mexico,Chaves,55.75,1578
New Mexico,Cibola,21.58333333,1580
New Mexico,Colfax,9,1582
New Mexico,Curry,40.75,1586
New Mexico,De Baca,3,1589
New Mexico,Doa Ana,124.9166667,1590
New Mexico,Eddy,40.91666667,1592
New Mexico,Grant,20.33333333,1594
New Mexico,Guadalupe,10.58333333,1595
New Mexico,Harding,2,1597
New Mexico,Hidalgo,7,1600
New Mexico,Lea,45.75,1604
New Mexico,Lincoln,20.75,1613
New Mexico,Los Alamos,4,1618
New Mexico,Luna,19.83333333,1622
New Mexico,McKinley,70.75,1626
New Mexico,Mora,3.25,1629
New Mexico,Otero,33.91666667,1633
New Mexico,Quay,11,1637
New Mexico,Rio Arriba,27.58333333,1639
New Mexico,Roosevelt,13.33333333,1642
New Mexico,Sandoval,65.08333333,1646
New Mexico,San Juan,89.58333333,1650
New Mexico,San Miguel,26.41666667,1652
New Mexico,Santa Fe,64.66666667,1654
New Mexico,Sierra,15.25,1657
New Mexico,Socorro,13,1659
New Mexico,Taos,25.83333333,1662
New Mexico,Torrance,13.5,1664
New Mexico,Union,4,1667
New Mexico,Valencia,50.25,1670
New York,Albany,259.1666667,1673
New York,Allegany,47.5,1674
New York,Bronx,2161,1681
New York,Broome,183.4166667,1683
New York,Cattaraugus,50.58333333,1687
New York,Cayuga,42.91666667,1689
New York,Chautauqua,108.75,1694
New York,Chemung,80.66666667,1696
New York,Chenango,50.75,1699
New York,Clinton,87.83333333,1702
New York,Columbia,54.08333333,1704
New York,Cortland,42.25,1706
New York,Delaware,50.41666667,1707
New York,Dutchess,150.25,1711
New York,Erie,805.1666667,1723
New York,Essex,42.25,1728
New York,Franklin,55.41666667,1731
New York,Fulton,44.66666667,1734
New York,Genesee,43.33333333,1736
New York,Greene,46,1739
New York,Hamilton,3.333333333,1742
New York,Herkimer,55,1745
New York,Jefferson,107.0833333,1782
New York,Kings,3750.75,1788
New York,Lewis,27.75,1790
New York,Livingston,42.83333333,1791
New York,Madison,49.58333333,1796
New York,Monroe,561.75,1804
New York,Montgomery,53.08333333,1807
New York,Nassau,553.5833333,1839
New York,New York,1456.833333,1847
New York,Niagara,167.1666667,1850
New York,Oneida,223.4166667,1852
New York,Onondaga,372,1853
New York,Ontario,54.58333333,1856
New York,Orange,246.1666667,1859
New York,Orleans,28.16666667,1862
New York,Oswego,95.25,1864
New York,Otsego,55.25,1868
New York,Putnam,22,1870
New York,Queens,2116.083333,1872
New York,Rensselaer,137.0833333,1874
New York,Richmond,383.75,1876
New York,Rockland,136.9166667,1879
New York,St. Lawrence,107.5833333,1883
New York,Saratoga,139.25,1885
New York,Schenectady,154,1887
New York,Schoharie,23.16666667,1888
New York,Schuyler,12.66666667,1889
New York,Seneca,21.5,1890
New York,Steuben,77.25,1891
New York,Suffolk,612.75,1924
New York,Sullivan,82.16666667,1928
New York,Tioga,33.75,1930
New York,Tompkins,57.25,1933
New York,Ulster,135,1935
New York,Warren,66.41666667,1938
New York,Washington,48,1942
New York,Wayne,49.58333333,1952
New York,Westchester,565.5,1960
New York,Wyoming,21.33333333,1962
New York,Yates,19.5,1965
North Carolina,Alamance,127.0833333,1967
North Carolina,Alexander,22.33333333,1968
North Carolina,Alleghany,12.5,1970
North Carolina,Anson,36,1972
North Carolina,Ashe,18.5,1975
North Carolina,Avery,12.75,1977
North Carolina,Beaufort,44.58333333,1981
North Carolina,Bertie,27.33333333,1983
North Carolina,Bladen,37.75,1986
North Carolina,Brunswick,92.58333333,1995
North Carolina,Buncombe,186.5833333,1422
North Carolina,Burke,98.33333333,1424
North Carolina,Cabarrus,130.25,1426
North Carolina,Caldwell,90.5,1429
North Carolina,Camden,4,1433
North Carolina,Carteret,54.75,1447
North Carolina,Caswell,21.16666667,1449
North Carolina,Catawba,174.75,1450
North Carolina,Chatham,44.91666667,1451
North Carolina,Cherokee,21.91666667,1452
North Carolina,Chowan,19.08333333,1455
North Carolina,Clay,8,1457
North Carolina,Cleveland,112.1666667,1458
North Carolina,Columbus,63.16666667,1459
North Carolina,Craven,77.25,1462
North Carolina,Cumberland,278.4166667,1464
North Carolina,Currituck,13.83333333,1481
North Carolina,Dare,28.33333333,1485
North Carolina,Davidson,136.6666667,1489
North Carolina,Davie,32.08333333,1490
North Carolina,Duplin,52.16666667,1492
North Carolina,Durham,186.5833333,1494
North Carolina,Edgecombe,59.25,1495
North Carolina,Forsyth,305.8333333,1496
North Carolina,Franklin,56.16666667,1498
North Carolina,Gaston,211.9166667,1499
North Carolina,Gates,9.416666667,1500
North Carolina,Graham,6.916666667,1502
North Carolina,Granville,52.16666667,1503
North Carolina,Greene,16,1505
North Carolina,Guilford,431.5833333,1506
North Carolina,Halifax,81,1508
North Carolina,Harnett,77.33333333,1509
North Carolina,Haywood,38.16666667,1512
North Carolina,Henderson,55.83333333,1514
North Carolina,Hertford,39.41666667,1515
North Carolina,Hoke,35.25,1517
North Carolina,Hyde,7,1521
North Carolina,Iredell,110.25,1525
North Carolina,Jackson,24.33333333,1528
North Carolina,Johnston,112.1666667,1530
North Carolina,Jones,7.833333333,1536
North Carolina,Lee,69.58333333,1540
North Carolina,Lenoir,66.41666667,1542
North Carolina,Lincoln,67.08333333,1545
North Carolina,McDowell,41.25,1554
North Carolina,Macon,22.33333333,1556
North Carolina,Madison,16.66666667,1560
North Carolina,Martin,29.91666667,1563
North Carolina,Mecklenburg,653.3333333,1565
North Carolina,Mitchell,17.5,1568
North Carolina,Montgomery,26.41666667,1573
North Carolina,Moore,59.58333333,1584
North Carolina,Nash,124.5833333,1588
North Carolina,New Hanover,169.4166667,1602
North Carolina,Northampton,26.16666667,1606
North Carolina,Onslow,95.66666667,1625
North Carolina,Orange,65.91666667,1630
North Carolina,Pamlico,12.83333333,1703
North Carolina,Pasquotank,36.83333333,1714
North Carolina,Pender,43.16666667,1718
North Carolina,Perquimans,10.5,1724
North Carolina,Person,31.25,1729
North Carolina,Pitt,144.1666667,1733
North Carolina,Polk,21.08333333,1738
North Carolina,Randolph,96.75,1741
North Carolina,Richmond,57.91666667,1744
North Carolina,Robeson,168,1747
North Carolina,Rockingham,106.75,1751
North Carolina,Rowan,119.3333333,1754
North Carolina,Rutherford,70.5,1764
North Carolina,Sampson,46.75,1769
North Carolina,Scotland,52.08333333,1772
North Carolina,Stanly,50.16666667,1775
North Carolina,Stokes,37.25,1777
North Carolina,Surry,87.16666667,1780
North Carolina,Swain,16.25,1784
North Carolina,Transylvania,23.5,1786
North Carolina,Tyrrell,6,1794
North Carolina,Union,119.25,1798
North Carolina,Vance,55.41666667,1801
North Carolina,Wake,489.5833333,1805
North Carolina,Warren,18.5,1809
North Carolina,Washington,15,1811
North Carolina,Watauga,37,1813
North Carolina,Wayne,111.6666667,1814
North Carolina,Wilkes,68.75,1817
North Carolina,Wilson,88.41666667,1819
North Carolina,Yadkin,29,1821
North Carolina,Yancey,9.833333333,1823
North Dakota,Adams,3,1826
North Dakota,Barnes,6.75,1828
North Dakota,Benson,6.666666667,1831
North Dakota,Billings,0,1833
North Dakota,Bottineau,7.25,1836
North Dakota,Bowman,5.166666667,1838
North Dakota,Burke,2,1841
North Dakota,Burleigh,30.16666667,1844
North Dakota,Cass,76.58333333,1848
North Dakota,Cavalier,4.416666667,1849
North Dakota,Dickey,7,2004
North Dakota,Divide,1,2007
North Dakota,Dunn,0,2013
North Dakota,Eddy,1,2017
North Dakota,Emmons,5,2021
North Dakota,Foster,2,2026
North Dakota,Golden Valley,2,2036
North Dakota,Grand Forks,41.33333333,2043
North Dakota,Grant,4,2051
North Dakota,Griggs,3,2056
North Dakota,Hettinger,3,2063
North Dakota,Kidder,4,2068
North Dakota,LaMoure,5.333333333,2074
North Dakota,Logan,1,2078
North Dakota,McHenry,3.25,2082
North Dakota,McIntosh,3,2090
North Dakota,McKenzie,5.083333333,2097
North Dakota,McLean,5.666666667,2103
North Dakota,Mercer,8.5,2107
North Dakota,Morton,13.08333333,2114
North Dakota,Mountrail,7,2119
North Dakota,Nelson,5,2122
North Dakota,Oliver,1.416666667,2127
North Dakota,Pembina,5.5,2131
North Dakota,Pierce,1.583333333,2136
North Dakota,Ramsey,11.66666667,2141
North Dakota,Ransom,6,2147
North Dakota,Renville,1,2150
North Dakota,Richland,9.416666667,2156
North Dakota,Rolette,16.41666667,2161
North Dakota,Sargent,3.666666667,2164
North Dakota,Sheridan,1,2169
North Dakota,Sioux,4,2175
North Dakota,Slope,0,2180
North Dakota,Stark,13.66666667,2182
North Dakota,Steele,2,2186
North Dakota,Stutsman,13.5,2199
North Dakota,Towner,3,2205
North Dakota,Traill,6,2217
North Dakota,Walsh,11.16666667,2225
North Dakota,Ward,26.91666667,2233
North Dakota,Wells,5,2237
North Dakota,Williams,11.08333333,2244
Ohio,Adams,35.25,2248
Ohio,Allen,76.66666667,2250
Ohio,Ashland,36.25,2254
Ohio,Ashtabula,88.41666667,2259
Ohio,Athens,49.08333333,2266
Ohio,Auglaize,23,2273
Ohio,Belmont,56.75,2278
Ohio,Brown,43.58333333,2282
Ohio,Butler,245,2286
Ohio,Carroll,24.66666667,2289
Ohio,Champaign,26.5,2291
Ohio,Clark,108.9166667,2300
Ohio,Clermont,120.6666667,2306
Ohio,Clinton,30.25,2310
Ohio,Columbiana,92.25,2315
Ohio,Coshocton,24,2317
Ohio,Crawford,29.08333333,2323
Ohio,Cuyahoga,1093.583333,2332
Ohio,Darke,21.58333333,2345
Ohio,Defiance,26.25,2350
Ohio,Delaware,61.25,2352
Ohio,Erie,50.66666667,2357
Ohio,Fairfield,60.08333333,2365
Ohio,Fayette,24.41666667,2368
Ohio,Franklin,896.5833333,2375
Ohio,Fulton,31.5,2378
Ohio,Gallia,37,2383
Ohio,Geauga,42.16666667,2390
Ohio,Greene,81.91666667,2393
Ohio,Guernsey,38,2399
Ohio,Hamilton,673.9166667,2411
Ohio,Hancock,42.66666667,2427
Ohio,Hardin,24.25,2432
Ohio,Harrison,15.5,2440
Ohio,Henry,17.25,2451
Ohio,Highland,45.58333333,2457
Ohio,Hocking,18.91666667,2461
Ohio,Holmes,17.83333333,2464
Ohio,Huron,37.08333333,2468
Ohio,Jackson,34.66666667,2472
Ohio,Jefferson,61.41666667,2476
Ohio,Knox,34,2479
Ohio,Lake,132.75,2493
Ohio,Lawrence,44.41666667,2499
Ohio,Licking,80.83333333,2504
Ohio,Logan,32.66666667,2510
Ohio,Lorain,201.4166667,2516
Ohio,Lucas,414.75,2520
Ohio,Madison,30,2529
Ohio,Mahoning,197.8333333,2534
Ohio,Marion,43.41666667,2541
Ohio,Medina,78.91666667,2545
Ohio,Meigs,29.83333333,2549
Ohio,Mercer,14.58333333,2552
Ohio,Miami,45.16666667,2558
Ohio,Monroe,11.75,2565
Ohio,Montgomery,369.0833333,2573
Ohio,Morgan,14,2000
Ohio,Morrow,19.58333333,2006
Ohio,Muskingum,82.58333333,2010
Ohio,Noble,8.166666667,2012
Ohio,Ottawa,25.41666667,2019
Ohio,Paulding,15.25,2024
Ohio,Perry,28.41666667,2027
Ohio,Pickaway,33.5,2031
Ohio,Pike,32.08333333,2034
Ohio,Portage,91.58333333,2038
Ohio,Preble,24.83333333,2039
Ohio,Putnam,15.66666667,2040
Ohio,Richland,95.66666667,2042
Ohio,Ross,56.41666667,2045
Ohio,Sandusky,47,2047
Ohio,Scioto,75.91666667,2048
Ohio,Seneca,32.91666667,2049
Ohio,Shelby,30.83333333,2052
Ohio,Stark,251.6666667,2054
Ohio,Summit,369.3333333,2057
Ohio,Trumbull,172.0833333,2061
Ohio,Tuscarawas,71.91666667,2065
Ohio,Union,24.33333333,2067
Ohio,Van Wert,13.83333333,2071
Ohio,Vinton,11.5,2075
Ohio,Warren,96.83333333,2076
Ohio,Washington,58.08333333,2080
Ohio,Wayne,61.66666667,2084
Ohio,Williams,27.41666667,2087
Ohio,Wood,76.91666667,2091
Ohio,Wyandot,14.16666667,2093
Oklahoma,Adair,23.58333333,2095
Oklahoma,Alfalfa,5,2099
Oklahoma,Atoka,14.91666667,2102
Oklahoma,Beaver,2.333333333,2104
Oklahoma,Beckham,18.5,2106
Oklahoma,Blaine,12.16666667,2110
Oklahoma,Bryan,39.25,2112
Oklahoma,Caddo,38.5,2118
Oklahoma,Canadian,60.58333333,2123
Oklahoma,Carter,50.91666667,2126
Oklahoma,Cherokee,44.25,2129
Oklahoma,Choctaw,17,2133
Oklahoma,Cimarron,4,2135
Oklahoma,Cleveland,153.8333333,2140
Oklahoma,Coal,7.916666667,2144
Oklahoma,Comanche,95.66666667,2145
Oklahoma,Cotton,5.833333333,2146
Oklahoma,Craig,11.58333333,2148
Oklahoma,Creek,58.41666667,2151
Oklahoma,Custer,29.25,2153
Oklahoma,Delaware,41.83333333,2154
Oklahoma,Dewey,3,2158
Oklahoma,Ellis,4,2165
Oklahoma,Garfield,56.91666667,2167
Oklahoma,Garvin,26.16666667,2176
Oklahoma,Grady,42.66666667,2184
Oklahoma,Grant,4,2187
Oklahoma,Greer,5.583333333,2189
Oklahoma,Harmon,3,2191
Oklahoma,Harper,4,2193
Oklahoma,Haskell,16.91666667,2195
Oklahoma,Hughes,12.25,2197
Oklahoma,Jackson,21,2202
Oklahoma,Jefferson,9,2206
Oklahoma,Johnston,13,2211
Oklahoma,Kay,37.83333333,2215
Oklahoma,Kingfisher,11.33333333,2219
Oklahoma,Kiowa,9,2222
Oklahoma,Latimer,9.416666667,2226
Oklahoma,Le Flore,62.83333333,2230
Oklahoma,Lincoln,25,2234
Oklahoma,Logan,25.75,2236
Oklahoma,Love,9,2238
Oklahoma,McClain,27.66666667,2245
Oklahoma,McCurtain,49.91666667,2252
Oklahoma,McIntosh,22.91666667,2258
Oklahoma,Major,10,2260
Oklahoma,Marshall,14.16666667,2265
Oklahoma,Mayes,37.41666667,2270
Oklahoma,Murray,14.16666667,2276
Oklahoma,Muskogee,77.41666667,2281
Oklahoma,Noble,9.166666667,2287
Oklahoma,Nowata,9.75,2290
Oklahoma,Okfuskee,11.33333333,2297
Oklahoma,Oklahoma,665.8333333,2303
Oklahoma,Okmulgee,34.08333333,2311
Oklahoma,Osage,26.33333333,2318
Oklahoma,Ottawa,24.83333333,2325
Oklahoma,Pawnee,11.83333333,2329
Oklahoma,Payne,49.75,2340
Oklahoma,Pittsburg,55.08333333,2344
Oklahoma,Pontotoc,28,2351
Oklahoma,Pottawatomie,69.58333333,2356
Oklahoma,Pushmataha,16.16666667,2362
Oklahoma,Roger Mills,3,2369
Oklahoma,Rogers,41.91666667,2374
Oklahoma,Seminole,33.16666667,2384
Oklahoma,Sequoyah,44.91666667,2391
Oklahoma,Stephens,35,2396
Oklahoma,Texas,12.75,2003
Oklahoma,Tillman,10,2005
Oklahoma,Tulsa,451.6666667,2008
Oklahoma,Wagoner,39.5,2014
Oklahoma,Washington,35.83333333,2018
Oklahoma,Washita,11.16666667,2023
Oklahoma,Woods,9.916666667,2029
Oklahoma,Woodward,18,2035
Oregon,Baker,24.08333333,2044
Oregon,Benton,52.75,2053
Oregon,Clackamas,220.8333333,2058
Oregon,Clatsop,35,2064
Oregon,Columbia,33.66666667,2070
Oregon,Coos,59.91666667,2083
Oregon,Crook,22.91666667,2092
Oregon,Curry,23.25,2098
Oregon,Deschutes,101.5833333,2109
Oregon,Douglas,116.75,2115
Oregon,Gilliam,3,2121
Oregon,Grant,13.33333333,2130
Oregon,Harney,6,2134
Oregon,Hood River,21.25,2138
Oregon,Jackson,150.6666667,2139
Oregon,Jefferson,21.33333333,2143
Oregon,Josephine,84.91666667,2152
Oregon,Klamath,58.25,2155
Oregon,Lake,7.333333333,2159
Oregon,Lane,301.75,2170
Oregon,Lincoln,53.83333333,2174
Oregon,Linn,108,2181
Oregon,Malheur,27.41666667,2185
Oregon,Marion,260.9166667,2200
Oregon,Morrow,6.916666667,2209
Oregon,Multnomah,671.3333333,2218
Oregon,Polk,48.75,2223
Oregon,Sherman,3.5,2232
Oregon,Tillamook,35.33333333,2242
Oregon,Umatilla,57.5,2251
Oregon,Union,25.91666667,2257
Oregon,Wallowa,7.916666667,2263
Oregon,Wasco,22.41666667,2267
Oregon,Washington,308.5833333,2272
Oregon,Wheeler,2,2277
Oregon,Yamhill,75.16666667,2284
Pennsylvania,Adams,43.66666667,2292
Pennsylvania,Allegheny,766.75,2302
Pennsylvania,Armstrong,47.41666667,2309
Pennsylvania,Beaver,125.8333333,2321
Pennsylvania,Bedford,35.91666667,2324
Pennsylvania,Berks,338.8333333,2326
Pennsylvania,Blair,112.5,2328
Pennsylvania,Bradford,60.25,2333
Pennsylvania,Bucks,305.5,2336
Pennsylvania,Butler,104.75,2338
Pennsylvania,Cambria,122.0833333,2341
Pennsylvania,Cameron,5.166666667,2343
Pennsylvania,Carbon,32.66666667,2349
Pennsylvania,Centre,65.16666667,2354
Pennsylvania,Chester,204.5833333,2360
Pennsylvania,Clarion,39.5,2366
Pennsylvania,Clearfield,64.83333333,2372
Pennsylvania,Clinton,29.41666667,2379
Pennsylvania,Columbia,52.16666667,2385
Pennsylvania,Crawford,70.75,2389
Pennsylvania,Cumberland,131.6666667,2397
Pennsylvania,Dauphin,236,2403
Pennsylvania,Delaware,388.8333333,2414
Pennsylvania,Elk,27.75,2420
Pennsylvania,Erie,227.6666667,2425
Pennsylvania,Fayette,114.3333333,2431
Pennsylvania,Forest,3,2436
Pennsylvania,Franklin,86.58333333,2439
Pennsylvania,Fulton,9,2446
Pennsylvania,Greene,36.33333333,2447
Pennsylvania,Huntingdon,31.5,2454
Pennsylvania,Indiana,53.75,2459
Pennsylvania,Jefferson,44.75,2462
Pennsylvania,Juniata,16.33333333,2466
Pennsylvania,Lackawanna,163,2471
Pennsylvania,Lancaster,320.5,2482
Pennsylvania,Lawrence,76,2488
Pennsylvania,Lebanon,83.5,2492
Pennsylvania,Lehigh,255.0833333,2496
Pennsylvania,Luzerne,267.75,2501
Pennsylvania,Lycoming,82.41666667,2505
Pennsylvania,McKean,36.16666667,2509
Pennsylvania,Mercer,93.25,2513
Pennsylvania,Mifflin,46.08333333,2517
Pennsylvania,Monroe,81.25,2521
Pennsylvania,Montgomery,369.25,2528
Pennsylvania,Montour,11.08333333,2533
Pennsylvania,Northampton,164,2537
Pennsylvania,Northumberland,75.58333333,2544
Pennsylvania,Perry,29.58333333,2554
Pennsylvania,Philadelphia,2192.916667,2563
Pennsylvania,Pike,18.08333333,2571
Pennsylvania,Potter,20,2575
Pennsylvania,Schuylkill,108.8333333,2581
Pennsylvania,Snyder,31,2583
Pennsylvania,Somerset,62.83333333,2589
Pennsylvania,Sullivan,5.75,2293
Pennsylvania,Susquehanna,25.58333333,2298
Pennsylvania,Tioga,34.5,2305
Pennsylvania,Union,27.16666667,2313
Pennsylvania,Venango,42.91666667,2316
Pennsylvania,Warren,25,2322
Pennsylvania,Washington,118.8333333,2346
Pennsylvania,Wayne,34.33333333,2363
Pennsylvania,Westmoreland,227.8333333,2394
Pennsylvania,Wyoming,22.75,2407
Pennsylvania,York,277.25,2419
Rhode Island,Bristol,30.33333333,2433
Rhode Island,Kent,120.3333333,2444
Rhode Island,Newport,51.83333333,2460
Rhode Island,Providence,646.8333333,2475
Rhode Island,Washington,73.5,2484
South Carolina,Abbeville,17.41666667,2489
South Carolina,Aiken,136.9166667,2503
South Carolina,Allendale,15.66666667,2527
South Carolina,Anderson,203.5,2559
South Carolina,Bamberg,20.91666667,2592
South Carolina,Barnwell,31.25,2605
South Carolina,Beaufort,97.41666667,2626
South Carolina,Berkeley,121.5833333,2631
South Carolina,Calhoun,11.08333333,2635
South Carolina,Charleston,341.4166667,2691
South Carolina,Cherokee,66.58333333,2700
South Carolina,Chester,46.83333333,2704
South Carolina,Chesterfield,48.41666667,2708
South Carolina,Clarendon,35.16666667,2715
South Carolina,Colleton,58.25,2718
South Carolina,Darlington,85.66666667,2721
South Carolina,Dillon,42.83333333,2725
South Carolina,Dorchester,93.33333333,2730
South Carolina,Edgefield,14.08333333,2735
South Carolina,Fairfield,24.08333333,2738
South Carolina,Florence,161.5833333,2742
South Carolina,Georgetown,72.33333333,2752
South Carolina,Greenville,389.25,2759
South Carolina,Greenwood,90.58333333,2764
South Carolina,Hampton,36.25,2767
South Carolina,Horry,306.5833333,2774
South Carolina,Jasper,32.41666667,2783
South Carolina,Kershaw,64.41666667,2787
South Carolina,Lancaster,91.41666667,2790
South Carolina,Laurens,83.08333333,2794
South Carolina,Lee,22.91666667,2800
South Carolina,Lexington,256.8333333,2803
South Carolina,McCormick,9.25,2807
South Carolina,Marion,56.58333333,2811
South Carolina,Marlboro,45.25,2813
South Carolina,Newberry,44.91666667,2818
South Carolina,Oconee,79.66666667,2822
South Carolina,Orangeburg,131.5,2829
South Carolina,Pickens,95.16666667,2834
South Carolina,Richland,314.5833333,2843
South Carolina,Saluda,15.91666667,2846
South Carolina,Spartanburg,306.1666667,2851
South Carolina,Sumter,131.5,2855
South Carolina,Union,36.75,2860
South Carolina,Williamsburg,49.33333333,2864
South Carolina,York,186.1666667,2867
South Dakota,Aurora,4.5,2870
South Dakota,Beadle,18.5,2874
South Dakota,Bennett,10,2876
South Dakota,Bon Homme,6.666666667,2879
South Dakota,Brookings,17,2882
South Dakota,Brown,15.91666667,2885
South Dakota,Brule,5,2888
South Dakota,Buffalo,2,2891
South Dakota,Butte,10.5,2895
South Dakota,Campbell,1,2897
South Dakota,Charles Mix,12.33333333,2900
South Dakota,Clark,2,2901
South Dakota,Clay,5.916666667,2903
South Dakota,Codington,13,2906
South Dakota,Corson,6.083333333,2907
South Dakota,Custer,7.583333333,2908
South Dakota,Davison,16.08333333,2910
South Dakota,Day,8.75,2911
South Dakota,Deuel,1.75,2912
South Dakota,Dewey,6,2914
South Dakota,Douglas,3.083333333,2916
South Dakota,Edmunds,4,2917
South Dakota,Fall River,9.5,2919
South Dakota,Faulk,2,2921
South Dakota,Grant,7,2922
South Dakota,Gregory,6,2923
South Dakota,Haakon,2,2924
South Dakota,Hamlin,5,2926
South Dakota,Hand,2,2928
South Dakota,Hanson,0,2929
South Dakota,Harding,1,2931
South Dakota,Hughes,12.83333333,2933
South Dakota,Hutchinson,9.416666667,2934
South Dakota,Hyde,2,2937
South Dakota,Jackson,7.083333333,2939
South Dakota,Jerauld,1,2941
South Dakota,Jones,2,2944
South Dakota,Kingsbury,4,2945
South Dakota,Lake,6.583333333,2401
South Dakota,Lawrence,13.5,2406
South Dakota,Lincoln,19.16666667,2410
South Dakota,Lyman,5,2417
South Dakota,McCook,6,2422
South Dakota,McPherson,2,2426
South Dakota,Marshall,2,2430
South Dakota,Meade,15,2442
South Dakota,Mellette,2,2450
South Dakota,Miner,1,2456
South Dakota,Minnehaha,152.75,2467
South Dakota,Moody,4.083333333,2485
South Dakota,Pennington,62.5,2497
South Dakota,Perkins,4,2502
South Dakota,Potter,4,2506
South Dakota,Roberts,12.41666667,2511
South Dakota,Sanborn,1,2514
South Dakota,Shannon,9.25,2519
South Dakota,Spink,4,2523
South Dakota,Stanley,2,2530
South Dakota,Sully,1,2535
South Dakota,Todd,13,2540
South Dakota,Tripp,10.5,2546
South Dakota,Turner,5,2550
South Dakota,Union,7.083333333,2557
South Dakota,Walworth,8,2561
South Dakota,Yankton,10.25,2569
South Dakota,Ziebach,1.583333333,2578
Tennessee,Anderson,69.5,2584
Tennessee,Bedford,39.16666667,2593
Tennessee,Benton,19,2598
Tennessee,Bledsoe,18.75,2602
Tennessee,Blount,86.5,2622
Tennessee,Bradley,102.6666667,2627
Tennessee,Campbell,39.41666667,2633
Tennessee,Cannon,8.666666667,2638
Tennessee,Carroll,27.75,2648
Tennessee,Carter,58.83333333,2654
Tennessee,Cheatham,20.16666667,2660
Tennessee,Chester,14.33333333,2664
Tennessee,Claiborne,33.41666667,2670
Tennessee,Clay,13.08333333,2679
Tennessee,Cocke,53.83333333,2686
Tennessee,Coffee,58.08333333,2689
Tennessee,Crockett,16.75,2693
Tennessee,Cumberland,65.91666667,2696
Tennessee,Davidson,629.25,2698
Tennessee,Decatur,9.916666667,2705
Tennessee,DeKalb,20.41666667,2710
Tennessee,Dickson,46.58333333,2717
Tennessee,Dyer,44,2723
Tennessee,Fayette,33.66666667,2726
Tennessee,Fentress,21.91666667,2731
Tennessee,Franklin,39.91666667,2734
Tennessee,Gibson,49,2739
Tennessee,Giles,31.33333333,2743
Tennessee,Grainger,26.08333333,2748
Tennessee,Greene,76.25,2750
Tennessee,Grundy,22.41666667,2754
Tennessee,Hamblen,67.25,2757
Tennessee,Hamilton,351.8333333,2761
Tennessee,Hancock,9.5,2766
Tennessee,Hardeman,25.41666667,2770
Tennessee,Hardin,33.5,2773
Tennessee,Hawkins,50.08333333,2779
Tennessee,Haywood,25.25,2781
Tennessee,Henderson,26.33333333,2786
Tennessee,Henry,29.91666667,2789
Tennessee,Hickman,18.58333333,2792
Tennessee,Houston,8.583333333,2796
Tennessee,Humphreys,14.5,2798
Tennessee,Jackson,11.25,2801
Tennessee,Jefferson,34.25,2804
Tennessee,Johnson,21.25,2808
Tennessee,Knox,353.6666667,2814
Tennessee,Lake,9,2817
Tennessee,Lauderdale,31.33333333,2821
Tennessee,Lawrence,47.75,2823
Tennessee,Lewis,14.66666667,2825
Tennessee,Lincoln,29,2828
Tennessee,Loudon,37,2830
Tennessee,McMinn,53.91666667,2833
Tennessee,McNairy,32.91666667,2836
Tennessee,Macon,14.5,2839
Tennessee,Madison,100.75,2841
Tennessee,Marion,48.75,2844
Tennessee,Marshall,26.75,2848
Tennessee,Maury,80.16666667,2850
Tennessee,Meigs,12.75,2854
Tennessee,Monroe,52.5,2857
Tennessee,Montgomery,96.75,2859
Tennessee,Moore,5,2863
Tennessee,Morgan,22.33333333,2866
Tennessee,Obion,26.25,2872
Tennessee,Overton,23.33333333,2875
Tennessee,Perry,8.25,2878
Tennessee,Pickett,7.75,2881
Tennessee,Polk,21.16666667,2883
Tennessee,Putnam,82.66666667,2890
Tennessee,Rhea,38.83333333,2893
Tennessee,Roane,44.83333333,2001
Tennessee,Robertson,47.5,2011
Tennessee,Rutherford,195.25,2015
Tennessee,Scott,26.83333333,2020
Tennessee,Sequatchie,18.75,2025
Tennessee,Sevier,96.16666667,2030
Tennessee,Shelby,979.25,2033
Tennessee,Smith,12.25,2037
Tennessee,Stewart,12.83333333,2041
Tennessee,Sullivan,129.8333333,2046
Tennessee,Sumner,122,2050
Tennessee,Tipton,52.25,2055
Tennessee,Trousdale,7.833333333,2062
Tennessee,Unicoi,15.58333333,2069
Tennessee,Union,19.25,2073
Tennessee,Van Buren,5.75,2077
Tennessee,Warren,44.58333333,2081
Tennessee,Washington,105,2085
Tennessee,Wayne,17.08333333,2089
Tennessee,Weakley,30.08333333,2096
Tennessee,White,33,2100
Tennessee,Williamson,97,2105
Tennessee,Wilson,92.5,2111
Texas,Anderson,32.41666667,2113
Texas,Andrews,10,2117
Texas,Angelina,53.91666667,2124
Texas,Aransas,23.83333333,2162
Texas,Archer,7,2168
Texas,Armstrong,1,2172
Texas,Atascosa,42.66666667,2173
Texas,Austin,23,2177
Texas,Bailey,7.083333333,2179
Texas,Bandera,14.08333333,2183
Texas,Bastrop,55.91666667,2190
Texas,Baylor,4,2192
Texas,Bee,23.08333333,2196
Texas,Bell,252.9166667,2198
Texas,Bexar,1164.166667,2203
Texas,Blanco,7.833333333,2207
Texas,Borden,0,2212
Texas,Bosque,25.16666667,2216
Texas,Bowie,65.66666667,2224
Texas,Brazoria,159.25,2240
Texas,Brazos,99.33333333,2253
Texas,Brewster,8.75,2262
Texas,Briscoe,3,2269
Texas,Brooks,12.58333333,2279
Texas,Brown,36.58333333,2296
Texas,Burleson,20.41666667,2304
Texas,Burnet,26.16666667,2312
Texas,Caldwell,26.91666667,2320
Texas,Calhoun,21.66666667,2327
Texas,Callahan,13.25,2331
Texas,Cameron,414.4166667,2359
Texas,Camp,9.416666667,2373
Texas,Carson,7,2377
Texas,Cass,18.33333333,2382
Texas,Castro,6,2386
Texas,Chambers,17.41666667,2395
Texas,Cherokee,32.75,2400
Texas,Childress,5.166666667,2405
Texas,Clay,5,2409
Texas,Cochran,4,2413
Texas,Coke,4.75,2418
Texas,Coleman,11.41666667,2423
Texas,Collin,285.1666667,2429
Texas,Collingsworth,4,2434
Texas,Colorado,19.58333333,2441
Texas,Comal,62.25,2449
Texas,Comanche,9.416666667,2455
Texas,Concho,4.083333333,2458
Texas,Cooke,18.75,2463
Texas,Coryell,30.41666667,2469
Texas,Cottle,2,2473
Texas,Crane,5,2478
Texas,Crockett,2.083333333,2483
Texas,Crosby,10,2487
Texas,Culberson,4,2491
Texas,Dallam,5,2498
Texas,Dallas,1403.416667,2507
Texas,Dawson,12.75,2512
Texas,Deaf Smith,17.08333333,2515
Texas,Delta,5.833333333,2524
Texas,Denton,222.1666667,2532
Texas,DeWitt,15.08333333,2538
Texas,Dickens,2,2542
Texas,Dimmit,17.83333333,2548
Texas,Donley,3.083333333,2551
Texas,Duval,17.58333333,2556
Texas,Eastland,19,2562
Texas,Ector,98.91666667,2568
Texas,Edwards,1.083333333,2574
Texas,Ellis,63.58333333,2579
Texas,El Paso,647.9166667,2588
Texas,Erath,22,2597
Texas,Falls,19.66666667,2601
Texas,Fannin,25.66666667,2621
Texas,Fayette,17.66666667,2624
Texas,Fisher,5,2628
Texas,Floyd,6,2630
Texas,Foard,2,2002
Texas,Fort Bend,230.6666667,2009
Texas,Franklin,7.916666667,2016
Texas,Freestone,13.75,2022
Texas,Frio,20.08333333,2028
Texas,Gaines,13.58333333,2032
Texas,Galveston,193.1666667,2059
Texas,Garza,7,2060
Texas,Gillespie,7,2066
Texas,Glasscock,0,2072
Texas,Goliad,3.083333333,2079
Texas,Gonzales,16.91666667,2086
Texas,Gray,17.33333333,2088
Texas,Grayson,79.66666667,2094
Texas,Gregg,104.8333333,2101
Texas,Grimes,19.83333333,2108
Texas,Guadalupe,58.16666667,2116
Texas,Hale,24.08333333,2120
Texas,Hall,5.083333333,2125
Texas,Hamilton,8.833333333,2128
Texas,Hansford,5.166666667,2132
Texas,Hardeman,4.083333333,2137
Texas,Hardin,34.25,2142
Texas,Harris,2550.166667,2149
Texas,Harrison,48.16666667,2157
Texas,Hartley,2,2160
Texas,Haskell,7,2163
Texas,Hays,80.5,2166
Texas,Hemphill,3.833333333,2171
Texas,Henderson,53,2178
Texas,Hidalgo,872.1666667,2188
Texas,Hill,37.83333333,2201
Texas,Hockley,14.08333333,2208
Texas,Hood,38.91666667,2213
Texas,Hopkins,19.75,2221
Texas,Houston,19.41666667,2228
Texas,Howard,16.41666667,2231
Texas,Hudspeth,6,2241
Texas,Hunt,58.25,2246
Texas,Hutchinson,17.25,2249
Texas,Irion,1,2255
Texas,Jack,6,2256
Texas,Jackson,15.41666667,2264
Texas,Jasper,27.25,2271
Texas,Jeff Davis,1,2275
Texas,Jefferson,224.9166667,2285
Texas,Jim Hogg,9.083333333,2288
Texas,Jim Wells,53.08333333,2294
Texas,Johnson,93,2299
Texas,Jones,11.66666667,2301
Texas,Karnes,11.08333333,2307
Texas,Kaufman,59.75,2314
Texas,Kendall,14.25,2319
Texas,Kenedy,0,2330
Texas,Kent,1,2335
Texas,Kerr,33.08333333,2337
Texas,Kimble,5,2339
Texas,King,0,2342
Texas,Kinney,4.083333333,2347
Texas,Kleberg,38.58333333,2358
Texas,Knox,5,2364
Texas,Lamar,47.08333333,2371
Texas,Lamb,17,2376
Texas,Lampasas,10.5,2381
Texas,La Salle,12.41666667,2388
Texas,Lavaca,14,2392
Texas,Lee,12.66666667,2398
Texas,Leon,13.5,2402
Texas,Liberty,65.83333333,2404
Texas,Limestone,19.83333333,2408
Texas,Lipscomb,4.916666667,2412
Texas,Live Oak,10.33333333,2416
Texas,Llano,12,2421
Texas,Loving,0,2424
Texas,Lubbock,166,2428
Texas,Lynn,4.5,2438
Texas,McCulloch,8.166666667,2452
Texas,McLennan,174.1666667,2477
Texas,McMullen,0,2494
Texas,Madison,9.083333333,2526
Texas,Marion,13.25,2547
Texas,Martin,3.583333333,2564
Texas,Mason,2.083333333,2570
Texas,Matagorda,47,2637
Texas,Maverick,49.08333333,2649
Texas,Medina,32.41666667,2652
Texas,Menard,1.083333333,2655
Texas,Midland,70.41666667,2657
Texas,Milam,24,2659
Texas,Mills,4,2663
Texas,Mitchell,6.583333333,2666
Texas,Montague,11.41666667,2669
Texas,Montgomery,218.1666667,2682
Texas,Moore,17.25,2683
Texas,Morris,7.5,2688
Texas,Motley,2,2692
Texas,Nacogdoches,28.16666667,2701
Texas,Navarro,37.08333333,2706
Texas,Newton,8.916666667,2711
Texas,Nolan,11.75,2714
Texas,Nueces,305.1666667,2194
Texas,Ochiltree,7.75,2204
Texas,Oldham,2,2210
Texas,Orange,64.41666667,2214
Texas,Palo Pinto,31,2220
Texas,Panola,13,2227
Texas,Parker,41.16666667,2229
Texas,Parmer,10,2235
Texas,Pecos,12.25,2239
Texas,Polk,36.66666667,2243
Texas,Potter,111.5,2247
Texas,Presidio,8,2261
Texas,Rains,7.916666667,2268
Texas,Randall,62.16666667,2274
Texas,Reagan,4.083333333,2280
Texas,Real,6.083333333,2283
Texas,Red River,17.66666667,2295
Texas,Reeves,10,2308
Texas,Refugio,9.083333333,2334
Texas,Roberts,1,2348
Texas,Robertson,18.83333333,2353
Texas,Rockwall,30,2355
Texas,Runnels,11.33333333,2361
Texas,Rusk,23.75,2367
Texas,Sabine,10,2370
Texas,San Augustine,3.916666667,2380
Texas,San Jacinto,17.25,2387
Texas,San Patricio,74.83333333,2415
Texas,San Saba,6.083333333,2435
Texas,Schleicher,2.083333333,2437
Texas,Scurry,10,2443
Texas,Shackelford,3,2445
Texas,Shelby,17.91666667,2448
Texas,Sherman,3,2453
Texas,Smith,113.75,2465
Texas,Somervell,5.75,2470
Texas,Starr,114.8333333,2474
Texas,Stephens,10.58333333,2480
Texas,Sterling,1,2481
Texas,Stonewall,2,2486
Texas,Sutton,7,2490
Texas,Swisher,7,2495
Texas,Tarrant,1138.583333,2500
Texas,Taylor,112.75,2508
Texas,Terrell,0,2518
Texas,Terry,9.083333333,2522
Texas,Throckmorton,2,2525
Texas,Titus,26.41666667,2531
Texas,Tom Green,64.33333333,2536
Texas,Travis,580.6666667,2543
Texas,Trinity,15.25,2553
Texas,Tyler,13.41666667,2560
Texas,Upshur,12.33333333,2566
Texas,Upton,4.083333333,2572
Texas,Uvalde,25.5,2576
Texas,Val Verde,35.75,2582
Texas,Van Zandt,32.16666667,2586
Texas,Victoria,79.91666667,2595
Texas,Walker,38.16666667,2603
Texas,Waller,27.08333333,2606
Texas,Ward,9,2610
Texas,Washington,23.16666667,2613
Texas,Webb,196.5833333,2616
Texas,Wharton,34.91666667,2618
Texas,Wheeler,7.083333333,2623
Texas,Wichita,89,2632
Texas,Wilbarger,11.25,2634
Texas,Willacy,25.58333333,2639
Texas,Williamson,183.1666667,2640
Texas,Wilson,21,2641
Texas,Winkler,11,2642
Texas,Wise,33.58333333,2643
Texas,Wood,25.66666667,2644
Texas,Yoakum,8,2645
Texas,Young,12,2646
Texas,Zapata,22.16666667,2650
Texas,Zavala,16.5,2651
Utah,Beaver,5.25,2653
Utah,Box Elder,22.41666667,2658
Utah,Cache,39,2661
Utah,Carbon,12.25,2665
Utah,Daggett,1,2668
Utah,Davis,100.5,2671
Utah,Duchesne,12.83333333,2672
Utah,Emery,10,2673
Utah,Garfield,5,2674
Utah,Grand,11,2675
Utah,Iron,18.83333333,2676
Utah,Juab,5.916666667,2677
Utah,Kane,3,2678
Utah,Millard,12.33333333,2680
Utah,Morgan,1.333333333,2681
Utah,Piute,1,2685
Utah,Rich,3,2687
Utah,Salt Lake,507.25,2690
Utah,San Juan,15,2694
Utah,Sanpete,10,2697
Utah,Sevier,12.75,2702
Utah,Summit,15.41666667,2703
Utah,Tooele,22.5,2707
Utah,Uintah,18.41666667,2539
Utah,Utah,141.75,2555
Utah,Wasatch,10,2567
Utah,Washington,57.08333333,2577
Utah,Wayne,1,2580
Utah,Weber,116.3333333,2587
Vermont,Addison,23.91666667,2590
Vermont,Bennington,37,2591
Vermont,Caledonia,33.91666667,2596
Vermont,Chittenden,137.25,2599
Vermont,Essex,5.5,2604
Vermont,Franklin,46.5,2607
Vermont,Grand Isle,10.58333333,2609
Vermont,Lamoille,23.83333333,2611
Vermont,Orange,30.58333333,2612
Vermont,Orleans,45.75,2614
Vermont,Rutland,63.75,2615
Vermont,Washington,62.16666667,2617
Vermont,Windham,48.66666667,2620
Vermont,Windsor,46.33333333,2625
Virginia,Accomack,39.75,2719
Virginia,Albemarle,44.5,2728
Virginia,Alleghany,17.41666667,2733
Virginia,Amelia,10.25,2741
Virginia,Amherst,28.75,2746
Virginia,Appomattox,10.58333333,2749
Virginia,Arlington,78.33333333,2753
Virginia,Augusta,41.25,2758
Virginia,Bath,2,2763
Virginia,Bland,6,2772
Virginia,Botetourt,21.91666667,2776
Virginia,Brunswick,16.41666667,2777
Virginia,Buchanan,31.33333333,2784
Virginia,Buckingham,13.58333333,2785
Virginia,Campbell,52.41666667,2788
Virginia,Caroline,21.33333333,2793
Virginia,Carroll,32.16666667,2797
Virginia,Charles City,1.583333333,2806
Virginia,Charlotte,13.5,2810
Virginia,Chesterfield,179.0833333,2816
Virginia,Clarke,7,2819
Virginia,Craig,3,2820
Virginia,Culpeper,33.16666667,2824
Virginia,Cumberland,8.666666667,2827
Virginia,Dickenson,23.91666667,2832
Virginia,Dinwiddie,24,2838
Virginia,Essex,10.83333333,2842
Virginia,Fauquier,30.16666667,2853
Virginia,Floyd,12.41666667,2856
Virginia,Fluvanna,11.58333333,2858
Virginia,Frederick,44.25,2868
Virginia,Giles,23.25,2873
Virginia,Gloucester,29.91666667,2887
Virginia,Goochland,9,2892
Virginia,Grayson,10.25,2896
Virginia,Greene,9.916666667,2899
Virginia,Greensville,8.166666667,2902
Virginia,Halifax,47.91666667,2904
Virginia,Hanover,58.75,2909
Virginia,Henrico,223.75,2915
Virginia,Henry,70.91666667,2918
Virginia,Highland,3.166666667,2920
Virginia,Isle of Wight,24.16666667,2925
Virginia,James City,28.83333333,2930
Virginia,King and Queen,1,2936
Virginia,King George,13.58333333,2938
Virginia,King William,15.16666667,2943
Virginia,Lancaster,17.58333333,2948
Virginia,Lee,31.16666667,2950
Virginia,Loudoun,94.41666667,2952
Virginia,Louisa,16.75,2953
Virginia,Lunenburg,9.416666667,2954
Virginia,Madison,10.41666667,2955
Virginia,Mathews,5,2962
Virginia,Mecklenburg,42.83333333,2964
Virginia,Middlesex,12,2965
Virginia,Montgomery,63.33333333,2966
Virginia,Nelson,12.66666667,2968
Virginia,New Kent,7.5,2971
Virginia,Northampton,18,2982
Virginia,Northumberland,13.33333333,2983
Virginia,Nottoway,18.25,2984
Virginia,Orange,20.83333333,2985
Virginia,Page,17.91666667,2986
Virginia,Patrick,17.58333333,2987
Virginia,Pittsylvania,54,2988
Virginia,Powhatan,7,2989
Virginia,Prince Edward,21.91666667,2990
Virginia,Prince George,16.75,2991
Virginia,Prince William,169,2992
Virginia,Pulaski,39.16666667,2993
Virginia,Rappahannock,1,2994
Virginia,Rockbridge,17.41666667,2997
Virginia,Rockingham,34.41666667,2998
Virginia,Russell,30.83333333,2999
Virginia,Scott,34.5,2585
Virginia,Shenandoah,32.58333333,2594
Virginia,Smyth,32.33333333,2600
Virginia,Southampton,15.33333333,2608
Virginia,Spotsylvania,78.83333333,2619
Virginia,Stafford,61.25,2629
Virginia,Surry,6.083333333,2636
Virginia,Sussex,18.66666667,2647
Virginia,Tazewell,57.16666667,2656
Virginia,Warren,30.5,2662
Virginia,Washington,48.33333333,2667
Virginia,Westmoreland,19.41666667,2684
Virginia,Wise,60.91666667,2695
Virginia,Wythe,30.83333333,2699
Virginia,York,44.5,2709
Virginia,Alexandria,65.66666667,2712
Virginia,Bristol,31.66666667,2716
Virginia,Buena Vista,5,2720
Virginia,Charlottesville,48.25,2722
Virginia,Chesapeake,151,2724
Virginia,Colonial Heights,23.08333333,2727
Virginia,Covington,11,2729
Virginia,Danville,83.5,2732
Virginia,Emporia,20.41666667,2736
Virginia,Falls Church,15,2740
Virginia,Fredericksburg,26.41666667,2745
Virginia,Galax,15.16666667,2747
Virginia,Hampton,131.4166667,2751
Virginia,Harrisonburg,47.41666667,2755
Virginia,Hopewell,31.5,2756
Virginia,Lexington,4,2760
Virginia,Lynchburg,74.33333333,2762
Virginia,Manassas,36.83333333,2765
Virginia,Manassas Park,7.833333333,2768
Virginia,Martinsville,21.83333333,2771
Virginia,Newport News,159.1666667,2775
Virginia,Norfolk,195.75,2778
Virginia,Norton,10.41666667,2780
Virginia,Petersburg,59.41666667,2782
Virginia,Poquoson,8.833333333,2791
Virginia,Portsmouth,102.0833333,2795
Virginia,Radford,11.25,2799
Virginia,Salem,28.66666667,2809
Virginia,Staunton,27,2812
Virginia,Suffolk,58.91666667,2815
Virginia,Virginia Beach,269.5833333,2826
Virginia,Waynesboro,27.41666667,2831
Virginia,Williamsburg,11.41666667,2835
Virginia,Winchester,34.41666667,2837
Washington,Adams,12,2840
Washington,Asotin,13.83333333,2845
Washington,Benton,107.1666667,2847
Washington,Chelan,52,2852
Washington,Clallam,50.25,2861
Washington,Clark,261.0833333,2865
Washington,Columbia,6,2869
Washington,Cowlitz,90.66666667,2871
Washington,Douglas,21.75,2877
Washington,Ferry,11.33333333,2880
Washington,Franklin,58.91666667,2884
Washington,Garfield,2,2886
Washington,Grant,73.91666667,2889
Washington,Grays Harbor,89.16666667,2894
Washington,Island,29.75,2898
Washington,Jefferson,18.83333333,2905
Washington,King,1210.666667,2913
Washington,Kitsap,146.6666667,2927
Washington,Kittitas,21.91666667,2932
Washington,Klickitat,16.16666667,2935
Washington,Lewis,87.91666667,2940
Washington,Lincoln,10.08333333,2942
Washington,Mason,46.33333333,2946
Washington,Okanogan,37.41666667,2947
Washington,Pacific,24,2949
Washington,Pend Oreille,13.58333333,2951
Washington,Pierce,502.3333333,2956
Washington,San Juan,7.666666667,2957
Washington,Skagit,102.6666667,2958
Washington,Skamania,7.916666667,2959
Washington,Snohomish,465.5833333,2960
Washington,Spokane,326.5833333,2961
Washington,Stevens,39.5,2963
Washington,Thurston,171.4166667,2967
Washington,Wahkiakum,5.083333333,2969
Washington,Walla Walla,35.83333333,2970
Washington,Whatcom,142.8333333,2972
Washington,Whitman,15.83333333,2973
Washington,Yakima,218.75,2974
West Virginia,Barbour,13,2975
West Virginia,Berkeley,68.58333333,2976
West Virginia,Boone,28.16666667,2977
West Virginia,Braxton,27.58333333,2978
West Virginia,Brooke,19.41666667,2979
West Virginia,Cabell,105.5,2980
West Virginia,Calhoun,12.33333333,2981
West Virginia,Clay,16.08333333,3000
West Virginia,Doddridge,4.666666667,3002
West Virginia,Fayette,71.83333333,3006
West Virginia,Gilmer,12.66666667,3008
West Virginia,Grant,13,3011
West Virginia,Greenbrier,52.66666667,3013
West Virginia,Hampshire,24.25,3016
West Virginia,Hancock,25,3017
West Virginia,Hardy,12.41666667,3019
West Virginia,Harrison,84.25,3021
West Virginia,Jackson,35.91666667,3023
West Virginia,Jefferson,36.5,3026
West Virginia,Kanawha,218.75,3027
West Virginia,Lewis,27.58333333,3029
West Virginia,Lincoln,30.66666667,3031
West Virginia,Logan,56.08333333,3034
West Virginia,McDowell,45.33333333,3037
West Virginia,Marion,63.41666667,3039
West Virginia,Marshall,24.33333333,3041
West Virginia,Mason,27.91666667,3042
West Virginia,Mercer,72.58333333,3044
West Virginia,Mineral,30,3046
West Virginia,Mingo,29.5,3048
West Virginia,Monongalia,65.5,3050
West Virginia,Monroe,11.5,3052
West Virginia,Morgan,14.33333333,3054
West Virginia,Nicholas,41,3057
West Virginia,Ohio,34.91666667,3059
West Virginia,Pendleton,11.66666667,3061
West Virginia,Pleasants,8.916666667,3064
West Virginia,Pocahontas,15.66666667,3066
West Virginia,Preston,35.5,3068
West Virginia,Putnam,62.58333333,3070
West Virginia,Raleigh,101.6666667,3073
West Virginia,Randolph,40.16666667,3075
West Virginia,Ritchie,19,3077
West Virginia,Roane,15,3079
West Virginia,Summers,18.16666667,3080
West Virginia,Taylor,14.33333333,3082
West Virginia,Tucker,8.75,3084
West Virginia,Tyler,7.416666667,3085
West Virginia,Upshur,28,3087
West Virginia,Wayne,44.91666667,3089
West Virginia,Webster,12.5,3091
West Virginia,Wetzel,25.75,3093
West Virginia,Wirt,5,3095
West Virginia,Wood,92.25,3097
West Virginia,Wyoming,40.91666667,3099
Wisconsin,Adams,6.916666667,3101
Wisconsin,Ashland,15.08333333,3104
Wisconsin,Barron,37.66666667,3106
Wisconsin,Bayfield,11.66666667,3108
Wisconsin,Brown,132.5833333,3111
Wisconsin,Buffalo,7,3113
Wisconsin,Burnett,14,3115
Wisconsin,Calumet,17.91666667,3116
Wisconsin,Chippewa,38.75,3117
Wisconsin,Clark,17.33333333,3119
Wisconsin,Columbia,32.33333333,3120
Wisconsin,Crawford,15,3122
Wisconsin,Dane,262.4166667,3124
Wisconsin,Dodge,31.5,3126
Wisconsin,Door,19.08333333,3131
Wisconsin,Douglas,29.83333333,3134
Wisconsin,Dunn,22.91666667,3135
Wisconsin,Eau Claire,62.58333333,3137
Wisconsin,Florence,1,3138
Wisconsin,Fond du Lac,50.58333333,3140
Wisconsin,Forest,9,3141
Wisconsin,Grant,37,3143
Wisconsin,Green,23.66666667,3145
Wisconsin,Green Lake,11.5,3147
Wisconsin,Iowa,12,3148
Wisconsin,Iron,4.75,3151
Wisconsin,Jackson,8.166666667,3153
Wisconsin,Jefferson,43,3154
Wisconsin,Juneau,21.33333333,3156
Wisconsin,Kenosha,90.91666667,3158
Wisconsin,Kewaunee,9.583333333,3160
Wisconsin,La Crosse,62.41666667,3161
Wisconsin,Lafayette,5.583333333,3163
Wisconsin,Langlade,18.25,3165
Wisconsin,Lincoln,17.58333333,3166
Wisconsin,Manitowoc,34.41666667,3169
Wisconsin,Marathon,80.16666667,3170
Wisconsin,Marinette,24.91666667,3172
Wisconsin,Marquette,8.333333333,3174
Wisconsin,Menominee,4.083333333,3175
Wisconsin,Milwaukee,801.75,3177
Wisconsin,Monroe,31.83333333,3179
Wisconsin,Oconto,14.25,3181
Wisconsin,Oneida,21.25,3183
Wisconsin,Outagamie,90.5,3185
Wisconsin,Ozaukee,28.5,3186
Wisconsin,Pepin,4,3188
Wisconsin,Pierce,19.33333333,3189
Wisconsin,Polk,32.66666667,3191
Wisconsin,Portage,35.41666667,3192
Wisconsin,Price,13.33333333,3194
Wisconsin,Racine,134.3333333,3195
Wisconsin,Richland,10.5,3196
Wisconsin,Rock,113.5833333,3198
Wisconsin,Rusk,17.75,3199
Wisconsin,St. Croix,40.91666667,3200
Wisconsin,Sauk,41.5,3202
Wisconsin,Sawyer,15.58333333,3203
Wisconsin,Shawano,29.66666667,3205
Wisconsin,Sheboygan,66.83333333,3207
Wisconsin,Taylor,11.5,3208
Wisconsin,Trempealeau,20.91666667,3210
Wisconsin,Vernon,22.33333333,3213
Wisconsin,Vilas,11.66666667,3001
Wisconsin,Walworth,52.5,3003
Wisconsin,Washburn,13.16666667,3004
Wisconsin,Washington,48.16666667,3005
Wisconsin,Waukesha,158.0833333,3007
Wisconsin,Waupaca,34.91666667,3009
Wisconsin,Waushara,14.58333333,3010
Wisconsin,Winnebago,87.66666667,3012
Wisconsin,Wood,31.08333333,3014
Wyoming,Albany,10,3015
Wyoming,Big Horn,7.25,3018
Wyoming,Campbell,19.08333333,3020
Wyoming,Carbon,9.5,3022
Wyoming,Converse,6.416666667,3024
Wyoming,Crook,5,3025
Wyoming,Fremont,24.41666667,3028
Wyoming,Goshen,3.5,3030
Wyoming,Hot Springs,4.583333333,3032
Wyoming,Johnson,7.833333333,3033
Wyoming,Laramie,37.66666667,3035
Wyoming,Lincoln,12.5,3036
Wyoming,Natrona,42.58333333,3038
Wyoming,Niobrara,1,3040
Wyoming,Park,14.58333333,3043
Wyoming,Platte,5.416666667,3045
Wyoming,Sheridan,14.66666667,3047
Wyoming,Sublette,2.416666667,3049
Wyoming,Sweetwater,19.41666667,3051
Wyoming,Teton,5.25,3053
Wyoming,Uinta,11.66666667,3055
Wyoming,Washakie,5.666666667,3056
Wyoming,Weston,6.916666667,3058
